Region,CCGT,CCGT with CCS,OCGT (small GT),OCGT (large GT),Distributed Resources Solar,Distributed Resources Batteries,Biomass,Battery storage (1hr storage),Battery storage (2hrs storage),Battery storage (4hrs storage),Battery Storage (8hrs storage),Pumped Hydro (10hrs storage),Pumped Hydro (24hrs storage),Pumped Hydro (48hrs storage),Alkaline Electrolyser,BOTN - Cethana
Table Note Number,2.0,,2.0,,,,,,,,,3.0,,,,
QLD,110.49433333333297,110.49433333333297,110.49433333333332,110.49433333333332,0.0,0.0,110.49433333333332,103.36566666666667,103.36566666666667,103.36566666666667,103.36566666666667,110.49433333333332,110.49433333333332,110.49433333333332,110.49433333333332,0.0
NSW,85.544,85.544,85.544,85.544,0.0,0.0,85.544,77.52425,77.52425,77.52425,77.52425,85.544,85.544,85.544,85.544,0.0
VIC,80.19749999999999,80.19749999999999,115.4844,115.4844,0.0,0.0,115.4844,106.92999999999999,106.92999999999999,106.92999999999999,106.92999999999999,115.4844,115.4844,115.4844,115.4844,0.0
SA,110.49433333333332,110.49433333333332,110.49433333333332,110.49433333333332,0.0,0.0,110.49433333333332,103.36566666666667,103.36566666666667,103.36566666666667,103.36566666666667,110.49433333333332,110.49433333333332,110.49433333333332,110.49433333333332,0.0
TAS,115.4844,115.4844,115.4844,115.4844,0.0,0.0,115.4844,106.92999999999999,106.92999999999999,106.92999999999999,106.92999999999999,115.4844,115.4844,115.4844,115.4844,0.0
