Unnamed: 1,New South Wales,Queensland,South Australia,Tasmania,Victoria
"Value of customer reliability ($/MWh, real 2025)",31428.058294239727,26164.646009591754,33856.5438850329,19295.791367850383,36356.15666886186
