Technology,Unit nominal capacity (MW),No load heat input (GJ/h),Marginal heat rate (GJ/MWh)
OCGT (small GT),49.0,133.26693333333316,7.470500644286201
OCGT (large GT),265.0,720.7293333333324,8.211510347152009
CCGT,409.0,390.12757142857146,6.2953736263736255
CCGT with CCS,409.0,390.12757142857146,8.009278857142858
Biomass,30.0,39.79999999999993,16.04334412081985
Hydrogen reciprocating engines,17.6,0.0,11.703125
