Region,CCGT,CCGT with CCS,Small OCGT,Large OCGT,Reciprocating engines,Hydrogen Reciprocating engines,Biomass,1 hr Battery Storage,2 hr Battery Storage,4 hr Battery Storage,8 hr Battery Storage,Pumped Hydro3 (8 hrs storage),Pumped Hydro (24 hrs storage),Pumped Hydro (48 hrs storage),BOTN- Cethana
QLD,110.49433333333297,110.49433333333297,110.49433333333332,110.49433333333332,110.49433333333332,110.49433333333332,110.49433333333332,103.36566666666667,103.36566666666667,103.36566666666667,103.36566666666667,0,0,0,0
NSW,85.544,85.544,85.544,85.544,85.544,85.544,85.544,77.52425,77.52425,77.52425,77.52425,0,0,0,0
VIC,80.19749999999999,80.19749999999999,115.4844,115.4844,115.4844,115.4844,115.4844,106.92999999999999,106.92999999999999,106.92999999999999,106.92999999999999,0,0,0,0
SA,110.49433333333332,110.49433333333332,110.49433333333332,110.49433333333332,110.49433333333332,110.49433333333332,110.49433333333332,103.36566666666667,103.36566666666667,103.36566666666667,103.36566666666667,0,0,0,0
TAS,115.4844,115.4844,115.4844,115.4844,115.4844,115.4844,115.4844,106.92999999999999,106.92999999999999,106.92999999999999,106.92999999999999,0,0,0,0
