Technology,Heat rate (GJ/MWh)
OCGT (small GT),10.190233977619531
OCGT (large GT),10.93124368048534
CCGT,7.249230769230769
CCGT with CCS,8.963136
Biomass,17.370010787486514
Hydrogen reciprocating engines,11.703125
