Fuel Type,Full outage (% of time),Mean time to repair (hrs)
All Coal Average,0.9001590861024021,5621.528766731918
OCGT,0.7744286658788859,2561.7305333333334
Hydro,0.09648237633182907,2870.056
Other Gas and Liquid,0.488181464726289,6440.608749999984
