Unnamed: 1,New South Wales,Queensland,South Australia,Tasmania,Victoria
"Value of customer reliability ($/MWh, real 2023)",49215.654432465,46773.56711613424,50512.648174631104,37577.76463789351,48152.35325645496
