RowID,IASR ID / DLT names,Power Station,Technology Type,Region,Sub-region,REZ Location,REZ ID,Status,Regional build cost zone,Uptake,Fuel type,Fuel cost mapping,Maintenance duration (%),Forced outage rate_Full outage (% of time),Forced outage rate_Partial outage (% of time),Mean time to repair_Full outage,Mean time to repair_Partial outage,Minimum load (MW),Maximum capacity factor (%),FOM ($/kW/annum),VOM ($/MWh sent-out),Heat rate,Pumping efficiency (%),MLF,Auxiliary load (%),Connection cost_Technology,Connection cost_Region,Build limit_Technology,Build limit_Region,Total lead time
793,NQ SAT - Distributed Resources,NQ SAT - Distributed Resources,Distributed Resources Solar,QLD,NQ,Not Applicable,Not Applicable,New Entrant,NQ,NQ SAT - Distributed Resources,Solar,Solar,Large scale Solar PV,Large scale Solar PV,Large scale Solar PV,Large scale Solar PV,Large scale Solar PV,NQ SAT - Distributed Resources,Not Applicable,Distributed Resources Solar,Distributed Resources Solar,Distributed Resources Solar,Not Applicable,NE_NQ,Distributed Resources Solar,Distributed Resources Solar,NQ,Distributed Resources Solar,NQ,Distributed Resources Solar
794,CQ SAT - Distributed Resources,CQ SAT - Distributed Resources,Distributed Resources Solar,QLD,CQ,Not Applicable,Not Applicable,New Entrant,CQ,CQ SAT - Distributed Resources,Solar,Solar,Large scale Solar PV,Large scale Solar PV,Large scale Solar PV,Large scale Solar PV,Large scale Solar PV,CQ SAT - Distributed Resources,Not Applicable,Distributed Resources Solar,Distributed Resources Solar,Distributed Resources Solar,Not Applicable,NE_CQ,Distributed Resources Solar,Distributed Resources Solar,CQ,Distributed Resources Solar,CQ,Distributed Resources Solar
795,GG SAT - Distributed Resources,GG SAT - Distributed Resources,Distributed Resources Solar,QLD,GG,Not Applicable,Not Applicable,New Entrant,GG,GG SAT - Distributed Resources,Solar,Solar,Large scale Solar PV,Large scale Solar PV,Large scale Solar PV,Large scale Solar PV,Large scale Solar PV,GG SAT - Distributed Resources,Not Applicable,Distributed Resources Solar,Distributed Resources Solar,Distributed Resources Solar,Not Applicable,NE_GG,Distributed Resources Solar,Distributed Resources Solar,GG,Distributed Resources Solar,GG,Distributed Resources Solar
796,SQ SAT - Distributed Resources,SQ SAT - Distributed Resources,Distributed Resources Solar,QLD,SQ,Not Applicable,Not Applicable,New Entrant,SQ,SQ SAT - Distributed Resources,Solar,Solar,Large scale Solar PV,Large scale Solar PV,Large scale Solar PV,Large scale Solar PV,Large scale Solar PV,SQ SAT - Distributed Resources,Not Applicable,Distributed Resources Solar,Distributed Resources Solar,Distributed Resources Solar,Not Applicable,NE_SQ,Distributed Resources Solar,Distributed Resources Solar,SQ,Distributed Resources Solar,SQ,Distributed Resources Solar
797,NNSW SAT - Distributed Resources,NNSW SAT - Distributed Resources,Distributed Resources Solar,NSW,NNSW,Not Applicable,Not Applicable,New Entrant,NNSW,NNSW SAT - Distributed Resources,Solar,Solar,Large scale Solar PV,Large scale Solar PV,Large scale Solar PV,Large scale Solar PV,Large scale Solar PV,NNSW SAT - Distributed Resources,Not Applicable,Distributed Resources Solar,Distributed Resources Solar,Distributed Resources Solar,Not Applicable,NE_NNSW,Distributed Resources Solar,Distributed Resources Solar,NNSW,Distributed Resources Solar,NNSW,Distributed Resources Solar
798,CNSW SAT - Distributed Resources,CNSW SAT - Distributed Resources,Distributed Resources Solar,NSW,CNSW,Not Applicable,Not Applicable,New Entrant,CNSW,CNSW SAT - Distributed Resources,Solar,Solar,Large scale Solar PV,Large scale Solar PV,Large scale Solar PV,Large scale Solar PV,Large scale Solar PV,CNSW SAT - Distributed Resources,Not Applicable,Distributed Resources Solar,Distributed Resources Solar,Distributed Resources Solar,Not Applicable,NE_CNSW,Distributed Resources Solar,Distributed Resources Solar,CNSW,Distributed Resources Solar,CNSW,Distributed Resources Solar
799,SNW SAT - Distributed Resources,SNW SAT - Distributed Resources,Distributed Resources Solar,NSW,SNW,Not Applicable,Not Applicable,New Entrant,SNW,SNW SAT - Distributed Resources,Solar,Solar,Large scale Solar PV,Large scale Solar PV,Large scale Solar PV,Large scale Solar PV,Large scale Solar PV,SNW SAT - Distributed Resources,Not Applicable,Distributed Resources Solar,Distributed Resources Solar,Distributed Resources Solar,Not Applicable,NE_SNW,Distributed Resources Solar,Distributed Resources Solar,SNW,Distributed Resources Solar,SNW,Distributed Resources Solar
800,SNSW SAT - Distributed Resources,SNSW SAT - Distributed Resources,Distributed Resources Solar,NSW,SNSW,Not Applicable,Not Applicable,New Entrant,SNSW,SNSW SAT - Distributed Resources,Solar,Solar,Large scale Solar PV,Large scale Solar PV,Large scale Solar PV,Large scale Solar PV,Large scale Solar PV,SNSW SAT - Distributed Resources,Not Applicable,Distributed Resources Solar,Distributed Resources Solar,Distributed Resources Solar,Not Applicable,NE_SNSW,Distributed Resources Solar,Distributed Resources Solar,SNSW,Distributed Resources Solar,SNSW,Distributed Resources Solar
801,MEL SAT - Distributed Resources,MEL SAT - Distributed Resources,Distributed Resources Solar,VIC,MEL,Not Applicable,Not Applicable,New Entrant,MEL,MEL SAT - Distributed Resources,Solar,Solar,Large scale Solar PV,Large scale Solar PV,Large scale Solar PV,Large scale Solar PV,Large scale Solar PV,MEL SAT - Distributed Resources,Not Applicable,Distributed Resources Solar,Distributed Resources Solar,Distributed Resources Solar,Not Applicable,NE_VIC1,Distributed Resources Solar,Distributed Resources Solar,MEL,Distributed Resources Solar,MEL,Distributed Resources Solar
802,SEV SAT - Distributed Resources,SEV SAT - Distributed Resources,Distributed Resources Solar,VIC,SEV,Not Applicable,Not Applicable,New Entrant,SEV,SEV SAT - Distributed Resources,Solar,Solar,Large scale Solar PV,Large scale Solar PV,Large scale Solar PV,Large scale Solar PV,Large scale Solar PV,SEV SAT - Distributed Resources,Not Applicable,Distributed Resources Solar,Distributed Resources Solar,Distributed Resources Solar,Not Applicable,NE_VIC1,Distributed Resources Solar,Distributed Resources Solar,SEV,Distributed Resources Solar,SEV,Distributed Resources Solar
803,WNV SAT - Distributed Resources,WNV SAT - Distributed Resources,Distributed Resources Solar,VIC,WNV,Not Applicable,Not Applicable,New Entrant,WNV,WNV SAT - Distributed Resources,Solar,Solar,Large scale Solar PV,Large scale Solar PV,Large scale Solar PV,Large scale Solar PV,Large scale Solar PV,WNV SAT - Distributed Resources,Not Applicable,Distributed Resources Solar,Distributed Resources Solar,Distributed Resources Solar,Not Applicable,NE_VIC1,Distributed Resources Solar,Distributed Resources Solar,WNV,Distributed Resources Solar,WNV,Distributed Resources Solar
804,CSA SAT - Distributed Resources,CSA SAT - Distributed Resources,Distributed Resources Solar,SA,CSA,Not Applicable,Not Applicable,New Entrant,CSA,CSA SAT - Distributed Resources,Solar,Solar,Large scale Solar PV,Large scale Solar PV,Large scale Solar PV,Large scale Solar PV,Large scale Solar PV,CSA SAT - Distributed Resources,Not Applicable,Distributed Resources Solar,Distributed Resources Solar,Distributed Resources Solar,Not Applicable,NE_CSA,Distributed Resources Solar,Distributed Resources Solar,CSA,Distributed Resources Solar,CSA,Distributed Resources Solar
805,SESA SAT - Distributed Resources,SESA SAT - Distributed Resources,Distributed Resources Solar,SA,SESA,Not Applicable,Not Applicable,New Entrant,SESA,SESA SAT - Distributed Resources,Solar,Solar,Large scale Solar PV,Large scale Solar PV,Large scale Solar PV,Large scale Solar PV,Large scale Solar PV,SESA SAT - Distributed Resources,Not Applicable,Distributed Resources Solar,Distributed Resources Solar,Distributed Resources Solar,Not Applicable,NE_SESA,Distributed Resources Solar,Distributed Resources Solar,SESA,Distributed Resources Solar,SESA,Distributed Resources Solar
806,NSA SAT - Distributed Resources,NSA SAT - Distributed Resources,Distributed Resources Solar,SA,NSA,Not Applicable,Not Applicable,New Entrant,NSA,NSA SAT - Distributed Resources,Solar,Solar,Large scale Solar PV,Large scale Solar PV,Large scale Solar PV,Large scale Solar PV,Large scale Solar PV,NSA SAT - Distributed Resources,Not Applicable,Distributed Resources Solar,Distributed Resources Solar,Distributed Resources Solar,Not Applicable,NE_CSA,Distributed Resources Solar,Distributed Resources Solar,NSA,Distributed Resources Solar,NSA,Distributed Resources Solar
807,TAS SAT - Distributed Resources,TAS SAT - Distributed Resources,Distributed Resources Solar,TAS,TAS,Not Applicable,Not Applicable,New Entrant,TAS,TAS SAT - Distributed Resources,Solar,Solar,Large scale Solar PV,Large scale Solar PV,Large scale Solar PV,Large scale Solar PV,Large scale Solar PV,TAS SAT - Distributed Resources,Not Applicable,Distributed Resources Solar,Distributed Resources Solar,Distributed Resources Solar,Not Applicable,NE_TAS1,Distributed Resources Solar,Distributed Resources Solar,TAS,Distributed Resources Solar,TAS,Distributed Resources Solar
808,NQ Battery - Distributed Resources,NQ Battery - Distributed Resources,Distributed Resources Batteries,QLD,NQ,Not Applicable,Not Applicable,New Entrant,NQ,NQ Battery - Distributed Resources,Battery,Battery,Battery Storage (1hr storage),Battery Storage (1hr storage),Battery Storage (1hr storage),Battery Storage (1hr storage),Battery Storage (1hr storage),NQ Battery - Distributed Resources,Not Applicable,Distributed Resources Batteries,Distributed Resources Batteries,Distributed Resources Batteries,Not Applicable,NE_NQ,Distributed Resources Batteries,Distributed Resources Batteries,NQ,Distributed Resources Batteries,NQ,Distributed Resources Batteries
809,CQ Battery - Distributed Resources,CQ Battery - Distributed Resources,Distributed Resources Batteries,QLD,CQ,Not Applicable,Not Applicable,New Entrant,CQ,CQ Battery - Distributed Resources,Battery,Battery,Battery Storage (1hr storage),Battery Storage (1hr storage),Battery Storage (1hr storage),Battery Storage (1hr storage),Battery Storage (1hr storage),CQ Battery - Distributed Resources,Not Applicable,Distributed Resources Batteries,Distributed Resources Batteries,Distributed Resources Batteries,Not Applicable,NE_CQ,Distributed Resources Batteries,Distributed Resources Batteries,CQ,Distributed Resources Batteries,CQ,Distributed Resources Batteries
810,GG Battery - Distributed Resources,GG Battery - Distributed Resources,Distributed Resources Batteries,QLD,GG,Not Applicable,Not Applicable,New Entrant,GG,GG Battery - Distributed Resources,Battery,Battery,Battery Storage (1hr storage),Battery Storage (1hr storage),Battery Storage (1hr storage),Battery Storage (1hr storage),Battery Storage (1hr storage),GG Battery - Distributed Resources,Not Applicable,Distributed Resources Batteries,Distributed Resources Batteries,Distributed Resources Batteries,Not Applicable,NE_GG,Distributed Resources Batteries,Distributed Resources Batteries,GG,Distributed Resources Batteries,GG,Distributed Resources Batteries
811,SQ Battery - Distributed Resources,SQ Battery - Distributed Resources,Distributed Resources Batteries,QLD,SQ,Not Applicable,Not Applicable,New Entrant,SQ,SQ Battery - Distributed Resources,Battery,Battery,Battery Storage (1hr storage),Battery Storage (1hr storage),Battery Storage (1hr storage),Battery Storage (1hr storage),Battery Storage (1hr storage),SQ Battery - Distributed Resources,Not Applicable,Distributed Resources Batteries,Distributed Resources Batteries,Distributed Resources Batteries,Not Applicable,NE_SQ,Distributed Resources Batteries,Distributed Resources Batteries,SQ,Distributed Resources Batteries,SQ,Distributed Resources Batteries
812,NNSW Battery - Distributed Resources,NNSW Battery - Distributed Resources,Distributed Resources Batteries,NSW,NNSW,Not Applicable,Not Applicable,New Entrant,NNSW,NNSW Battery - Distributed Resources,Battery,Battery,Battery Storage (1hr storage),Battery Storage (1hr storage),Battery Storage (1hr storage),Battery Storage (1hr storage),Battery Storage (1hr storage),NNSW Battery - Distributed Resources,Not Applicable,Distributed Resources Batteries,Distributed Resources Batteries,Distributed Resources Batteries,Not Applicable,NE_NNSW,Distributed Resources Batteries,Distributed Resources Batteries,NNSW,Distributed Resources Batteries,NNSW,Distributed Resources Batteries
813,CNSW Battery - Distributed Resources,CNSW Battery - Distributed Resources,Distributed Resources Batteries,NSW,CNSW,Not Applicable,Not Applicable,New Entrant,CNSW,CNSW Battery - Distributed Resources,Battery,Battery,Battery Storage (1hr storage),Battery Storage (1hr storage),Battery Storage (1hr storage),Battery Storage (1hr storage),Battery Storage (1hr storage),CNSW Battery - Distributed Resources,Not Applicable,Distributed Resources Batteries,Distributed Resources Batteries,Distributed Resources Batteries,Not Applicable,NE_CNSW,Distributed Resources Batteries,Distributed Resources Batteries,CNSW,Distributed Resources Batteries,CNSW,Distributed Resources Batteries
814,SNW Battery - Distributed Resources,SNW Battery - Distributed Resources,Distributed Resources Batteries,NSW,SNW,Not Applicable,Not Applicable,New Entrant,SNW,SNW Battery - Distributed Resources,Battery,Battery,Battery Storage (1hr storage),Battery Storage (1hr storage),Battery Storage (1hr storage),Battery Storage (1hr storage),Battery Storage (1hr storage),SNW Battery - Distributed Resources,Not Applicable,Distributed Resources Batteries,Distributed Resources Batteries,Distributed Resources Batteries,Not Applicable,NE_SNW,Distributed Resources Batteries,Distributed Resources Batteries,SNW,Distributed Resources Batteries,SNW,Distributed Resources Batteries
815,SNSW Battery - Distributed Resources,SNSW Battery - Distributed Resources,Distributed Resources Batteries,NSW,SNSW,Not Applicable,Not Applicable,New Entrant,SNSW,SNSW Battery - Distributed Resources,Battery,Battery,Battery Storage (1hr storage),Battery Storage (1hr storage),Battery Storage (1hr storage),Battery Storage (1hr storage),Battery Storage (1hr storage),SNSW Battery - Distributed Resources,Not Applicable,Distributed Resources Batteries,Distributed Resources Batteries,Distributed Resources Batteries,Not Applicable,NE_SNSW,Distributed Resources Batteries,Distributed Resources Batteries,SNSW,Distributed Resources Batteries,SNSW,Distributed Resources Batteries
816,MEL Battery - Distributed Resources,MEL Battery - Distributed Resources,Distributed Resources Batteries,VIC,MEL,Not Applicable,Not Applicable,New Entrant,MEL,MEL Battery - Distributed Resources,Battery,Battery,Battery Storage (1hr storage),Battery Storage (1hr storage),Battery Storage (1hr storage),Battery Storage (1hr storage),Battery Storage (1hr storage),MEL Battery - Distributed Resources,Not Applicable,Distributed Resources Batteries,Distributed Resources Batteries,Distributed Resources Batteries,Not Applicable,NE_VIC1,Distributed Resources Batteries,Distributed Resources Batteries,MEL,Distributed Resources Batteries,MEL,Distributed Resources Batteries
817,SEV Battery - Distributed Resources,SEV Battery - Distributed Resources,Distributed Resources Batteries,VIC,SEV,Not Applicable,Not Applicable,New Entrant,SEV,SEV Battery - Distributed Resources,Battery,Battery,Battery Storage (1hr storage),Battery Storage (1hr storage),Battery Storage (1hr storage),Battery Storage (1hr storage),Battery Storage (1hr storage),SEV Battery - Distributed Resources,Not Applicable,Distributed Resources Batteries,Distributed Resources Batteries,Distributed Resources Batteries,Not Applicable,NE_VIC1,Distributed Resources Batteries,Distributed Resources Batteries,SEV,Distributed Resources Batteries,SEV,Distributed Resources Batteries
818,WNV Battery - Distributed Resources,WNV Battery - Distributed Resources,Distributed Resources Batteries,VIC,WNV,Not Applicable,Not Applicable,New Entrant,WNV,WNV Battery - Distributed Resources,Battery,Battery,Battery Storage (1hr storage),Battery Storage (1hr storage),Battery Storage (1hr storage),Battery Storage (1hr storage),Battery Storage (1hr storage),WNV Battery - Distributed Resources,Not Applicable,Distributed Resources Batteries,Distributed Resources Batteries,Distributed Resources Batteries,Not Applicable,NE_VIC1,Distributed Resources Batteries,Distributed Resources Batteries,WNV,Distributed Resources Batteries,WNV,Distributed Resources Batteries
819,CSA Battery - Distributed Resources,CSA Battery - Distributed Resources,Distributed Resources Batteries,SA,CSA,Not Applicable,Not Applicable,New Entrant,CSA,CSA Battery - Distributed Resources,Battery,Battery,Battery Storage (1hr storage),Battery Storage (1hr storage),Battery Storage (1hr storage),Battery Storage (1hr storage),Battery Storage (1hr storage),CSA Battery - Distributed Resources,Not Applicable,Distributed Resources Batteries,Distributed Resources Batteries,Distributed Resources Batteries,Not Applicable,NE_CSA,Distributed Resources Batteries,Distributed Resources Batteries,CSA,Distributed Resources Batteries,CSA,Distributed Resources Batteries
820,SESA Battery - Distributed Resources,SESA Battery - Distributed Resources,Distributed Resources Batteries,SA,SESA,Not Applicable,Not Applicable,New Entrant,SESA,SESA Battery - Distributed Resources,Battery,Battery,Battery Storage (1hr storage),Battery Storage (1hr storage),Battery Storage (1hr storage),Battery Storage (1hr storage),Battery Storage (1hr storage),SESA Battery - Distributed Resources,Not Applicable,Distributed Resources Batteries,Distributed Resources Batteries,Distributed Resources Batteries,Not Applicable,NE_SESA,Distributed Resources Batteries,Distributed Resources Batteries,SESA,Distributed Resources Batteries,SESA,Distributed Resources Batteries
821,NSA Battery - Distributed Resources,NSA Battery - Distributed Resources,Distributed Resources Batteries,SA,NSA,Not Applicable,Not Applicable,New Entrant,NSA,NSA Battery - Distributed Resources,Battery,Battery,Battery Storage (1hr storage),Battery Storage (1hr storage),Battery Storage (1hr storage),Battery Storage (1hr storage),Battery Storage (1hr storage),NSA Battery - Distributed Resources,Not Applicable,Distributed Resources Batteries,Distributed Resources Batteries,Distributed Resources Batteries,Not Applicable,NE_CSA,Distributed Resources Batteries,Distributed Resources Batteries,NSA,Distributed Resources Batteries,NSA,Distributed Resources Batteries
822,TAS Battery - Distributed Resources,TAS Battery - Distributed Resources,Distributed Resources Batteries,TAS,TAS,Not Applicable,Not Applicable,New Entrant,TAS,TAS Battery - Distributed Resources,Battery,Battery,Battery Storage (1hr storage),Battery Storage (1hr storage),Battery Storage (1hr storage),Battery Storage (1hr storage),Battery Storage (1hr storage),TAS Battery - Distributed Resources,Not Applicable,Distributed Resources Batteries,Distributed Resources Batteries,Distributed Resources Batteries,Not Applicable,NE_TAS1,Distributed Resources Batteries,Distributed Resources Batteries,TAS,Distributed Resources Batteries,TAS,Distributed Resources Batteries
823,NQ OCGT Small,NQ OCGT Small,OCGT (small GT),QLD,NQ,Not Applicable,Not Applicable,New Entrant,NQ,NQ OCGT Small,Gas,NQ new OCGT,OCGT (small GT),OCGT (small GT),OCGT (small GT),OCGT (small GT),OCGT (small GT),NQ OCGT Small,Not Applicable,OCGT (small GT),OCGT (small GT),OCGT (small GT),Not Applicable,NE_NQ,OCGT (small GT),OCGT (small GT),NQ,OCGT (small GT),NQ,OCGT (small GT)
824,CQ OCGT Small,CQ OCGT Small,OCGT (small GT),QLD,CQ,Not Applicable,Not Applicable,New Entrant,CQ,CQ OCGT Small,Gas,CQ new OCGT,OCGT (small GT),OCGT (small GT),OCGT (small GT),OCGT (small GT),OCGT (small GT),CQ OCGT Small,Not Applicable,OCGT (small GT),OCGT (small GT),OCGT (small GT),Not Applicable,NE_CQ,OCGT (small GT),OCGT (small GT),CQ,OCGT (small GT),CQ,OCGT (small GT)
825,GG OCGT Small,GG OCGT Small,OCGT (small GT),QLD,GG,Not Applicable,Not Applicable,New Entrant,GG,GG OCGT Small,Gas,GG new OCGT,OCGT (small GT),OCGT (small GT),OCGT (small GT),OCGT (small GT),OCGT (small GT),GG OCGT Small,Not Applicable,OCGT (small GT),OCGT (small GT),OCGT (small GT),Not Applicable,NE_GG,OCGT (small GT),OCGT (small GT),GG,OCGT (small GT),GG,OCGT (small GT)
826,SQ OCGT Small,SQ OCGT Small,OCGT (small GT),QLD,SQ,Not Applicable,Not Applicable,New Entrant,SQ,SQ OCGT Small,Gas,SQ new OCGT,OCGT (small GT),OCGT (small GT),OCGT (small GT),OCGT (small GT),OCGT (small GT),SQ OCGT Small,Not Applicable,OCGT (small GT),OCGT (small GT),OCGT (small GT),Not Applicable,NE_SQ,OCGT (small GT),OCGT (small GT),SQ,OCGT (small GT),SQ,OCGT (small GT)
827,NNSW OCGT Small,NNSW OCGT Small,OCGT (small GT),NSW,NNSW,Not Applicable,Not Applicable,New Entrant,NNSW,NNSW OCGT Small,Gas,NNSW new OCGT,OCGT (small GT),OCGT (small GT),OCGT (small GT),OCGT (small GT),OCGT (small GT),NNSW OCGT Small,Not Applicable,OCGT (small GT),OCGT (small GT),OCGT (small GT),Not Applicable,NE_NNSW,OCGT (small GT),OCGT (small GT),NNSW,OCGT (small GT),NNSW,OCGT (small GT)
828,CNSW OCGT Small,CNSW OCGT Small,OCGT (small GT),NSW,CNSW,Not Applicable,Not Applicable,New Entrant,CNSW,CNSW OCGT Small,Gas,CNSW new OCGT,OCGT (small GT),OCGT (small GT),OCGT (small GT),OCGT (small GT),OCGT (small GT),CNSW OCGT Small,Not Applicable,OCGT (small GT),OCGT (small GT),OCGT (small GT),Not Applicable,NE_CNSW,OCGT (small GT),OCGT (small GT),CNSW,OCGT (small GT),CNSW,OCGT (small GT)
829,SNW OCGT Small,SNW OCGT Small,OCGT (small GT),NSW,SNW,Not Applicable,Not Applicable,New Entrant,SNW,SNW OCGT Small,Gas,SNW new OCGT,OCGT (small GT),OCGT (small GT),OCGT (small GT),OCGT (small GT),OCGT (small GT),SNW OCGT Small,Not Applicable,OCGT (small GT),OCGT (small GT),OCGT (small GT),Not Applicable,NE_SNW,OCGT (small GT),OCGT (small GT),SNW,OCGT (small GT),SNW,OCGT (small GT)
830,WOO OCGT Small,WOO OCGT Small,OCGT (small GT),NSW,CNSW,Not Applicable,Not Applicable,New Entrant,CNSW,WOO OCGT Small,Gas,CNSW new OCGT,OCGT (small GT),OCGT (small GT),OCGT (small GT),OCGT (small GT),OCGT (small GT),WOO OCGT Small,Not Applicable,OCGT (small GT),OCGT (small GT),OCGT (small GT),Not Applicable,SE_SNW,OCGT (small GT),OCGT (small GT),SNW,OCGT (small GT),CNSW,OCGT (small GT)
831,SNSW OCGT Small,SNSW OCGT Small,OCGT (small GT),NSW,SNSW,Not Applicable,Not Applicable,New Entrant,SNSW,SNSW OCGT Small,Gas,SNSW new OCGT,OCGT (small GT),OCGT (small GT),OCGT (small GT),OCGT (small GT),OCGT (small GT),SNSW OCGT Small,Not Applicable,OCGT (small GT),OCGT (small GT),OCGT (small GT),Not Applicable,NE_SNSW,OCGT (small GT),OCGT (small GT),SNSW,OCGT (small GT),SNSW,OCGT (small GT)
832,MEL OCGT Small,MEL OCGT Small,OCGT (small GT),VIC,MEL,Not Applicable,Not Applicable,New Entrant,MEL,MEL OCGT Small,Gas,MEL new OCGT,OCGT (small GT),OCGT (small GT),OCGT (small GT),OCGT (small GT),OCGT (small GT),MEL OCGT Small,Not Applicable,OCGT (small GT),OCGT (small GT),OCGT (small GT),Not Applicable,NE_VIC1,OCGT (small GT),OCGT (small GT),MEL,OCGT (small GT),MEL,OCGT (small GT)
833,SEV OCGT Small,SEV OCGT Small,OCGT (small GT),VIC,SEV,Not Applicable,Not Applicable,New Entrant,SEV,SEV OCGT Small,Gas,SEV new OCGT,OCGT (small GT),OCGT (small GT),OCGT (small GT),OCGT (small GT),OCGT (small GT),SEV OCGT Small,Not Applicable,OCGT (small GT),OCGT (small GT),OCGT (small GT),Not Applicable,NE_VIC1,OCGT (small GT),OCGT (small GT),SEV,OCGT (small GT),SEV,OCGT (small GT)
834,WNV OCGT Small,WNV OCGT Small,OCGT (small GT),VIC,WNV,Not Applicable,Not Applicable,New Entrant,WNV,WNV OCGT Small,Gas,WNV new OCGT,OCGT (small GT),OCGT (small GT),OCGT (small GT),OCGT (small GT),OCGT (small GT),WNV OCGT Small,Not Applicable,OCGT (small GT),OCGT (small GT),OCGT (small GT),Not Applicable,NE_VIC1,OCGT (small GT),OCGT (small GT),WNV,OCGT (small GT),WNV,OCGT (small GT)
835,CSA OCGT Small,CSA OCGT Small,OCGT (small GT),SA,CSA,Not Applicable,Not Applicable,New Entrant,CSA,CSA OCGT Small,Gas,CSA new OCGT,OCGT (small GT),OCGT (small GT),OCGT (small GT),OCGT (small GT),OCGT (small GT),CSA OCGT Small,Not Applicable,OCGT (small GT),OCGT (small GT),OCGT (small GT),Not Applicable,NE_CSA,OCGT (small GT),OCGT (small GT),CSA,OCGT (small GT),CSA,OCGT (small GT)
836,SESA OCGT Small,SESA OCGT Small,OCGT (small GT),SA,SESA,Not Applicable,Not Applicable,New Entrant,SESA,SESA OCGT Small,Gas,SESA new OCGT,OCGT (small GT),OCGT (small GT),OCGT (small GT),OCGT (small GT),OCGT (small GT),SESA OCGT Small,Not Applicable,OCGT (small GT),OCGT (small GT),OCGT (small GT),Not Applicable,NE_SESA,OCGT (small GT),OCGT (small GT),SESA,OCGT (small GT),SESA,OCGT (small GT)
837,NSA OCGT Small,NSA OCGT Small,OCGT (small GT),SA,NSA,Not Applicable,Not Applicable,New Entrant,NSA,NSA OCGT Small,Gas,NSA new OCGT,OCGT (small GT),OCGT (small GT),OCGT (small GT),OCGT (small GT),OCGT (small GT),NSA OCGT Small,Not Applicable,OCGT (small GT),OCGT (small GT),OCGT (small GT),Not Applicable,NE_CSA,OCGT (small GT),OCGT (small GT),NSA,OCGT (small GT),NSA,OCGT (small GT)
838,TAS OCGT Small,TAS OCGT Small,OCGT (small GT),TAS,TAS,Not Applicable,Not Applicable,New Entrant,TAS,TAS OCGT Small,Gas,TAS new OCGT,OCGT (small GT),OCGT (small GT),OCGT (small GT),OCGT (small GT),OCGT (small GT),TAS OCGT Small,Not Applicable,OCGT (small GT),OCGT (small GT),OCGT (small GT),Not Applicable,NE_TAS1,OCGT (small GT),OCGT (small GT),TAS,OCGT (small GT),TAS,OCGT (small GT)
839,NQ OCGT Large,NQ OCGT Large,OCGT (large GT),QLD,NQ,Not Applicable,Not Applicable,New Entrant,NQ,NQ OCGT Large,Gas,NQ new OCGT,OCGT (large GT),OCGT (large GT),OCGT (large GT),OCGT (large GT),OCGT (large GT),NQ OCGT Large,Not Applicable,OCGT (large GT),OCGT (large GT),OCGT (large GT),Not Applicable,NE_NQ,OCGT (large GT),OCGT (large GT),NQ,OCGT (large GT),NQ,OCGT (large GT)
840,CQ OCGT Large,CQ OCGT Large,OCGT (large GT),QLD,CQ,Not Applicable,Not Applicable,New Entrant,CQ,CQ OCGT Large,Gas,CQ new OCGT,OCGT (large GT),OCGT (large GT),OCGT (large GT),OCGT (large GT),OCGT (large GT),CQ OCGT Large,Not Applicable,OCGT (large GT),OCGT (large GT),OCGT (large GT),Not Applicable,NE_CQ,OCGT (large GT),OCGT (large GT),CQ,OCGT (large GT),CQ,OCGT (large GT)
841,GG OCGT Large,GG OCGT Large,OCGT (large GT),QLD,GG,Not Applicable,Not Applicable,New Entrant,GG,GG OCGT Large,Gas,GG new OCGT,OCGT (large GT),OCGT (large GT),OCGT (large GT),OCGT (large GT),OCGT (large GT),GG OCGT Large,Not Applicable,OCGT (large GT),OCGT (large GT),OCGT (large GT),Not Applicable,NE_GG,OCGT (large GT),OCGT (large GT),GG,OCGT (large GT),GG,OCGT (large GT)
842,SQ OCGT Large,SQ OCGT Large,OCGT (large GT),QLD,SQ,Not Applicable,Not Applicable,New Entrant,SQ,SQ OCGT Large,Gas,SQ new OCGT,OCGT (large GT),OCGT (large GT),OCGT (large GT),OCGT (large GT),OCGT (large GT),SQ OCGT Large,Not Applicable,OCGT (large GT),OCGT (large GT),OCGT (large GT),Not Applicable,NE_SQ,OCGT (large GT),OCGT (large GT),SQ,OCGT (large GT),SQ,OCGT (large GT)
843,NNSW OCGT Large,NNSW OCGT Large,OCGT (large GT),NSW,NNSW,Not Applicable,Not Applicable,New Entrant,NNSW,NNSW OCGT Large,Gas,NNSW new OCGT,OCGT (large GT),OCGT (large GT),OCGT (large GT),OCGT (large GT),OCGT (large GT),NNSW OCGT Large,Not Applicable,OCGT (large GT),OCGT (large GT),OCGT (large GT),Not Applicable,NE_NNSW,OCGT (large GT),OCGT (large GT),NNSW,OCGT (large GT),NNSW,OCGT (large GT)
844,CNSW OCGT Large,CNSW OCGT Large,OCGT (large GT),NSW,CNSW,Not Applicable,Not Applicable,New Entrant,CNSW,CNSW OCGT Large,Gas,CNSW new OCGT,OCGT (large GT),OCGT (large GT),OCGT (large GT),OCGT (large GT),OCGT (large GT),CNSW OCGT Large,Not Applicable,OCGT (large GT),OCGT (large GT),OCGT (large GT),Not Applicable,NE_CNSW,OCGT (large GT),OCGT (large GT),CNSW,OCGT (large GT),CNSW,OCGT (large GT)
845,SNW OCGT Large,SNW OCGT Large,OCGT (large GT),NSW,SNW,Not Applicable,Not Applicable,New Entrant,SNW,SNW OCGT Large,Gas,SNW new OCGT,OCGT (large GT),OCGT (large GT),OCGT (large GT),OCGT (large GT),OCGT (large GT),SNW OCGT Large,Not Applicable,OCGT (large GT),OCGT (large GT),OCGT (large GT),Not Applicable,NE_SNW,OCGT (large GT),OCGT (large GT),SNW,OCGT (large GT),SNW,OCGT (large GT)
846,WOO OCGT Large,WOO OCGT Large,OCGT (large GT),NSW,CNSW,Not Applicable,Not Applicable,New Entrant,CNSW,WOO OCGT Large,Gas,CNSW new OCGT,OCGT (large GT),OCGT (large GT),OCGT (large GT),OCGT (large GT),OCGT (large GT),WOO OCGT Large,Not Applicable,OCGT (large GT),OCGT (large GT),OCGT (large GT),Not Applicable,SE_SNW,OCGT (large GT),OCGT (large GT),SNW,OCGT (large GT),CNSW,OCGT (large GT)
847,SNSW OCGT Large,SNSW OCGT Large,OCGT (large GT),NSW,SNSW,Not Applicable,Not Applicable,New Entrant,SNSW,SNSW OCGT Large,Gas,SNSW new OCGT,OCGT (large GT),OCGT (large GT),OCGT (large GT),OCGT (large GT),OCGT (large GT),SNSW OCGT Large,Not Applicable,OCGT (large GT),OCGT (large GT),OCGT (large GT),Not Applicable,NE_SNSW,OCGT (large GT),OCGT (large GT),SNSW,OCGT (large GT),SNSW,OCGT (large GT)
848,MEL OCGT Large,MEL OCGT Large,OCGT (large GT),VIC,MEL,Not Applicable,Not Applicable,New Entrant,MEL,MEL OCGT Large,Gas,MEL new OCGT,OCGT (large GT),OCGT (large GT),OCGT (large GT),OCGT (large GT),OCGT (large GT),MEL OCGT Large,Not Applicable,OCGT (large GT),OCGT (large GT),OCGT (large GT),Not Applicable,NE_VIC1,OCGT (large GT),OCGT (large GT),MEL,OCGT (large GT),MEL,OCGT (large GT)
849,SEV OCGT Large,SEV OCGT Large,OCGT (large GT),VIC,SEV,Not Applicable,Not Applicable,New Entrant,SEV,SEV OCGT Large,Gas,SEV new OCGT,OCGT (large GT),OCGT (large GT),OCGT (large GT),OCGT (large GT),OCGT (large GT),SEV OCGT Large,Not Applicable,OCGT (large GT),OCGT (large GT),OCGT (large GT),Not Applicable,NE_VIC1,OCGT (large GT),OCGT (large GT),SEV,OCGT (large GT),SEV,OCGT (large GT)
850,WNV OCGT Large,WNV OCGT Large,OCGT (large GT),VIC,WNV,Not Applicable,Not Applicable,New Entrant,WNV,WNV OCGT Large,Gas,WNV new OCGT,OCGT (large GT),OCGT (large GT),OCGT (large GT),OCGT (large GT),OCGT (large GT),WNV OCGT Large,Not Applicable,OCGT (large GT),OCGT (large GT),OCGT (large GT),Not Applicable,NE_VIC1,OCGT (large GT),OCGT (large GT),WNV,OCGT (large GT),WNV,OCGT (large GT)
851,CSA OCGT Large,CSA OCGT Large,OCGT (large GT),SA,CSA,Not Applicable,Not Applicable,New Entrant,CSA,CSA OCGT Large,Gas,CSA new OCGT,OCGT (large GT),OCGT (large GT),OCGT (large GT),OCGT (large GT),OCGT (large GT),CSA OCGT Large,Not Applicable,OCGT (large GT),OCGT (large GT),OCGT (large GT),Not Applicable,NE_CSA,OCGT (large GT),OCGT (large GT),CSA,OCGT (large GT),CSA,OCGT (large GT)
852,SESA OCGT Large,SESA OCGT Large,OCGT (large GT),SA,SESA,Not Applicable,Not Applicable,New Entrant,SESA,SESA OCGT Large,Gas,SESA new OCGT,OCGT (large GT),OCGT (large GT),OCGT (large GT),OCGT (large GT),OCGT (large GT),SESA OCGT Large,Not Applicable,OCGT (large GT),OCGT (large GT),OCGT (large GT),Not Applicable,NE_SESA,OCGT (large GT),OCGT (large GT),SESA,OCGT (large GT),SESA,OCGT (large GT)
853,NSA OCGT Large,NSA OCGT Large,OCGT (large GT),SA,NSA,Not Applicable,Not Applicable,New Entrant,NSA,NSA OCGT Large,Gas,NSA new OCGT,OCGT (large GT),OCGT (large GT),OCGT (large GT),OCGT (large GT),OCGT (large GT),NSA OCGT Large,Not Applicable,OCGT (large GT),OCGT (large GT),OCGT (large GT),Not Applicable,NE_CSA,OCGT (large GT),OCGT (large GT),NSA,OCGT (large GT),NSA,OCGT (large GT)
854,TAS OCGT Large,TAS OCGT Large,OCGT (large GT),TAS,TAS,Not Applicable,Not Applicable,New Entrant,TAS,TAS OCGT Large,Gas,TAS new OCGT,OCGT (large GT),OCGT (large GT),OCGT (large GT),OCGT (large GT),OCGT (large GT),TAS OCGT Large,Not Applicable,OCGT (large GT),OCGT (large GT),OCGT (large GT),Not Applicable,NE_TAS1,OCGT (large GT),OCGT (large GT),TAS,OCGT (large GT),TAS,OCGT (large GT)
855,NQ CCGT,NQ CCGT,CCGT,QLD,NQ,Not Applicable,Not Applicable,New Entrant,NQ,NQ CCGT,Gas,NQ new CCGT,CCGT,CCGT,CCGT,CCGT,CCGT,NQ CCGT,Not Applicable,CCGT,CCGT,CCGT,Not Applicable,NE_NQ,CCGT,CCGT,NQ,CCGT,NQ,CCGT
856,CQ CCGT,CQ CCGT,CCGT,QLD,CQ,Not Applicable,Not Applicable,New Entrant,CQ,CQ CCGT,Gas,CQ new CCGT,CCGT,CCGT,CCGT,CCGT,CCGT,CQ CCGT,Not Applicable,CCGT,CCGT,CCGT,Not Applicable,NE_CQ,CCGT,CCGT,CQ,CCGT,CQ,CCGT
857,GG CCGT,GG CCGT,CCGT,QLD,GG,Not Applicable,Not Applicable,New Entrant,GG,GG CCGT,Gas,GG new CCGT,CCGT,CCGT,CCGT,CCGT,CCGT,GG CCGT,Not Applicable,CCGT,CCGT,CCGT,Not Applicable,NE_GG,CCGT,CCGT,GG,CCGT,GG,CCGT
858,SQ CCGT,SQ CCGT,CCGT,QLD,SQ,Not Applicable,Not Applicable,New Entrant,SQ,SQ CCGT,Gas,SQ new CCGT,CCGT,CCGT,CCGT,CCGT,CCGT,SQ CCGT,Not Applicable,CCGT,CCGT,CCGT,Not Applicable,NE_SQ,CCGT,CCGT,SQ,CCGT,SQ,CCGT
859,NNSW CCGT,NNSW CCGT,CCGT,NSW,NNSW,Not Applicable,Not Applicable,New Entrant,NNSW,NNSW CCGT,Gas,NNSW new CCGT,CCGT,CCGT,CCGT,CCGT,CCGT,NNSW CCGT,Not Applicable,CCGT,CCGT,CCGT,Not Applicable,NE_NNSW,CCGT,CCGT,NNSW,CCGT,NNSW,CCGT
860,CNSW CCGT,CNSW CCGT,CCGT,NSW,CNSW,Not Applicable,Not Applicable,New Entrant,CNSW,CNSW CCGT,Gas,CNSW new CCGT,CCGT,CCGT,CCGT,CCGT,CCGT,CNSW CCGT,Not Applicable,CCGT,CCGT,CCGT,Not Applicable,NE_CNSW,CCGT,CCGT,CNSW,CCGT,CNSW,CCGT
861,SNW CCGT,SNW CCGT,CCGT,NSW,SNW,Not Applicable,Not Applicable,New Entrant,SNW,SNW CCGT,Gas,SNW new CCGT,CCGT,CCGT,CCGT,CCGT,CCGT,SNW CCGT,Not Applicable,CCGT,CCGT,CCGT,Not Applicable,NE_SNW,CCGT,CCGT,SNW,CCGT,SNW,CCGT
862,WOO CCGT,WOO CCGT,CCGT,NSW,CNSW,Not Applicable,Not Applicable,New Entrant,CNSW,WOO CCGT,Gas,CNSW new CCGT,CCGT,CCGT,CCGT,CCGT,CCGT,WOO CCGT,Not Applicable,CCGT,CCGT,CCGT,Not Applicable,SE_SNW,CCGT,CCGT,SNW,CCGT,CNSW,CCGT
863,SNSW CCGT,SNSW CCGT,CCGT,NSW,SNSW,Not Applicable,Not Applicable,New Entrant,SNSW,SNSW CCGT,Gas,SNSW new CCGT,CCGT,CCGT,CCGT,CCGT,CCGT,SNSW CCGT,Not Applicable,CCGT,CCGT,CCGT,Not Applicable,NE_SNSW,CCGT,CCGT,SNSW,CCGT,SNSW,CCGT
864,MEL CCGT,MEL CCGT,CCGT,VIC,MEL,Not Applicable,Not Applicable,New Entrant,MEL,MEL CCGT,Gas,MEL new CCGT,CCGT,CCGT,CCGT,CCGT,CCGT,MEL CCGT,Not Applicable,CCGT,CCGT,CCGT,Not Applicable,NE_VIC1,CCGT,CCGT,MEL,CCGT,MEL,CCGT
865,SEV CCGT,SEV CCGT,CCGT,VIC,SEV,Not Applicable,Not Applicable,New Entrant,SEV,SEV CCGT,Gas,SEV new CCGT,CCGT,CCGT,CCGT,CCGT,CCGT,SEV CCGT,Not Applicable,CCGT,CCGT,CCGT,Not Applicable,NE_VIC1,CCGT,CCGT,SEV,CCGT,SEV,CCGT
866,WNV CCGT,WNV CCGT,CCGT,VIC,WNV,Not Applicable,Not Applicable,New Entrant,WNV,WNV CCGT,Gas,WNV new CCGT,CCGT,CCGT,CCGT,CCGT,CCGT,WNV CCGT,Not Applicable,CCGT,CCGT,CCGT,Not Applicable,NE_VIC1,CCGT,CCGT,WNV,CCGT,WNV,CCGT
867,CSA CCGT,CSA CCGT,CCGT,SA,CSA,Not Applicable,Not Applicable,New Entrant,CSA,CSA CCGT,Gas,CSA new CCGT,CCGT,CCGT,CCGT,CCGT,CCGT,CSA CCGT,Not Applicable,CCGT,CCGT,CCGT,Not Applicable,NE_CSA,CCGT,CCGT,CSA,CCGT,CSA,CCGT
868,SESA CCGT,SESA CCGT,CCGT,SA,SESA,Not Applicable,Not Applicable,New Entrant,SESA,SESA CCGT,Gas,SESA new CCGT,CCGT,CCGT,CCGT,CCGT,CCGT,SESA CCGT,Not Applicable,CCGT,CCGT,CCGT,Not Applicable,NE_SESA,CCGT,CCGT,SESA,CCGT,SESA,CCGT
869,NSA CCGT,NSA CCGT,CCGT,SA,NSA,Not Applicable,Not Applicable,New Entrant,NSA,NSA CCGT,Gas,NSA new CCGT,CCGT,CCGT,CCGT,CCGT,CCGT,NSA CCGT,Not Applicable,CCGT,CCGT,CCGT,Not Applicable,NE_CSA,CCGT,CCGT,NSA,CCGT,NSA,CCGT
870,TAS CCGT,TAS CCGT,CCGT,TAS,TAS,Not Applicable,Not Applicable,New Entrant,TAS,TAS CCGT,Gas,TAS new CCGT,CCGT,CCGT,CCGT,CCGT,CCGT,TAS CCGT,Not Applicable,CCGT,CCGT,CCGT,Not Applicable,NE_TAS1,CCGT,CCGT,TAS,CCGT,TAS,CCGT
871,NQ CCGT with CCS,NQ CCGT with CCS,CCGT with CCS,QLD,NQ,Not Applicable,Not Applicable,New Entrant,NQ,NQ CCGT with CCS,Gas,NQ new CCGT,CCGT with CCS,CCGT with CCS,CCGT with CCS,CCGT with CCS,CCGT with CCS,NQ CCGT with CCS,Not Applicable,CCGT with CCS,CCGT with CCS,CCGT with CCS,Not Applicable,NE_NQ,CCGT with CCS,CCGT with CCS,NQ,CCGT with CCS,NQ,CCGT with CCS
872,CQ CCGT with CCS,CQ CCGT with CCS,CCGT with CCS,QLD,CQ,Not Applicable,Not Applicable,New Entrant,CQ,CQ CCGT with CCS,Gas,CQ new CCGT,CCGT with CCS,CCGT with CCS,CCGT with CCS,CCGT with CCS,CCGT with CCS,CQ CCGT with CCS,Not Applicable,CCGT with CCS,CCGT with CCS,CCGT with CCS,Not Applicable,NE_CQ,CCGT with CCS,CCGT with CCS,CQ,CCGT with CCS,CQ,CCGT with CCS
873,GG CCGT with CCS,GG CCGT with CCS,CCGT with CCS,QLD,GG,Not Applicable,Not Applicable,New Entrant,GG,GG CCGT with CCS,Gas,GG new CCGT,CCGT with CCS,CCGT with CCS,CCGT with CCS,CCGT with CCS,CCGT with CCS,GG CCGT with CCS,Not Applicable,CCGT with CCS,CCGT with CCS,CCGT with CCS,Not Applicable,NE_GG,CCGT with CCS,CCGT with CCS,GG,CCGT with CCS,GG,CCGT with CCS
874,SQ CCGT with CCS,SQ CCGT with CCS,CCGT with CCS,QLD,SQ,Not Applicable,Not Applicable,New Entrant,SQ,SQ CCGT with CCS,Gas,SQ new CCGT,CCGT with CCS,CCGT with CCS,CCGT with CCS,CCGT with CCS,CCGT with CCS,SQ CCGT with CCS,Not Applicable,CCGT with CCS,CCGT with CCS,CCGT with CCS,Not Applicable,NE_SQ,CCGT with CCS,CCGT with CCS,SQ,CCGT with CCS,SQ,CCGT with CCS
875,NNSW CCGT with CCS,NNSW CCGT with CCS,CCGT with CCS,NSW,NNSW,Not Applicable,Not Applicable,New Entrant,NNSW,NNSW CCGT with CCS,Gas,NNSW new CCGT,CCGT with CCS,CCGT with CCS,CCGT with CCS,CCGT with CCS,CCGT with CCS,NNSW CCGT with CCS,Not Applicable,CCGT with CCS,CCGT with CCS,CCGT with CCS,Not Applicable,NE_NNSW,CCGT with CCS,CCGT with CCS,NNSW,CCGT with CCS,NNSW,CCGT with CCS
876,CNSW CCGT with CCS,CNSW CCGT with CCS,CCGT with CCS,NSW,CNSW,Not Applicable,Not Applicable,New Entrant,CNSW,CNSW CCGT with CCS,Gas,CNSW new CCGT,CCGT with CCS,CCGT with CCS,CCGT with CCS,CCGT with CCS,CCGT with CCS,CNSW CCGT with CCS,Not Applicable,CCGT with CCS,CCGT with CCS,CCGT with CCS,Not Applicable,NE_CNSW,CCGT with CCS,CCGT with CCS,CNSW,CCGT with CCS,CNSW,CCGT with CCS
877,SNW CCGT with CCS,SNW CCGT with CCS,CCGT with CCS,NSW,SNW,Not Applicable,Not Applicable,New Entrant,SNW,SNW CCGT with CCS,Gas,SNW new CCGT,CCGT with CCS,CCGT with CCS,CCGT with CCS,CCGT with CCS,CCGT with CCS,SNW CCGT with CCS,Not Applicable,CCGT with CCS,CCGT with CCS,CCGT with CCS,Not Applicable,NE_SNW,CCGT with CCS,CCGT with CCS,SNW,CCGT with CCS,SNW,CCGT with CCS
878,WOO CCGT with CCS,WOO CCGT with CCS,CCGT with CCS,NSW,CNSW,Not Applicable,Not Applicable,New Entrant,CNSW,WOO CCGT with CCS,Gas,CNSW new CCGT,CCGT with CCS,CCGT with CCS,CCGT with CCS,CCGT with CCS,CCGT with CCS,WOO CCGT with CCS,Not Applicable,CCGT with CCS,CCGT with CCS,CCGT with CCS,Not Applicable,SE_SNW,CCGT with CCS,CCGT with CCS,SNW,CCGT with CCS,CNSW,CCGT with CCS
879,SNSW CCGT with CCS,SNSW CCGT with CCS,CCGT with CCS,NSW,SNSW,Not Applicable,Not Applicable,New Entrant,SNSW,SNSW CCGT with CCS,Gas,SNSW new CCGT,CCGT with CCS,CCGT with CCS,CCGT with CCS,CCGT with CCS,CCGT with CCS,SNSW CCGT with CCS,Not Applicable,CCGT with CCS,CCGT with CCS,CCGT with CCS,Not Applicable,NE_SNSW,CCGT with CCS,CCGT with CCS,SNSW,CCGT with CCS,SNSW,CCGT with CCS
880,MEL CCGT with CCS,MEL CCGT with CCS,CCGT with CCS,VIC,MEL,Not Applicable,Not Applicable,New Entrant,MEL,MEL CCGT with CCS,Gas,MEL new CCGT,CCGT with CCS,CCGT with CCS,CCGT with CCS,CCGT with CCS,CCGT with CCS,MEL CCGT with CCS,Not Applicable,CCGT with CCS,CCGT with CCS,CCGT with CCS,Not Applicable,NE_VIC1,CCGT with CCS,CCGT with CCS,MEL,CCGT with CCS,MEL,CCGT with CCS
881,SEV CCGT with CCS,SEV CCGT with CCS,CCGT with CCS,VIC,SEV,Not Applicable,Not Applicable,New Entrant,SEV,SEV CCGT with CCS,Gas,SEV new CCGT,CCGT with CCS,CCGT with CCS,CCGT with CCS,CCGT with CCS,CCGT with CCS,SEV CCGT with CCS,Not Applicable,CCGT with CCS,CCGT with CCS,CCGT with CCS,Not Applicable,NE_VIC1,CCGT with CCS,CCGT with CCS,SEV,CCGT with CCS,SEV,CCGT with CCS
882,WNV CCGT with CCS,WNV CCGT with CCS,CCGT with CCS,VIC,WNV,Not Applicable,Not Applicable,New Entrant,WNV,WNV CCGT with CCS,Gas,WNV new CCGT,CCGT with CCS,CCGT with CCS,CCGT with CCS,CCGT with CCS,CCGT with CCS,WNV CCGT with CCS,Not Applicable,CCGT with CCS,CCGT with CCS,CCGT with CCS,Not Applicable,NE_VIC1,CCGT with CCS,CCGT with CCS,WNV,CCGT with CCS,WNV,CCGT with CCS
883,CSA CCGT with CCS,CSA CCGT with CCS,CCGT with CCS,SA,CSA,Not Applicable,Not Applicable,New Entrant,CSA,CSA CCGT with CCS,Gas,CSA new CCGT,CCGT with CCS,CCGT with CCS,CCGT with CCS,CCGT with CCS,CCGT with CCS,CSA CCGT with CCS,Not Applicable,CCGT with CCS,CCGT with CCS,CCGT with CCS,Not Applicable,NE_CSA,CCGT with CCS,CCGT with CCS,CSA,CCGT with CCS,CSA,CCGT with CCS
884,SESA CCGT with CCS,SESA CCGT with CCS,CCGT with CCS,SA,SESA,Not Applicable,Not Applicable,New Entrant,SESA,SESA CCGT with CCS,Gas,SESA new CCGT,CCGT with CCS,CCGT with CCS,CCGT with CCS,CCGT with CCS,CCGT with CCS,SESA CCGT with CCS,Not Applicable,CCGT with CCS,CCGT with CCS,CCGT with CCS,Not Applicable,NE_SESA,CCGT with CCS,CCGT with CCS,SESA,CCGT with CCS,SESA,CCGT with CCS
885,NSA CCGT with CCS,NSA CCGT with CCS,CCGT with CCS,SA,NSA,Not Applicable,Not Applicable,New Entrant,NSA,NSA CCGT with CCS,Gas,NSA new CCGT,CCGT with CCS,CCGT with CCS,CCGT with CCS,CCGT with CCS,CCGT with CCS,NSA CCGT with CCS,Not Applicable,CCGT with CCS,CCGT with CCS,CCGT with CCS,Not Applicable,NE_CSA,CCGT with CCS,CCGT with CCS,NSA,CCGT with CCS,NSA,CCGT with CCS
886,TAS CCGT with CCS,TAS CCGT with CCS,CCGT with CCS,TAS,TAS,Not Applicable,Not Applicable,New Entrant,TAS,TAS CCGT with CCS,Gas,TAS new CCGT,CCGT with CCS,CCGT with CCS,CCGT with CCS,CCGT with CCS,CCGT with CCS,TAS CCGT with CCS,Not Applicable,CCGT with CCS,CCGT with CCS,CCGT with CCS,Not Applicable,NE_TAS1,CCGT with CCS,CCGT with CCS,TAS,CCGT with CCS,TAS,CCGT with CCS
887,NQ Biomass,NQ Biomass,Biomass,QLD,NQ,Not Applicable,Not Applicable,New Entrant,NQ,NQ Biomass,Biomass,Biomass,Biomass,Biomass,Biomass,Biomass,Biomass,NQ Biomass,Not Applicable,Biomass,Biomass,Biomass,Not Applicable,NE_NQ,Biomass,Biomass,NQ,Biomass,NQ,Biomass
888,CQ Biomass,CQ Biomass,Biomass,QLD,CQ,Not Applicable,Not Applicable,New Entrant,CQ,CQ Biomass,Biomass,Biomass,Biomass,Biomass,Biomass,Biomass,Biomass,CQ Biomass,Not Applicable,Biomass,Biomass,Biomass,Not Applicable,NE_CQ,Biomass,Biomass,CQ,Biomass,CQ,Biomass
889,GG Biomass,GG Biomass,Biomass,QLD,GG,Not Applicable,Not Applicable,New Entrant,GG,GG Biomass,Biomass,Biomass,Biomass,Biomass,Biomass,Biomass,Biomass,GG Biomass,Not Applicable,Biomass,Biomass,Biomass,Not Applicable,NE_GG,Biomass,Biomass,GG,Biomass,GG,Biomass
890,SQ Biomass,SQ Biomass,Biomass,QLD,SQ,Not Applicable,Not Applicable,New Entrant,SQ,SQ Biomass,Biomass,Biomass,Biomass,Biomass,Biomass,Biomass,Biomass,SQ Biomass,Not Applicable,Biomass,Biomass,Biomass,Not Applicable,NE_SQ,Biomass,Biomass,SQ,Biomass,SQ,Biomass
891,NNSW Biomass,NNSW Biomass,Biomass,NSW,NNSW,Not Applicable,Not Applicable,New Entrant,NNSW,NNSW Biomass,Biomass,Biomass,Biomass,Biomass,Biomass,Biomass,Biomass,NNSW Biomass,Not Applicable,Biomass,Biomass,Biomass,Not Applicable,NE_NNSW,Biomass,Biomass,NNSW,Biomass,NNSW,Biomass
892,CNSW Biomass,CNSW Biomass,Biomass,NSW,CNSW,Not Applicable,Not Applicable,New Entrant,CNSW,CNSW Biomass,Biomass,Biomass,Biomass,Biomass,Biomass,Biomass,Biomass,CNSW Biomass,Not Applicable,Biomass,Biomass,Biomass,Not Applicable,NE_CNSW,Biomass,Biomass,CNSW,Biomass,CNSW,Biomass
893,SNW Biomass,SNW Biomass,Biomass,NSW,SNW,Not Applicable,Not Applicable,New Entrant,SNW,SNW Biomass,Biomass,Biomass,Biomass,Biomass,Biomass,Biomass,Biomass,SNW Biomass,Not Applicable,Biomass,Biomass,Biomass,Not Applicable,NE_SNW,Biomass,Biomass,SNW,Biomass,SNW,Biomass
894,SNSW Biomass,SNSW Biomass,Biomass,NSW,SNSW,Not Applicable,Not Applicable,New Entrant,SNSW,SNSW Biomass,Biomass,Biomass,Biomass,Biomass,Biomass,Biomass,Biomass,SNSW Biomass,Not Applicable,Biomass,Biomass,Biomass,Not Applicable,NE_SNSW,Biomass,Biomass,SNSW,Biomass,SNSW,Biomass
895,MEL Biomass,MEL Biomass,Biomass,VIC,MEL,Not Applicable,Not Applicable,New Entrant,MEL,MEL Biomass,Biomass,Biomass,Biomass,Biomass,Biomass,Biomass,Biomass,MEL Biomass,Not Applicable,Biomass,Biomass,Biomass,Not Applicable,NE_VIC1,Biomass,Biomass,MEL,Biomass,MEL,Biomass
896,SEV Biomass,SEV Biomass,Biomass,VIC,SEV,Not Applicable,Not Applicable,New Entrant,SEV,SEV Biomass,Biomass,Biomass,Biomass,Biomass,Biomass,Biomass,Biomass,SEV Biomass,Not Applicable,Biomass,Biomass,Biomass,Not Applicable,NE_VIC1,Biomass,Biomass,SEV,Biomass,SEV,Biomass
897,WNV Biomass,WNV Biomass,Biomass,VIC,WNV,Not Applicable,Not Applicable,New Entrant,WNV,WNV Biomass,Biomass,Biomass,Biomass,Biomass,Biomass,Biomass,Biomass,WNV Biomass,Not Applicable,Biomass,Biomass,Biomass,Not Applicable,NE_VIC1,Biomass,Biomass,WNV,Biomass,WNV,Biomass
898,CSA Biomass,CSA Biomass,Biomass,SA,CSA,Not Applicable,Not Applicable,New Entrant,CSA,CSA Biomass,Biomass,Biomass,Biomass,Biomass,Biomass,Biomass,Biomass,CSA Biomass,Not Applicable,Biomass,Biomass,Biomass,Not Applicable,NE_CSA,Biomass,Biomass,CSA,Biomass,CSA,Biomass
899,SESA Biomass,SESA Biomass,Biomass,SA,SESA,Not Applicable,Not Applicable,New Entrant,SESA,SESA Biomass,Biomass,Biomass,Biomass,Biomass,Biomass,Biomass,Biomass,SESA Biomass,Not Applicable,Biomass,Biomass,Biomass,Not Applicable,NE_SESA,Biomass,Biomass,SESA,Biomass,SESA,Biomass
900,NSA Biomass,NSA Biomass,Biomass,SA,NSA,Not Applicable,Not Applicable,New Entrant,NSA,NSA Biomass,Biomass,Biomass,Biomass,Biomass,Biomass,Biomass,Biomass,NSA Biomass,Not Applicable,Biomass,Biomass,Biomass,Not Applicable,NE_CSA,Biomass,Biomass,NSA,Biomass,NSA,Biomass
901,TAS Biomass,TAS Biomass,Biomass,TAS,TAS,Not Applicable,Not Applicable,New Entrant,TAS,TAS Biomass,Biomass,Biomass,Biomass,Biomass,Biomass,Biomass,Biomass,TAS Biomass,Not Applicable,Biomass,Biomass,Biomass,Not Applicable,NE_TAS1,Biomass,Biomass,TAS,Biomass,TAS,Biomass
902,Q1_SAT_Far North QLD,Q1_SAT_Far North QLD,Large scale Solar PV,QLD,NQ,Far North QLD,Q1,New Entrant,Q1,Q1_SAT_Far North QLD,Solar,Solar,Large scale Solar PV,Large scale Solar PV,Large scale Solar PV,Large scale Solar PV,Large scale Solar PV,Q1_SAT_Far North QLD,Not Applicable,All Large scale solar PV,All Large scale solar PV,All Large scale solar PV,Not Applicable,REZ_Q1_Solar,Large scale Solar PV,Large scale Solar PV,Q1,Large scale Solar PV,Q1,Large scale Solar PV
903,Q2_SAT_Hughenden Hub,Q2_SAT_Hughenden Hub,Large scale Solar PV,QLD,NQ,Hughenden Hub,Q2,New Entrant,Q2,Q2_SAT_Hughenden Hub,Solar,Solar,Large scale Solar PV,Large scale Solar PV,Large scale Solar PV,Large scale Solar PV,Large scale Solar PV,Q2_SAT_Hughenden Hub,Not Applicable,All Large scale solar PV,All Large scale solar PV,All Large scale solar PV,Not Applicable,REZ_Q2_Solar,Large scale Solar PV,Large scale Solar PV,Q2,Large scale Solar PV,Q2,Large scale Solar PV
904,Q3_SAT_Northern Qld,Q3_SAT_Northern Qld,Large scale Solar PV,QLD,NQ,Northern Qld,Q3,New Entrant,Q3,Q3_SAT_Northern Qld,Solar,Solar,Large scale Solar PV,Large scale Solar PV,Large scale Solar PV,Large scale Solar PV,Large scale Solar PV,Q3_SAT_Northern Qld,Not Applicable,All Large scale solar PV,All Large scale solar PV,All Large scale solar PV,Not Applicable,REZ_Q3_Solar,Large scale Solar PV,Large scale Solar PV,Q3,Large scale Solar PV,Q3,Large scale Solar PV
905,Q4_SAT_Isaac,Q4_SAT_Isaac,Large scale Solar PV,QLD,CQ,Isaac,Q4,New Entrant,Q4,Q4_SAT_Isaac,Solar,Solar,Large scale Solar PV,Large scale Solar PV,Large scale Solar PV,Large scale Solar PV,Large scale Solar PV,Q4_SAT_Isaac,Not Applicable,All Large scale solar PV,All Large scale solar PV,All Large scale solar PV,Not Applicable,REZ_Q4_Solar,Large scale Solar PV,Large scale Solar PV,Q4,Large scale Solar PV,Q4,Large scale Solar PV
906,Q5_SAT_Barcaldine,Q5_SAT_Barcaldine,Large scale Solar PV,QLD,CQ,Barcaldine,Q5,New Entrant,Q5,Q5_SAT_Barcaldine,Solar,Solar,Large scale Solar PV,Large scale Solar PV,Large scale Solar PV,Large scale Solar PV,Large scale Solar PV,Q5_SAT_Barcaldine,Not Applicable,All Large scale solar PV,All Large scale solar PV,All Large scale solar PV,Not Applicable,REZ_Q5_Solar,Large scale Solar PV,Large scale Solar PV,Q5,Large scale Solar PV,Q5,Large scale Solar PV
907,Q6_SAT_Fitzroy,Q6_SAT_Fitzroy,Large scale Solar PV,QLD,CQ,Fitzroy,Q6,New Entrant,Q6,Q6_SAT_Fitzroy,Solar,Solar,Large scale Solar PV,Large scale Solar PV,Large scale Solar PV,Large scale Solar PV,Large scale Solar PV,Q6_SAT_Fitzroy,Not Applicable,All Large scale solar PV,All Large scale solar PV,All Large scale solar PV,Not Applicable,REZ_Q6_Solar,Large scale Solar PV,Large scale Solar PV,Q6,Large scale Solar PV,Q6,Large scale Solar PV
908,Q7_SAT_Wide Bay,Q7_SAT_Wide Bay,Large scale Solar PV,QLD,SQ,Wide Bay,Q7,New Entrant,Q7,Q7_SAT_Wide Bay,Solar,Solar,Large scale Solar PV,Large scale Solar PV,Large scale Solar PV,Large scale Solar PV,Large scale Solar PV,Q7_SAT_Wide Bay,Not Applicable,All Large scale solar PV,All Large scale solar PV,All Large scale solar PV,Not Applicable,REZ_Q7_Solar,Large scale Solar PV,Large scale Solar PV,Q7,Large scale Solar PV,Q7,Large scale Solar PV
909,Q8a_SAT_Darling Downs,Q8a_SAT_Darling Downs,Large scale Solar PV,QLD,SQ,Darling Downs,Q8,New Entrant,Q8,Q8a_SAT_Darling Downs,Solar,Solar,Large scale Solar PV,Large scale Solar PV,Large scale Solar PV,Large scale Solar PV,Large scale Solar PV,Q8a_SAT_Darling Downs,Not Applicable,All Large scale solar PV,All Large scale solar PV,All Large scale solar PV,Not Applicable,REZ_Q8_Solar,Large scale Solar PV,Large scale Solar PV,Q8,Large scale Solar PV,Q8,Large scale Solar PV
910,Q8b_SAT_Southern Downs,Q8b_SAT_Southern Downs,Large scale Solar PV,QLD,SQ,Darling Downs,Q8,New Entrant,Q8,Q8b_SAT_Southern Downs,Solar,Solar,Large scale Solar PV,Large scale Solar PV,Large scale Solar PV,Large scale Solar PV,Large scale Solar PV,Q8b_SAT_Southern Downs,Not Applicable,All Large scale solar PV,All Large scale solar PV,All Large scale solar PV,Not Applicable,REZ_Q8_Solar,Large scale Solar PV,Large scale Solar PV,Q8,Large scale Solar PV,Q8,Large scale Solar PV
911,Q8c_SAT_Western Downs,Q8c_SAT_Western Downs,Large scale Solar PV,QLD,SQ,Darling Downs,Q8,New Entrant,Q8,Q8c_SAT_Western Downs,Solar,Solar,Large scale Solar PV,Large scale Solar PV,Large scale Solar PV,Large scale Solar PV,Large scale Solar PV,Q8c_SAT_Western Downs,Not Applicable,All Large scale solar PV,All Large scale solar PV,All Large scale solar PV,Not Applicable,REZ_Q8_Solar,Large scale Solar PV,Large scale Solar PV,Q8,Large scale Solar PV,Q8,Large scale Solar PV
912,Q9_SAT_Banana,Q9_SAT_Banana,Large scale Solar PV,QLD,CQ,Banana,Q9,New Entrant,Q9,Q9_SAT_Banana,Solar,Solar,Large scale Solar PV,Large scale Solar PV,Large scale Solar PV,Large scale Solar PV,Large scale Solar PV,Q9_SAT_Banana,Not Applicable,All Large scale solar PV,All Large scale solar PV,All Large scale solar PV,Not Applicable,REZ_Q9_Solar,Large scale Solar PV,Large scale Solar PV,Q9,Large scale Solar PV,Q9,Large scale Solar PV
913,Q10_SAT_Collinsville,Q10_SAT_Collinsville,Large scale Solar PV,QLD,NQ,Collinsville,Q10,New Entrant,Q10,Q10_SAT_Collinsville,Solar,Solar,Large scale Solar PV,Large scale Solar PV,Large scale Solar PV,Large scale Solar PV,Large scale Solar PV,Q10_SAT_Collinsville,Not Applicable,All Large scale solar PV,All Large scale solar PV,All Large scale solar PV,Not Applicable,REZ_Q10_Solar,Large scale Solar PV,Large scale Solar PV,Q10,Large scale Solar PV,Q10,Large scale Solar PV
914,N1_SAT_North West NSW,N1_SAT_North West NSW,Large scale Solar PV,NSW,NNSW,North West NSW,N1,New Entrant,N1,N1_SAT_North West NSW,Solar,Solar,Large scale Solar PV,Large scale Solar PV,Large scale Solar PV,Large scale Solar PV,Large scale Solar PV,N1_SAT_North West NSW,Not Applicable,All Large scale solar PV,All Large scale solar PV,All Large scale solar PV,Not Applicable,REZ_N1_Solar,Large scale Solar PV,Large scale Solar PV,N1,Large scale Solar PV,N1,Large scale Solar PV
915,N2_SAT_New England,N2_SAT_New England,Large scale Solar PV,NSW,NNSW,New England,N2,New Entrant,N2,N2_SAT_New England,Solar,Solar,Large scale Solar PV,Large scale Solar PV,Large scale Solar PV,Large scale Solar PV,Large scale Solar PV,N2_SAT_New England,Not Applicable,All Large scale solar PV,All Large scale solar PV,All Large scale solar PV,Not Applicable,REZ_N2_Solar,Large scale Solar PV,Large scale Solar PV,N2,Large scale Solar PV,N2,Large scale Solar PV
916,N3_SAT_Central-West Orana,N3_SAT_Central-West Orana,Large scale Solar PV,NSW,CNSW,Central-West Orana,N3,New Entrant,N3,N3_SAT_Central-West Orana,Solar,Solar,Large scale Solar PV,Large scale Solar PV,Large scale Solar PV,Large scale Solar PV,Large scale Solar PV,N3_SAT_Central-West Orana,Not Applicable,All Large scale solar PV,All Large scale solar PV,All Large scale solar PV,Not Applicable,REZ_N3_Solar,Large scale Solar PV,Large scale Solar PV,N3,Large scale Solar PV,N3,Large scale Solar PV
917,N4_SAT_Broken Hill,N4_SAT_Broken Hill,Large scale Solar PV,NSW,SNSW,Broken Hill,N4,New Entrant,N4,N4_SAT_Broken Hill,Solar,Solar,Large scale Solar PV,Large scale Solar PV,Large scale Solar PV,Large scale Solar PV,Large scale Solar PV,N4_SAT_Broken Hill,Not Applicable,All Large scale solar PV,All Large scale solar PV,All Large scale solar PV,Not Applicable,REZ_N4_Solar,Large scale Solar PV,Large scale Solar PV,N4,Large scale Solar PV,N4,Large scale Solar PV
918,N5_SAT_South West NSW,N5_SAT_South West NSW,Large scale Solar PV,NSW,SNSW,South West NSW,N5,New Entrant,N5,N5_SAT_South West NSW,Solar,Solar,Large scale Solar PV,Large scale Solar PV,Large scale Solar PV,Large scale Solar PV,Large scale Solar PV,N5_SAT_South West NSW,Not Applicable,All Large scale solar PV,All Large scale solar PV,All Large scale solar PV,Not Applicable,REZ_N5_Solar,Large scale Solar PV,Large scale Solar PV,N5,Large scale Solar PV,N5,Large scale Solar PV
919,N6_SAT_Wagga Wagga,N6_SAT_Wagga Wagga,Large scale Solar PV,NSW,SNSW,Wagga Wagga,N6,New Entrant,N6,N6_SAT_Wagga Wagga,Solar,Solar,Large scale Solar PV,Large scale Solar PV,Large scale Solar PV,Large scale Solar PV,Large scale Solar PV,N6_SAT_Wagga Wagga,Not Applicable,All Large scale solar PV,All Large scale solar PV,All Large scale solar PV,Not Applicable,REZ_N6_Solar,Large scale Solar PV,Large scale Solar PV,N6,Large scale Solar PV,N6,Large scale Solar PV
920,N7_SAT_Tumut,N7_SAT_Tumut,Large scale Solar PV,NSW,SNSW,Tumut,N7,New Entrant,N7,N7_SAT_Tumut,Solar,Solar,Large scale Solar PV,Large scale Solar PV,Large scale Solar PV,Large scale Solar PV,Large scale Solar PV,N7_SAT_Tumut,Not Applicable,All Large scale solar PV,All Large scale solar PV,All Large scale solar PV,Not Applicable,REZ_N7_Solar,Large scale Solar PV,Large scale Solar PV,N7,Large scale Solar PV,N7,Large scale Solar PV
921,N8_SAT_Cooma-Monaro,N8_SAT_Cooma-Monaro,Large scale Solar PV,NSW,SNSW,Cooma-Monaro,N8,New Entrant,N8,N8_SAT_Cooma-Monaro,Solar,Solar,Large scale Solar PV,Large scale Solar PV,Large scale Solar PV,Large scale Solar PV,Large scale Solar PV,N8_SAT_Cooma-Monaro,Not Applicable,All Large scale solar PV,All Large scale solar PV,All Large scale solar PV,Not Applicable,REZ_N8_Solar,Large scale Solar PV,Large scale Solar PV,N8,Large scale Solar PV,N8,Large scale Solar PV
922,N9a_SAT_Hunter-Central Coast,N9a_SAT_Hunter-Central Coast,Large scale Solar PV,NSW,CNSW,Hunter-Central Coast,N9a,New Entrant,N9a,N9a_SAT_Hunter-Central Coast,Solar,Solar,Large scale Solar PV,Large scale Solar PV,Large scale Solar PV,Large scale Solar PV,Large scale Solar PV,N9a_SAT_Hunter-Central Coast,Not Applicable,All Large scale solar PV,All Large scale solar PV,All Large scale solar PV,Not Applicable,REZ_N9_Solar,Large scale Solar PV,Large scale Solar PV,N9,Large scale Solar PV,N9,Large scale Solar PV
923,N9b_SAT_Hunter-Central Coast,N9b_SAT_Hunter-Central Coast,Large scale Solar PV,NSW,SNW,Hunter-Central Coast,N9b,New Entrant,N9b,N9b_SAT_Hunter-Central Coast,Solar,Solar,Large scale Solar PV,Large scale Solar PV,Large scale Solar PV,Large scale Solar PV,Large scale Solar PV,N9b_SAT_Hunter-Central Coast,Not Applicable,All Large scale solar PV,All Large scale solar PV,All Large scale solar PV,Not Applicable,REZ_N9_Solar,Large scale Solar PV,Large scale Solar PV,N9,Large scale Solar PV,N9,Large scale Solar PV
924,N12_SAT_Illawarra,N12_SAT_Illawarra,Large scale Solar PV,NSW,SNW,Illawarra,N12,New Entrant,N12,N12_SAT_Illawarra,Solar,Solar,Large scale Solar PV,Large scale Solar PV,Large scale Solar PV,Large scale Solar PV,Large scale Solar PV,N12_SAT_Illawarra,Not Applicable,All Large scale solar PV,All Large scale solar PV,All Large scale solar PV,Not Applicable,REZ_N12_Solar,Large scale Solar PV,Large scale Solar PV,N12,Large scale Solar PV,N12,Large scale Solar PV
925,N13_SAT_South Cobar,N13_SAT_South Cobar,Large scale Solar PV,NSW,CNSW,South Cobar,N13,New Entrant,N13,N13_SAT_South Cobar,Solar,Solar,Large scale Solar PV,Large scale Solar PV,Large scale Solar PV,Large scale Solar PV,Large scale Solar PV,N13_SAT_South Cobar,Not Applicable,All Large scale solar PV,All Large scale solar PV,All Large scale solar PV,Not Applicable,REZ_N13_Solar,Large scale Solar PV,Large scale Solar PV,N13,Large scale Solar PV,N13,Large scale Solar PV
926,V1_SAT_North West VIC,V1_SAT_North West VIC,Large scale Solar PV,VIC,WNV,North West VIC,V1,New Entrant,V1,V1_SAT_North West VIC,Solar,Solar,Large scale Solar PV,Large scale Solar PV,Large scale Solar PV,Large scale Solar PV,Large scale Solar PV,V1_SAT_North West VIC,Not Applicable,All Large scale solar PV,All Large scale solar PV,All Large scale solar PV,Not Applicable,REZ_V1_Solar,Large scale Solar PV,Large scale Solar PV,V1,Large scale Solar PV,V1,Large scale Solar PV
927,V2_SAT_Central Highlands VIC,V2_SAT_Central Highlands VIC,Large scale Solar PV,VIC,WNV,Central Highlands VIC,V2,New Entrant,V2,V2_SAT_Central Highlands VIC,Solar,Solar,Large scale Solar PV,Large scale Solar PV,Large scale Solar PV,Large scale Solar PV,Large scale Solar PV,V2_SAT_Central Highlands VIC,Not Applicable,All Large scale solar PV,All Large scale solar PV,All Large scale solar PV,Not Applicable,REZ_V2_Solar,Large scale Solar PV,Large scale Solar PV,V2,Large scale Solar PV,V2,Large scale Solar PV
928,V3_SAT_Western Victoria,V3_SAT_Western Victoria,Large scale Solar PV,VIC,WNV,Western Victoria,V3,New Entrant,V3,V3_SAT_Western Victoria,Solar,Solar,Large scale Solar PV,Large scale Solar PV,Large scale Solar PV,Large scale Solar PV,Large scale Solar PV,V3_SAT_Western Victoria,Not Applicable,All Large scale solar PV,All Large scale solar PV,All Large scale solar PV,Not Applicable,REZ_V3_Solar,Large scale Solar PV,Large scale Solar PV,V3,Large scale Solar PV,V3,Large scale Solar PV
929,V4_SAT_Western Victoria,V4_SAT_Western Victoria,Large scale Solar PV,VIC,WNV,Western Victoria,V4,New Entrant,V4,V4_SAT_Western Victoria,Solar,Solar,Large scale Solar PV,Large scale Solar PV,Large scale Solar PV,Large scale Solar PV,Large scale Solar PV,V4_SAT_Western Victoria,Not Applicable,All Large scale solar PV,All Large scale solar PV,All Large scale solar PV,Not Applicable,REZ_V4_Solar,Large scale Solar PV,Large scale Solar PV,V4,Large scale Solar PV,V4,Large scale Solar PV
930,V5_SAT_South West VIC,V5_SAT_South West VIC,Large scale Solar PV,VIC,WNV,South West VIC,V5,New Entrant,V5,V5_SAT_South West VIC,Solar,Solar,Large scale Solar PV,Large scale Solar PV,Large scale Solar PV,Large scale Solar PV,Large scale Solar PV,V5_SAT_South West VIC,Not Applicable,All Large scale solar PV,All Large scale solar PV,All Large scale solar PV,Not Applicable,REZ_V5_Solar,Large scale Solar PV,Large scale Solar PV,V5,Large scale Solar PV,V5,Large scale Solar PV
931,V6_SAT_Gippsland Onshore,V6_SAT_Gippsland Onshore,Large scale Solar PV,VIC,SEV,Gippsland Onshore,V6,New Entrant,V6,V6_SAT_Gippsland Onshore,Solar,Solar,Large scale Solar PV,Large scale Solar PV,Large scale Solar PV,Large scale Solar PV,Large scale Solar PV,V6_SAT_Gippsland Onshore,Not Applicable,All Large scale solar PV,All Large scale solar PV,All Large scale solar PV,Not Applicable,REZ_V6_Solar,Large scale Solar PV,Large scale Solar PV,V6,Large scale Solar PV,V6,Large scale Solar PV
932,V7_SAT_Central North VIC,V7_SAT_Central North VIC,Large scale Solar PV,VIC,WNV,Central North VIC,V7,New Entrant,V7,V7_SAT_Central North VIC,Solar,Solar,Large scale Solar PV,Large scale Solar PV,Large scale Solar PV,Large scale Solar PV,Large scale Solar PV,V7_SAT_Central North VIC,Not Applicable,All Large scale solar PV,All Large scale solar PV,All Large scale solar PV,Not Applicable,REZ_V7_Solar,Large scale Solar PV,Large scale Solar PV,V7,Large scale Solar PV,V7,Large scale Solar PV
933,S1_SAT_South East SA,S1_SAT_South East SA,Large scale Solar PV,SA,SESA,South East SA,S1,New Entrant,S1,S1_SAT_South East SA,Solar,Solar,Large scale Solar PV,Large scale Solar PV,Large scale Solar PV,Large scale Solar PV,Large scale Solar PV,S1_SAT_South East SA,Not Applicable,All Large scale solar PV,All Large scale solar PV,All Large scale solar PV,Not Applicable,REZ_S1_Solar,Large scale Solar PV,Large scale Solar PV,S1,Large scale Solar PV,S1,Large scale Solar PV
934,S2_SAT_Riverland,S2_SAT_Riverland,Large scale Solar PV,SA,CSA,Riverland,S2,New Entrant,S2,S2_SAT_Riverland,Solar,Solar,Large scale Solar PV,Large scale Solar PV,Large scale Solar PV,Large scale Solar PV,Large scale Solar PV,S2_SAT_Riverland,Not Applicable,All Large scale solar PV,All Large scale solar PV,All Large scale solar PV,Not Applicable,REZ_S2_Solar,Large scale Solar PV,Large scale Solar PV,S2,Large scale Solar PV,S2,Large scale Solar PV
935,S3_SAT_Mid-North SA,S3_SAT_Mid-North SA,Large scale Solar PV,SA,CSA,Mid-North SA,S3,New Entrant,S3,S3_SAT_Mid-North SA,Solar,Solar,Large scale Solar PV,Large scale Solar PV,Large scale Solar PV,Large scale Solar PV,Large scale Solar PV,S3_SAT_Mid-North SA,Not Applicable,All Large scale solar PV,All Large scale solar PV,All Large scale solar PV,Not Applicable,REZ_S3_Solar,Large scale Solar PV,Large scale Solar PV,S3,Large scale Solar PV,S3,Large scale Solar PV
936,S4_SAT_Yorke Peninsula,S4_SAT_Yorke Peninsula,Large scale Solar PV,SA,CSA,Yorke Peninsula,S4,New Entrant,S4,S4_SAT_Yorke Peninsula,Solar,Solar,Large scale Solar PV,Large scale Solar PV,Large scale Solar PV,Large scale Solar PV,Large scale Solar PV,S4_SAT_Yorke Peninsula,Not Applicable,All Large scale solar PV,All Large scale solar PV,All Large scale solar PV,Not Applicable,REZ_S4_Solar,Large scale Solar PV,Large scale Solar PV,S4,Large scale Solar PV,S4,Large scale Solar PV
937,S5_SAT_Northern SA,S5_SAT_Northern SA,Large scale Solar PV,SA,NSA,Northern SA,S5,New Entrant,S5,S5_SAT_Northern SA,Solar,Solar,Large scale Solar PV,Large scale Solar PV,Large scale Solar PV,Large scale Solar PV,Large scale Solar PV,S5_SAT_Northern SA,Not Applicable,All Large scale solar PV,All Large scale solar PV,All Large scale solar PV,Not Applicable,REZ_S5_Solar,Large scale Solar PV,Large scale Solar PV,S5,Large scale Solar PV,S5,Large scale Solar PV
938,S6_SAT_Roxby Downs,S6_SAT_Roxby Downs,Large scale Solar PV,SA,NSA,Roxby Downs,S6,New Entrant,S6,S6_SAT_Roxby Downs,Solar,Solar,Large scale Solar PV,Large scale Solar PV,Large scale Solar PV,Large scale Solar PV,Large scale Solar PV,S6_SAT_Roxby Downs,Not Applicable,All Large scale solar PV,All Large scale solar PV,All Large scale solar PV,Not Applicable,REZ_S7_Solar,Large scale Solar PV,Large scale Solar PV,S6,Large scale Solar PV,S6,Large scale Solar PV
939,S7_SAT_Eastern Eyre Peninsula,S7_SAT_Eastern Eyre Peninsula,Large scale Solar PV,SA,NSA,Eastern Eyre Peninsula,S7,New Entrant,S7,S7_SAT_Eastern Eyre Peninsula,Solar,Solar,Large scale Solar PV,Large scale Solar PV,Large scale Solar PV,Large scale Solar PV,Large scale Solar PV,S7_SAT_Eastern Eyre Peninsula,Not Applicable,All Large scale solar PV,All Large scale solar PV,All Large scale solar PV,Not Applicable,REZ_S8_Solar,Large scale Solar PV,Large scale Solar PV,S7,Large scale Solar PV,S7,Large scale Solar PV
940,S8_SAT_Western Eyre Peninsula,S8_SAT_Western Eyre Peninsula,Large scale Solar PV,SA,NSA,Western Eyre Peninsula,S8,New Entrant,S8,S8_SAT_Western Eyre Peninsula,Solar,Solar,Large scale Solar PV,Large scale Solar PV,Large scale Solar PV,Large scale Solar PV,Large scale Solar PV,S8_SAT_Western Eyre Peninsula,Not Applicable,All Large scale solar PV,All Large scale solar PV,All Large scale solar PV,Not Applicable,REZ_S9_Solar,Large scale Solar PV,Large scale Solar PV,S8,Large scale Solar PV,S8,Large scale Solar PV
941,T1_SAT_North East TAS,T1_SAT_North East TAS,Large scale Solar PV,TAS,TAS,North East Tasmania,T1,New Entrant,T1,T1_SAT_North East TAS,Solar,Solar,Large scale Solar PV,Large scale Solar PV,Large scale Solar PV,Large scale Solar PV,Large scale Solar PV,T1_SAT_North East TAS,Not Applicable,All Large scale solar PV,All Large scale solar PV,All Large scale solar PV,Not Applicable,REZ_T1_Solar,Large scale Solar PV,Large scale Solar PV,T1,Large scale Solar PV,T1,Large scale Solar PV
942,T2_SAT_North West TAS,T2_SAT_North West TAS,Large scale Solar PV,TAS,TAS,North West Tasmania,T2,New Entrant,T2,T2_SAT_North West TAS,Solar,Solar,Large scale Solar PV,Large scale Solar PV,Large scale Solar PV,Large scale Solar PV,Large scale Solar PV,T2_SAT_North West TAS,Not Applicable,All Large scale solar PV,All Large scale solar PV,All Large scale solar PV,Not Applicable,REZ_T2_Solar,Large scale Solar PV,Large scale Solar PV,T2,Large scale Solar PV,T2,Large scale Solar PV
943,T3_SAT_Central Highlands,T3_SAT_Central Highlands,Large scale Solar PV,TAS,TAS,Central Highlands,T3,New Entrant,T3,T3_SAT_Central Highlands,Solar,Solar,Large scale Solar PV,Large scale Solar PV,Large scale Solar PV,Large scale Solar PV,Large scale Solar PV,T3_SAT_Central Highlands,Not Applicable,All Large scale solar PV,All Large scale solar PV,All Large scale solar PV,Not Applicable,REZ_T3_Solar,Large scale Solar PV,Large scale Solar PV,T3,Large scale Solar PV,T3,Large scale Solar PV
944,N0_SAT_NSW,N0_SAT_NSW,Large scale Solar PV,NSW,CNSW,New South Wales Non-REZ,N0,New Entrant,N0,N0_SAT_NSW,Solar,Solar,Large scale Solar PV,Large scale Solar PV,Large scale Solar PV,Large scale Solar PV,Large scale Solar PV,N0_SAT_NSW,Not Applicable,All Large scale solar PV,All Large scale solar PV,All Large scale solar PV,Not Applicable,N0_Solar,Large scale Solar PV,Large scale Solar PV,N0,Large scale Solar PV,N0,Large scale Solar PV
945,V0_SAT_VIC,V0_SAT_VIC,Large scale Solar PV,VIC,SEV,Victorian Non-REZ,V0,New Entrant,V0,V0_SAT_VIC,Solar,Solar,Large scale Solar PV,Large scale Solar PV,Large scale Solar PV,Large scale Solar PV,Large scale Solar PV,V0_SAT_VIC,Not Applicable,All Large scale solar PV,All Large scale solar PV,All Large scale solar PV,Not Applicable,V0_Solar,Large scale Solar PV,Large scale Solar PV,V0,Large scale Solar PV,V0,Large scale Solar PV
946,Q1_CST_Far North QLD,Q1_CST_Far North QLD,Solar Thermal (16hrs storage),QLD,NQ,Far North QLD,Q1,New Entrant,Q1,Q1_CST_Far North QLD,Solar,Solar,Solar Thermal (16hrs storage),Solar Thermal (16hrs storage),Solar Thermal (16hrs storage),Solar Thermal (16hrs storage),Solar Thermal (16hrs storage),Q1_CST_Far North QLD,Not Applicable,Solar Thermal (16hrs storage),Solar Thermal (16hrs storage),Solar Thermal (16hrs storage),Not Applicable,REZ_Q1_Solar,Solar Thermal (16hrs storage),Solar Thermal (16hrs storage),Q1,Solar Thermal (16hrs storage),Q1,Solar Thermal (16hrs storage)
947,Q2_CST_Hughenden Hub,Q2_CST_Hughenden Hub,Solar Thermal (16hrs storage),QLD,NQ,Hughenden Hub,Q2,New Entrant,Q2,Q2_CST_Hughenden Hub,Solar,Solar,Solar Thermal (16hrs storage),Solar Thermal (16hrs storage),Solar Thermal (16hrs storage),Solar Thermal (16hrs storage),Solar Thermal (16hrs storage),Q2_CST_Hughenden Hub,Not Applicable,Solar Thermal (16hrs storage),Solar Thermal (16hrs storage),Solar Thermal (16hrs storage),Not Applicable,REZ_Q2_Solar,Solar Thermal (16hrs storage),Solar Thermal (16hrs storage),Q2,Solar Thermal (16hrs storage),Q2,Solar Thermal (16hrs storage)
948,Q3_CST_Northern Qld,Q3_CST_Northern Qld,Solar Thermal (16hrs storage),QLD,NQ,Northern Qld,Q3,New Entrant,Q3,Q3_CST_Northern Qld,Solar,Solar,Solar Thermal (16hrs storage),Solar Thermal (16hrs storage),Solar Thermal (16hrs storage),Solar Thermal (16hrs storage),Solar Thermal (16hrs storage),Q3_CST_Northern Qld,Not Applicable,Solar Thermal (16hrs storage),Solar Thermal (16hrs storage),Solar Thermal (16hrs storage),Not Applicable,REZ_Q3_Solar,Solar Thermal (16hrs storage),Solar Thermal (16hrs storage),Q3,Solar Thermal (16hrs storage),Q3,Solar Thermal (16hrs storage)
949,Q4_CST_Isaac,Q4_CST_Isaac,Solar Thermal (16hrs storage),QLD,CQ,Isaac,Q4,New Entrant,Q4,Q4_CST_Isaac,Solar,Solar,Solar Thermal (16hrs storage),Solar Thermal (16hrs storage),Solar Thermal (16hrs storage),Solar Thermal (16hrs storage),Solar Thermal (16hrs storage),Q4_CST_Isaac,Not Applicable,Solar Thermal (16hrs storage),Solar Thermal (16hrs storage),Solar Thermal (16hrs storage),Not Applicable,REZ_Q4_Solar,Solar Thermal (16hrs storage),Solar Thermal (16hrs storage),Q4,Solar Thermal (16hrs storage),Q4,Solar Thermal (16hrs storage)
950,Q5_CST_Barcaldine,Q5_CST_Barcaldine,Solar Thermal (16hrs storage),QLD,CQ,Barcaldine,Q5,New Entrant,Q5,Q5_CST_Barcaldine,Solar,Solar,Solar Thermal (16hrs storage),Solar Thermal (16hrs storage),Solar Thermal (16hrs storage),Solar Thermal (16hrs storage),Solar Thermal (16hrs storage),Q5_CST_Barcaldine,Not Applicable,Solar Thermal (16hrs storage),Solar Thermal (16hrs storage),Solar Thermal (16hrs storage),Not Applicable,REZ_Q5_Solar,Solar Thermal (16hrs storage),Solar Thermal (16hrs storage),Q5,Solar Thermal (16hrs storage),Q5,Solar Thermal (16hrs storage)
951,Q6_CST_Fitzroy,Q6_CST_Fitzroy,Solar Thermal (16hrs storage),QLD,CQ,Fitzroy,Q6,New Entrant,Q6,Q6_CST_Fitzroy,Solar,Solar,Solar Thermal (16hrs storage),Solar Thermal (16hrs storage),Solar Thermal (16hrs storage),Solar Thermal (16hrs storage),Solar Thermal (16hrs storage),Q6_CST_Fitzroy,Not Applicable,Solar Thermal (16hrs storage),Solar Thermal (16hrs storage),Solar Thermal (16hrs storage),Not Applicable,REZ_Q6_Solar,Solar Thermal (16hrs storage),Solar Thermal (16hrs storage),Q6,Solar Thermal (16hrs storage),Q6,Solar Thermal (16hrs storage)
952,Q7_CST_Wide Bay,Q7_CST_Wide Bay,Solar Thermal (16hrs storage),QLD,SQ,Wide Bay,Q7,New Entrant,Q7,Q7_CST_Wide Bay,Solar,Solar,Solar Thermal (16hrs storage),Solar Thermal (16hrs storage),Solar Thermal (16hrs storage),Solar Thermal (16hrs storage),Solar Thermal (16hrs storage),Q7_CST_Wide Bay,Not Applicable,Solar Thermal (16hrs storage),Solar Thermal (16hrs storage),Solar Thermal (16hrs storage),Not Applicable,REZ_Q7_Solar,Solar Thermal (16hrs storage),Solar Thermal (16hrs storage),Q7,Solar Thermal (16hrs storage),Q7,Solar Thermal (16hrs storage)
953,Q8a_CST_Darling Downs,Q8a_CST_Darling Downs,Solar Thermal (16hrs storage),QLD,SQ,Darling Downs,Q8,New Entrant,Q8,Q8a_CST_Darling Downs,Solar,Solar,Solar Thermal (16hrs storage),Solar Thermal (16hrs storage),Solar Thermal (16hrs storage),Solar Thermal (16hrs storage),Solar Thermal (16hrs storage),Q8a_CST_Darling Downs,Not Applicable,Solar Thermal (16hrs storage),Solar Thermal (16hrs storage),Solar Thermal (16hrs storage),Not Applicable,REZ_Q8_Solar,Solar Thermal (16hrs storage),Solar Thermal (16hrs storage),Q8,Solar Thermal (16hrs storage),Q8,Solar Thermal (16hrs storage)
954,Q8b_CST_Southern Downs,Q8b_CST_Southern Downs,Solar Thermal (16hrs storage),QLD,SQ,Darling Downs,Q8,New Entrant,Q8,Q8b_CST_Southern Downs,Solar,Solar,Solar Thermal (16hrs storage),Solar Thermal (16hrs storage),Solar Thermal (16hrs storage),Solar Thermal (16hrs storage),Solar Thermal (16hrs storage),Q8b_CST_Southern Downs,Not Applicable,Solar Thermal (16hrs storage),Solar Thermal (16hrs storage),Solar Thermal (16hrs storage),Not Applicable,REZ_Q8_Solar,Solar Thermal (16hrs storage),Solar Thermal (16hrs storage),Q8,Solar Thermal (16hrs storage),Q8,Solar Thermal (16hrs storage)
955,Q8c_CST_Western Downs,Q8c_CST_Western Downs,Solar Thermal (16hrs storage),QLD,SQ,Darling Downs,Q8,New Entrant,Q8,Q8c_CST_Western Downs,Solar,Solar,Solar Thermal (16hrs storage),Solar Thermal (16hrs storage),Solar Thermal (16hrs storage),Solar Thermal (16hrs storage),Solar Thermal (16hrs storage),Q8c_CST_Western Downs,Not Applicable,Solar Thermal (16hrs storage),Solar Thermal (16hrs storage),Solar Thermal (16hrs storage),Not Applicable,REZ_Q8_Solar,Solar Thermal (16hrs storage),Solar Thermal (16hrs storage),Q8,Solar Thermal (16hrs storage),Q8,Solar Thermal (16hrs storage)
956,Q9_CST_Banana,Q9_CST_Banana,Solar Thermal (16hrs storage),QLD,CQ,Banana,Q9,New Entrant,Q9,Q9_CST_Banana,Solar,Solar,Solar Thermal (16hrs storage),Solar Thermal (16hrs storage),Solar Thermal (16hrs storage),Solar Thermal (16hrs storage),Solar Thermal (16hrs storage),Q9_CST_Banana,Not Applicable,Solar Thermal (16hrs storage),Solar Thermal (16hrs storage),Solar Thermal (16hrs storage),Not Applicable,REZ_Q9_Solar,Solar Thermal (16hrs storage),Solar Thermal (16hrs storage),Q9,Solar Thermal (16hrs storage),Q9,Solar Thermal (16hrs storage)
957,Q10_CST_Collinsville,Q10_CST_Collinsville,Solar Thermal (16hrs storage),QLD,NQ,Collinsville,Q10,New Entrant,Q10,Q10_CST_Collinsville,Solar,Solar,Solar Thermal (16hrs storage),Solar Thermal (16hrs storage),Solar Thermal (16hrs storage),Solar Thermal (16hrs storage),Solar Thermal (16hrs storage),Q10_CST_Collinsville,Not Applicable,Solar Thermal (16hrs storage),Solar Thermal (16hrs storage),Solar Thermal (16hrs storage),Not Applicable,REZ_Q10_Solar,Solar Thermal (16hrs storage),Solar Thermal (16hrs storage),Q10,Solar Thermal (16hrs storage),Q10,Solar Thermal (16hrs storage)
958,N1_CST_North West NSW,N1_CST_North West NSW,Solar Thermal (16hrs storage),NSW,NNSW,North West NSW,N1,New Entrant,N1,N1_CST_North West NSW,Solar,Solar,Solar Thermal (16hrs storage),Solar Thermal (16hrs storage),Solar Thermal (16hrs storage),Solar Thermal (16hrs storage),Solar Thermal (16hrs storage),N1_CST_North West NSW,Not Applicable,Solar Thermal (16hrs storage),Solar Thermal (16hrs storage),Solar Thermal (16hrs storage),Not Applicable,REZ_N1_Solar,Solar Thermal (16hrs storage),Solar Thermal (16hrs storage),N1,Solar Thermal (16hrs storage),N1,Solar Thermal (16hrs storage)
959,N2_CST_New England,N2_CST_New England,Solar Thermal (16hrs storage),NSW,NNSW,New England,N2,New Entrant,N2,N2_CST_New England,Solar,Solar,Solar Thermal (16hrs storage),Solar Thermal (16hrs storage),Solar Thermal (16hrs storage),Solar Thermal (16hrs storage),Solar Thermal (16hrs storage),N2_CST_New England,Not Applicable,Solar Thermal (16hrs storage),Solar Thermal (16hrs storage),Solar Thermal (16hrs storage),Not Applicable,REZ_N2_Solar,Solar Thermal (16hrs storage),Solar Thermal (16hrs storage),N2,Solar Thermal (16hrs storage),N2,Solar Thermal (16hrs storage)
960,N3_CST_Central-West Orana,N3_CST_Central-West Orana,Solar Thermal (16hrs storage),NSW,CNSW,Central-West Orana,N3,New Entrant,N3,N3_CST_Central-West Orana,Solar,Solar,Solar Thermal (16hrs storage),Solar Thermal (16hrs storage),Solar Thermal (16hrs storage),Solar Thermal (16hrs storage),Solar Thermal (16hrs storage),N3_CST_Central-West Orana,Not Applicable,Solar Thermal (16hrs storage),Solar Thermal (16hrs storage),Solar Thermal (16hrs storage),Not Applicable,REZ_N3_Solar,Solar Thermal (16hrs storage),Solar Thermal (16hrs storage),N3,Solar Thermal (16hrs storage),N3,Solar Thermal (16hrs storage)
961,N4_CST_Broken Hill,N4_CST_Broken Hill,Solar Thermal (16hrs storage),NSW,SNSW,Broken Hill,N4,New Entrant,N4,N4_CST_Broken Hill,Solar,Solar,Solar Thermal (16hrs storage),Solar Thermal (16hrs storage),Solar Thermal (16hrs storage),Solar Thermal (16hrs storage),Solar Thermal (16hrs storage),N4_CST_Broken Hill,Not Applicable,Solar Thermal (16hrs storage),Solar Thermal (16hrs storage),Solar Thermal (16hrs storage),Not Applicable,REZ_N4_Solar,Solar Thermal (16hrs storage),Solar Thermal (16hrs storage),N4,Solar Thermal (16hrs storage),N4,Solar Thermal (16hrs storage)
962,N5_CST_South West NSW,N5_CST_South West NSW,Solar Thermal (16hrs storage),NSW,SNSW,South West NSW,N5,New Entrant,N5,N5_CST_South West NSW,Solar,Solar,Solar Thermal (16hrs storage),Solar Thermal (16hrs storage),Solar Thermal (16hrs storage),Solar Thermal (16hrs storage),Solar Thermal (16hrs storage),N5_CST_South West NSW,Not Applicable,Solar Thermal (16hrs storage),Solar Thermal (16hrs storage),Solar Thermal (16hrs storage),Not Applicable,REZ_N5_Solar,Solar Thermal (16hrs storage),Solar Thermal (16hrs storage),N5,Solar Thermal (16hrs storage),N5,Solar Thermal (16hrs storage)
963,N6_CST_Wagga Wagga,N6_CST_Wagga Wagga,Solar Thermal (16hrs storage),NSW,SNSW,Wagga Wagga,N6,New Entrant,N6,N6_CST_Wagga Wagga,Solar,Solar,Solar Thermal (16hrs storage),Solar Thermal (16hrs storage),Solar Thermal (16hrs storage),Solar Thermal (16hrs storage),Solar Thermal (16hrs storage),N6_CST_Wagga Wagga,Not Applicable,Solar Thermal (16hrs storage),Solar Thermal (16hrs storage),Solar Thermal (16hrs storage),Not Applicable,REZ_N6_Solar,Solar Thermal (16hrs storage),Solar Thermal (16hrs storage),N6,Solar Thermal (16hrs storage),N6,Solar Thermal (16hrs storage)
964,N7_CST_Tumut,N7_CST_Tumut,Solar Thermal (16hrs storage),NSW,SNSW,Tumut,N7,New Entrant,N7,N7_CST_Tumut,Solar,Solar,Solar Thermal (16hrs storage),Solar Thermal (16hrs storage),Solar Thermal (16hrs storage),Solar Thermal (16hrs storage),Solar Thermal (16hrs storage),N7_CST_Tumut,Not Applicable,Solar Thermal (16hrs storage),Solar Thermal (16hrs storage),Solar Thermal (16hrs storage),Not Applicable,REZ_N7_Solar,Solar Thermal (16hrs storage),Solar Thermal (16hrs storage),N7,Solar Thermal (16hrs storage),N7,Solar Thermal (16hrs storage)
965,N8_CST_Cooma-Monaro,N8_CST_Cooma-Monaro,Solar Thermal (16hrs storage),NSW,SNSW,Cooma-Monaro,N8,New Entrant,N8,N8_CST_Cooma-Monaro,Solar,Solar,Solar Thermal (16hrs storage),Solar Thermal (16hrs storage),Solar Thermal (16hrs storage),Solar Thermal (16hrs storage),Solar Thermal (16hrs storage),N8_CST_Cooma-Monaro,Not Applicable,Solar Thermal (16hrs storage),Solar Thermal (16hrs storage),Solar Thermal (16hrs storage),Not Applicable,REZ_N8_Solar,Solar Thermal (16hrs storage),Solar Thermal (16hrs storage),N8,Solar Thermal (16hrs storage),N8,Solar Thermal (16hrs storage)
966,N9a_CST_Hunter-Central Coast,N9a_CST_Hunter-Central Coast,Solar Thermal (16hrs storage),NSW,CNSW,Hunter-Central Coast,N9a,New Entrant,N9a,N9a_CST_Hunter-Central Coast,Solar,Solar,Solar Thermal (16hrs storage),Solar Thermal (16hrs storage),Solar Thermal (16hrs storage),Solar Thermal (16hrs storage),Solar Thermal (16hrs storage),N9a_CST_Hunter-Central Coast,Not Applicable,Solar Thermal (16hrs storage),Solar Thermal (16hrs storage),Solar Thermal (16hrs storage),Not Applicable,REZ_N9_Solar,Solar Thermal (16hrs storage),Solar Thermal (16hrs storage),N9,Solar Thermal (16hrs storage),N9,Solar Thermal (16hrs storage)
967,N9b_CST_Hunter-Central Coast,N9b_CST_Hunter-Central Coast,Solar Thermal (16hrs storage),NSW,SNW,Hunter-Central Coast,N9b,New Entrant,N9b,N9b_CST_Hunter-Central Coast,Solar,Solar,Solar Thermal (16hrs storage),Solar Thermal (16hrs storage),Solar Thermal (16hrs storage),Solar Thermal (16hrs storage),Solar Thermal (16hrs storage),N9b_CST_Hunter-Central Coast,Not Applicable,Solar Thermal (16hrs storage),Solar Thermal (16hrs storage),Solar Thermal (16hrs storage),Not Applicable,REZ_N9_Solar,Solar Thermal (16hrs storage),Solar Thermal (16hrs storage),N9,Solar Thermal (16hrs storage),N9,Solar Thermal (16hrs storage)
968,N12_CST_Illawarra,N12_CST_Illawarra,Solar Thermal (16hrs storage),NSW,SNW,Illawarra,N12,New Entrant,N12,N12_CST_Illawarra,Solar,Solar,Solar Thermal (16hrs storage),Solar Thermal (16hrs storage),Solar Thermal (16hrs storage),Solar Thermal (16hrs storage),Solar Thermal (16hrs storage),N12_CST_Illawarra,Not Applicable,Solar Thermal (16hrs storage),Solar Thermal (16hrs storage),Solar Thermal (16hrs storage),Not Applicable,REZ_N12_Solar,Solar Thermal (16hrs storage),Solar Thermal (16hrs storage),N12,Solar Thermal (16hrs storage),N12,Solar Thermal (16hrs storage)
969,N13_CST_South Cobar,N13_CST_South Cobar,Solar Thermal (16hrs storage),NSW,CNSW,South Cobar,N13,New Entrant,N13,N13_CST_South Cobar,Solar,Solar,Solar Thermal (16hrs storage),Solar Thermal (16hrs storage),Solar Thermal (16hrs storage),Solar Thermal (16hrs storage),Solar Thermal (16hrs storage),N13_CST_South Cobar,Not Applicable,Solar Thermal (16hrs storage),Solar Thermal (16hrs storage),Solar Thermal (16hrs storage),Not Applicable,REZ_N13_Solar,Solar Thermal (16hrs storage),Solar Thermal (16hrs storage),N13,Solar Thermal (16hrs storage),N13,Solar Thermal (16hrs storage)
970,V1_CST_North West VIC,V1_CST_North West VIC,Solar Thermal (16hrs storage),VIC,WNV,North West VIC,V1,New Entrant,V1,V1_CST_North West VIC,Solar,Solar,Solar Thermal (16hrs storage),Solar Thermal (16hrs storage),Solar Thermal (16hrs storage),Solar Thermal (16hrs storage),Solar Thermal (16hrs storage),V1_CST_North West VIC,Not Applicable,Solar Thermal (16hrs storage),Solar Thermal (16hrs storage),Solar Thermal (16hrs storage),Not Applicable,REZ_V1_Solar,Solar Thermal (16hrs storage),Solar Thermal (16hrs storage),V1,Solar Thermal (16hrs storage),V1,Solar Thermal (16hrs storage)
971,V2_CST_Central Highlands VIC,V2_CST_Central Highlands VIC,Solar Thermal (16hrs storage),VIC,WNV,Central Highlands VIC,V2,New Entrant,V2,V2_CST_Central Highlands VIC,Solar,Solar,Solar Thermal (16hrs storage),Solar Thermal (16hrs storage),Solar Thermal (16hrs storage),Solar Thermal (16hrs storage),Solar Thermal (16hrs storage),V2_CST_Central Highlands VIC,Not Applicable,Solar Thermal (16hrs storage),Solar Thermal (16hrs storage),Solar Thermal (16hrs storage),Not Applicable,REZ_V2_Solar,Solar Thermal (16hrs storage),Solar Thermal (16hrs storage),V2,Solar Thermal (16hrs storage),V2,Solar Thermal (16hrs storage)
972,V3_CST_Western Victoria,V3_CST_Western Victoria,Solar Thermal (16hrs storage),VIC,WNV,Western Victoria,V3,New Entrant,V3,V3_CST_Western Victoria,Solar,Solar,Solar Thermal (16hrs storage),Solar Thermal (16hrs storage),Solar Thermal (16hrs storage),Solar Thermal (16hrs storage),Solar Thermal (16hrs storage),V3_CST_Western Victoria,Not Applicable,Solar Thermal (16hrs storage),Solar Thermal (16hrs storage),Solar Thermal (16hrs storage),Not Applicable,REZ_V3_Solar,Solar Thermal (16hrs storage),Solar Thermal (16hrs storage),V3,Solar Thermal (16hrs storage),V3,Solar Thermal (16hrs storage)
973,V4_CST_Western Victoria,V4_CST_Western Victoria,Solar Thermal (16hrs storage),VIC,WNV,Western Victoria,V4,New Entrant,V4,V4_CST_Western Victoria,Solar,Solar,Solar Thermal (16hrs storage),Solar Thermal (16hrs storage),Solar Thermal (16hrs storage),Solar Thermal (16hrs storage),Solar Thermal (16hrs storage),V4_CST_Western Victoria,Not Applicable,Solar Thermal (16hrs storage),Solar Thermal (16hrs storage),Solar Thermal (16hrs storage),Not Applicable,REZ_V4_Solar,Solar Thermal (16hrs storage),Solar Thermal (16hrs storage),V4,Solar Thermal (16hrs storage),V4,Solar Thermal (16hrs storage)
974,V5_CST_South West VIC,V5_CST_South West VIC,Solar Thermal (16hrs storage),VIC,WNV,South West VIC,V5,New Entrant,V5,V5_CST_South West VIC,Solar,Solar,Solar Thermal (16hrs storage),Solar Thermal (16hrs storage),Solar Thermal (16hrs storage),Solar Thermal (16hrs storage),Solar Thermal (16hrs storage),V5_CST_South West VIC,Not Applicable,Solar Thermal (16hrs storage),Solar Thermal (16hrs storage),Solar Thermal (16hrs storage),Not Applicable,REZ_V5_Solar,Solar Thermal (16hrs storage),Solar Thermal (16hrs storage),V5,Solar Thermal (16hrs storage),V5,Solar Thermal (16hrs storage)
975,V6_CST_Gippsland Onshore,V6_CST_Gippsland Onshore,Solar Thermal (16hrs storage),VIC,SEV,Gippsland Onshore,V6,New Entrant,V6,V6_CST_Gippsland Onshore,Solar,Solar,Solar Thermal (16hrs storage),Solar Thermal (16hrs storage),Solar Thermal (16hrs storage),Solar Thermal (16hrs storage),Solar Thermal (16hrs storage),V6_CST_Gippsland Onshore,Not Applicable,Solar Thermal (16hrs storage),Solar Thermal (16hrs storage),Solar Thermal (16hrs storage),Not Applicable,REZ_V6_Solar,Solar Thermal (16hrs storage),Solar Thermal (16hrs storage),V6,Solar Thermal (16hrs storage),V6,Solar Thermal (16hrs storage)
976,V7_CST_Central North VIC,V7_CST_Central North VIC,Solar Thermal (16hrs storage),VIC,WNV,Central North VIC,V7,New Entrant,V7,V7_CST_Central North VIC,Solar,Solar,Solar Thermal (16hrs storage),Solar Thermal (16hrs storage),Solar Thermal (16hrs storage),Solar Thermal (16hrs storage),Solar Thermal (16hrs storage),V7_CST_Central North VIC,Not Applicable,Solar Thermal (16hrs storage),Solar Thermal (16hrs storage),Solar Thermal (16hrs storage),Not Applicable,REZ_V7_Solar,Solar Thermal (16hrs storage),Solar Thermal (16hrs storage),V7,Solar Thermal (16hrs storage),V7,Solar Thermal (16hrs storage)
977,S1_CST_South East SA,S1_CST_South East SA,Solar Thermal (16hrs storage),SA,SESA,South East SA,S1,New Entrant,S1,S1_CST_South East SA,Solar,Solar,Solar Thermal (16hrs storage),Solar Thermal (16hrs storage),Solar Thermal (16hrs storage),Solar Thermal (16hrs storage),Solar Thermal (16hrs storage),S1_CST_South East SA,Not Applicable,Solar Thermal (16hrs storage),Solar Thermal (16hrs storage),Solar Thermal (16hrs storage),Not Applicable,REZ_S1_Solar,Solar Thermal (16hrs storage),Solar Thermal (16hrs storage),S1,Solar Thermal (16hrs storage),S1,Solar Thermal (16hrs storage)
978,S2_CST_Riverland,S2_CST_Riverland,Solar Thermal (16hrs storage),SA,CSA,Riverland,S2,New Entrant,S2,S2_CST_Riverland,Solar,Solar,Solar Thermal (16hrs storage),Solar Thermal (16hrs storage),Solar Thermal (16hrs storage),Solar Thermal (16hrs storage),Solar Thermal (16hrs storage),S2_CST_Riverland,Not Applicable,Solar Thermal (16hrs storage),Solar Thermal (16hrs storage),Solar Thermal (16hrs storage),Not Applicable,REZ_S2_Solar,Solar Thermal (16hrs storage),Solar Thermal (16hrs storage),S2,Solar Thermal (16hrs storage),S2,Solar Thermal (16hrs storage)
979,S3_CST_Mid-North SA,S3_CST_Mid-North SA,Solar Thermal (16hrs storage),SA,CSA,Mid-North SA,S3,New Entrant,S3,S3_CST_Mid-North SA,Solar,Solar,Solar Thermal (16hrs storage),Solar Thermal (16hrs storage),Solar Thermal (16hrs storage),Solar Thermal (16hrs storage),Solar Thermal (16hrs storage),S3_CST_Mid-North SA,Not Applicable,Solar Thermal (16hrs storage),Solar Thermal (16hrs storage),Solar Thermal (16hrs storage),Not Applicable,REZ_S3_Solar,Solar Thermal (16hrs storage),Solar Thermal (16hrs storage),S3,Solar Thermal (16hrs storage),S3,Solar Thermal (16hrs storage)
980,S4_CST_Yorke Peninsula,S4_CST_Yorke Peninsula,Solar Thermal (16hrs storage),SA,CSA,Yorke Peninsula,S4,New Entrant,S4,S4_CST_Yorke Peninsula,Solar,Solar,Solar Thermal (16hrs storage),Solar Thermal (16hrs storage),Solar Thermal (16hrs storage),Solar Thermal (16hrs storage),Solar Thermal (16hrs storage),S4_CST_Yorke Peninsula,Not Applicable,Solar Thermal (16hrs storage),Solar Thermal (16hrs storage),Solar Thermal (16hrs storage),Not Applicable,REZ_S4_Solar,Solar Thermal (16hrs storage),Solar Thermal (16hrs storage),S4,Solar Thermal (16hrs storage),S4,Solar Thermal (16hrs storage)
981,S5_CST_Northern SA,S5_CST_Northern SA,Solar Thermal (16hrs storage),SA,NSA,Northern SA,S5,New Entrant,S5,S5_CST_Northern SA,Solar,Solar,Solar Thermal (16hrs storage),Solar Thermal (16hrs storage),Solar Thermal (16hrs storage),Solar Thermal (16hrs storage),Solar Thermal (16hrs storage),S5_CST_Northern SA,Not Applicable,Solar Thermal (16hrs storage),Solar Thermal (16hrs storage),Solar Thermal (16hrs storage),Not Applicable,REZ_S5_Solar,Solar Thermal (16hrs storage),Solar Thermal (16hrs storage),S5,Solar Thermal (16hrs storage),S5,Solar Thermal (16hrs storage)
982,S6_CST_Roxby Downs,S6_CST_Roxby Downs,Solar Thermal (16hrs storage),SA,NSA,Roxby Downs,S6,New Entrant,S6,S6_CST_Roxby Downs,Solar,Solar,Solar Thermal (16hrs storage),Solar Thermal (16hrs storage),Solar Thermal (16hrs storage),Solar Thermal (16hrs storage),Solar Thermal (16hrs storage),S6_CST_Roxby Downs,Not Applicable,Solar Thermal (16hrs storage),Solar Thermal (16hrs storage),Solar Thermal (16hrs storage),Not Applicable,REZ_S7_Solar,Solar Thermal (16hrs storage),Solar Thermal (16hrs storage),S6,Solar Thermal (16hrs storage),S6,Solar Thermal (16hrs storage)
983,S7_CST_Eastern Eyre Peninsula,S7_CST_Eastern Eyre Peninsula,Solar Thermal (16hrs storage),SA,NSA,Eastern Eyre Peninsula,S7,New Entrant,S7,S7_CST_Eastern Eyre Peninsula,Solar,Solar,Solar Thermal (16hrs storage),Solar Thermal (16hrs storage),Solar Thermal (16hrs storage),Solar Thermal (16hrs storage),Solar Thermal (16hrs storage),S7_CST_Eastern Eyre Peninsula,Not Applicable,Solar Thermal (16hrs storage),Solar Thermal (16hrs storage),Solar Thermal (16hrs storage),Not Applicable,REZ_S8_Solar,Solar Thermal (16hrs storage),Solar Thermal (16hrs storage),S7,Solar Thermal (16hrs storage),S7,Solar Thermal (16hrs storage)
984,S8_CST_Western Eyre Peninsula,S8_CST_Western Eyre Peninsula,Solar Thermal (16hrs storage),SA,NSA,Western Eyre Peninsula,S8,New Entrant,S8,S8_CST_Western Eyre Peninsula,Solar,Solar,Solar Thermal (16hrs storage),Solar Thermal (16hrs storage),Solar Thermal (16hrs storage),Solar Thermal (16hrs storage),Solar Thermal (16hrs storage),S8_CST_Western Eyre Peninsula,Not Applicable,Solar Thermal (16hrs storage),Solar Thermal (16hrs storage),Solar Thermal (16hrs storage),Not Applicable,REZ_S9_Solar,Solar Thermal (16hrs storage),Solar Thermal (16hrs storage),S8,Solar Thermal (16hrs storage),S8,Solar Thermal (16hrs storage)
985,T1_CST_North East TAS,T1_CST_North East TAS,Solar Thermal (16hrs storage),TAS,TAS,North East Tasmania,T1,New Entrant,T1,T1_CST_North East TAS,Solar,Solar,Solar Thermal (16hrs storage),Solar Thermal (16hrs storage),Solar Thermal (16hrs storage),Solar Thermal (16hrs storage),Solar Thermal (16hrs storage),T1_CST_North East TAS,Not Applicable,Solar Thermal (16hrs storage),Solar Thermal (16hrs storage),Solar Thermal (16hrs storage),Not Applicable,REZ_T1_Solar,Solar Thermal (16hrs storage),Solar Thermal (16hrs storage),T1,Solar Thermal (16hrs storage),T1,Solar Thermal (16hrs storage)
986,T2_CST_North West TAS,T2_CST_North West TAS,Solar Thermal (16hrs storage),TAS,TAS,North West Tasmania,T2,New Entrant,T2,T2_CST_North West TAS,Solar,Solar,Solar Thermal (16hrs storage),Solar Thermal (16hrs storage),Solar Thermal (16hrs storage),Solar Thermal (16hrs storage),Solar Thermal (16hrs storage),T2_CST_North West TAS,Not Applicable,Solar Thermal (16hrs storage),Solar Thermal (16hrs storage),Solar Thermal (16hrs storage),Not Applicable,REZ_T2_Solar,Solar Thermal (16hrs storage),Solar Thermal (16hrs storage),T2,Solar Thermal (16hrs storage),T2,Solar Thermal (16hrs storage)
987,T3_CST_Central Highlands,T3_CST_Central Highlands,Solar Thermal (16hrs storage),TAS,TAS,Central Highlands,T3,New Entrant,T3,T3_CST_Central Highlands,Solar,Solar,Solar Thermal (16hrs storage),Solar Thermal (16hrs storage),Solar Thermal (16hrs storage),Solar Thermal (16hrs storage),Solar Thermal (16hrs storage),T3_CST_Central Highlands,Not Applicable,Solar Thermal (16hrs storage),Solar Thermal (16hrs storage),Solar Thermal (16hrs storage),Not Applicable,REZ_T3_Solar,Solar Thermal (16hrs storage),Solar Thermal (16hrs storage),T3,Solar Thermal (16hrs storage),T3,Solar Thermal (16hrs storage)
988,N0_CST_NSW,N0_CST_NSW,Solar Thermal (16hrs storage),NSW,CNSW,New South Wales Non-REZ,N0,New Entrant,N0,N0_CST_NSW,Solar,Solar,Solar Thermal (16hrs storage),Solar Thermal (16hrs storage),Solar Thermal (16hrs storage),Solar Thermal (16hrs storage),Solar Thermal (16hrs storage),N0_CST_NSW,Not Applicable,Solar Thermal (16hrs storage),Solar Thermal (16hrs storage),Solar Thermal (16hrs storage),Not Applicable,N0_Solar,Solar Thermal (16hrs storage),Solar Thermal (16hrs storage),N0,Solar Thermal (16hrs storage),N0,Solar Thermal (16hrs storage)
989,V0_CST_VIC,V0_CST_VIC,Solar Thermal (16hrs storage),VIC,SEV,Victorian Non-REZ,V0,New Entrant,V0,V0_CST_VIC,Solar,Solar,Solar Thermal (16hrs storage),Solar Thermal (16hrs storage),Solar Thermal (16hrs storage),Solar Thermal (16hrs storage),Solar Thermal (16hrs storage),V0_CST_VIC,Not Applicable,Solar Thermal (16hrs storage),Solar Thermal (16hrs storage),Solar Thermal (16hrs storage),Not Applicable,V0_Solar,Solar Thermal (16hrs storage),Solar Thermal (16hrs storage),V0,Solar Thermal (16hrs storage),V0,Solar Thermal (16hrs storage)
990,Q1_WH_Far North QLD,Q1_WH_Far North QLD,Wind,QLD,NQ,Far North QLD,Q1,New Entrant,Q1,Q1_WH_Far North QLD,Wind,Wind,Wind,Wind,Wind,Wind,Wind,Q1_WH_Far North QLD,Not Applicable,All Wind,All Wind,All Wind,Not Applicable,REZ_Q1_Wind,Wind,Wind,Q1,Wind,Q1,Wind
991,Q2_WH_Hughenden Hub,Q2_WH_Hughenden Hub,Wind,QLD,NQ,Hughenden Hub,Q2,New Entrant,Q2,Q2_WH_Hughenden Hub,Wind,Wind,Wind,Wind,Wind,Wind,Wind,Q2_WH_Hughenden Hub,Not Applicable,All Wind,All Wind,All Wind,Not Applicable,REZ_Q2_Wind,Wind,Wind,Q2,Wind,Q2,Wind
992,Q3_WH_Northern Qld,Q3_WH_Northern Qld,Wind,QLD,NQ,Northern Qld,Q3,New Entrant,Q3,Q3_WH_Northern Qld,Wind,Wind,Wind,Wind,Wind,Wind,Wind,Q3_WH_Northern Qld,Not Applicable,All Wind,All Wind,All Wind,Not Applicable,REZ_Q3_Wind,Wind,Wind,Q3,Wind,Q3,Wind
993,Q4_WH_Isaac,Q4_WH_Isaac,Wind,QLD,CQ,Isaac,Q4,New Entrant,Q4,Q4_WH_Isaac,Wind,Wind,Wind,Wind,Wind,Wind,Wind,Q4_WH_Isaac,Not Applicable,All Wind,All Wind,All Wind,Not Applicable,REZ_Q4_Wind,Wind,Wind,Q4,Wind,Q4,Wind
994,Q5_WH_Barcaldine,Q5_WH_Barcaldine,Wind,QLD,CQ,Barcaldine,Q5,New Entrant,Q5,Q5_WH_Barcaldine,Wind,Wind,Wind,Wind,Wind,Wind,Wind,Q5_WH_Barcaldine,Not Applicable,All Wind,All Wind,All Wind,Not Applicable,REZ_Q5_Wind,Wind,Wind,Q5,Wind,Q5,Wind
995,Q6_WH_Fitzroy,Q6_WH_Fitzroy,Wind,QLD,CQ,Fitzroy,Q6,New Entrant,Q6,Q6_WH_Fitzroy,Wind,Wind,Wind,Wind,Wind,Wind,Wind,Q6_WH_Fitzroy,Not Applicable,All Wind,All Wind,All Wind,Not Applicable,REZ_Q6_Wind,Wind,Wind,Q6,Wind,Q6,Wind
996,Q7_WH_Wide Bay,Q7_WH_Wide Bay,Wind,QLD,SQ,Wide Bay,Q7,New Entrant,Q7,Q7_WH_Wide Bay,Wind,Wind,Wind,Wind,Wind,Wind,Wind,Q7_WH_Wide Bay,Not Applicable,All Wind,All Wind,All Wind,Not Applicable,REZ_Q7_Wind,Wind,Wind,Q7,Wind,Q7,Wind
997,Q8a_WH_Darling Downs,Q8a_WH_Darling Downs,Wind,QLD,SQ,Darling Downs,Q8,New Entrant,Q8,Q8a_WH_Darling Downs,Wind,Wind,Wind,Wind,Wind,Wind,Wind,Q8a_WH_Darling Downs,Not Applicable,All Wind,All Wind,All Wind,Not Applicable,REZ_Q8_Wind,Wind,Wind,Q8,Wind,Q8,Wind
998,Q8b_WH_Southern Downs,Q8b_WH_Southern Downs,Wind,QLD,SQ,Darling Downs,Q8,New Entrant,Q8,Q8b_WH_Southern Downs,Wind,Wind,Wind,Wind,Wind,Wind,Wind,Q8b_WH_Southern Downs,Not Applicable,All Wind,All Wind,All Wind,Not Applicable,REZ_Q8_Wind,Wind,Wind,Q8,Wind,Q8,Wind
999,Q8c_WH_Western Downs,Q8c_WH_Western Downs,Wind,QLD,SQ,Darling Downs,Q8,New Entrant,Q8,Q8c_WH_Western Downs,Wind,Wind,Wind,Wind,Wind,Wind,Wind,Q8c_WH_Western Downs,Not Applicable,All Wind,All Wind,All Wind,Not Applicable,REZ_Q8_Wind,Wind,Wind,Q8,Wind,Q8,Wind
1000,Q9_WH_Banana,Q9_WH_Banana,Wind,QLD,CQ,Banana,Q9,New Entrant,Q9,Q9_WH_Banana,Wind,Wind,Wind,Wind,Wind,Wind,Wind,Q9_WH_Banana,Not Applicable,All Wind,All Wind,All Wind,Not Applicable,REZ_Q9_Wind,Wind,Wind,Q9,Wind,Q9,Wind
1001,Q10_WH_Collinsville,Q10_WH_Collinsville,Wind,QLD,NQ,Collinsville,Q10,New Entrant,Q10,Q10_WH_Collinsville,Wind,Wind,Wind,Wind,Wind,Wind,Wind,Q10_WH_Collinsville,Not Applicable,All Wind,All Wind,All Wind,Not Applicable,REZ_Q10_Wind,Wind,Wind,Q10,Wind,Q10,Wind
1002,N1_WH_North West NSW,N1_WH_North West NSW,Wind,NSW,NNSW,North West NSW,N1,New Entrant,N1,N1_WH_North West NSW,Wind,Wind,Wind,Wind,Wind,Wind,Wind,N1_WH_North West NSW,Not Applicable,All Wind,All Wind,All Wind,Not Applicable,REZ_N1_Wind,Wind,Wind,N1,Wind,N1,Wind
1003,N2_WH_New England,N2_WH_New England,Wind,NSW,NNSW,New England,N2,New Entrant,N2,N2_WH_New England,Wind,Wind,Wind,Wind,Wind,Wind,Wind,N2_WH_New England,Not Applicable,All Wind,All Wind,All Wind,Not Applicable,REZ_N2_Wind,Wind,Wind,N2,Wind,N2,Wind
1004,N3_WH_Central-West Orana,N3_WH_Central-West Orana,Wind,NSW,CNSW,Central-West Orana,N3,New Entrant,N3,N3_WH_Central-West Orana,Wind,Wind,Wind,Wind,Wind,Wind,Wind,N3_WH_Central-West Orana,Not Applicable,All Wind,All Wind,All Wind,Not Applicable,REZ_N3_Wind,Wind,Wind,N3,Wind,N3,Wind
1005,N4_WH_Broken Hill,N4_WH_Broken Hill,Wind,NSW,SNSW,Broken Hill,N4,New Entrant,N4,N4_WH_Broken Hill,Wind,Wind,Wind,Wind,Wind,Wind,Wind,N4_WH_Broken Hill,Not Applicable,All Wind,All Wind,All Wind,Not Applicable,REZ_N4_Wind,Wind,Wind,N4,Wind,N4,Wind
1006,N5_WH_South West NSW,N5_WH_South West NSW,Wind,NSW,SNSW,South West NSW,N5,New Entrant,N5,N5_WH_South West NSW,Wind,Wind,Wind,Wind,Wind,Wind,Wind,N5_WH_South West NSW,Not Applicable,All Wind,All Wind,All Wind,Not Applicable,REZ_N5_Wind,Wind,Wind,N5,Wind,N5,Wind
1007,N6_WH_Wagga Wagga,N6_WH_Wagga Wagga,Wind,NSW,SNSW,Wagga Wagga,N6,New Entrant,N6,N6_WH_Wagga Wagga,Wind,Wind,Wind,Wind,Wind,Wind,Wind,N6_WH_Wagga Wagga,Not Applicable,All Wind,All Wind,All Wind,Not Applicable,REZ_N6_Wind,Wind,Wind,N6,Wind,N6,Wind
1008,N7_WH_Tumut,N7_WH_Tumut,Wind,NSW,SNSW,Tumut,N7,New Entrant,N7,N7_WH_Tumut,Wind,Wind,Wind,Wind,Wind,Wind,Wind,N7_WH_Tumut,Not Applicable,All Wind,All Wind,All Wind,Not Applicable,REZ_N7_Wind,Wind,Wind,N7,Wind,N7,Wind
1009,N8_WH_Cooma-Monaro,N8_WH_Cooma-Monaro,Wind,NSW,SNSW,Cooma-Monaro,N8,New Entrant,N8,N8_WH_Cooma-Monaro,Wind,Wind,Wind,Wind,Wind,Wind,Wind,N8_WH_Cooma-Monaro,Not Applicable,All Wind,All Wind,All Wind,Not Applicable,REZ_N8_Wind,Wind,Wind,N8,Wind,N8,Wind
1010,N9a_WH_Hunter-Central Coast,N9a_WH_Hunter-Central Coast,Wind,NSW,CNSW,Hunter-Central Coast,N9a,New Entrant,N9a,N9a_WH_Hunter-Central Coast,Wind,Wind,Wind,Wind,Wind,Wind,Wind,N9a_WH_Hunter-Central Coast,Not Applicable,All Wind,All Wind,All Wind,Not Applicable,REZ_N9_Wind,Wind,Wind,N9,Wind,N9,Wind
1011,N9b_WH_Hunter-Central Coast,N9b_WH_Hunter-Central Coast,Wind,NSW,SNW,Hunter-Central Coast,N9b,New Entrant,N9b,N9b_WH_Hunter-Central Coast,Wind,Wind,Wind,Wind,Wind,Wind,Wind,N9b_WH_Hunter-Central Coast,Not Applicable,All Wind,All Wind,All Wind,Not Applicable,REZ_N9_Wind,Wind,Wind,N9,Wind,N9,Wind
1012,N12_WH_Illawarra,N12_WH_Illawarra,Wind,NSW,SNW,Illawarra,N12,New Entrant,N12,N12_WH_Illawarra,Wind,Wind,Wind,Wind,Wind,Wind,Wind,N12_WH_Illawarra,Not Applicable,All Wind,All Wind,All Wind,Not Applicable,REZ_N12_Wind,Wind,Wind,N12,Wind,N12,Wind
1013,N13_WH_South Cobar,N13_WH_South Cobar,Wind,NSW,CNSW,South Cobar,N13,New Entrant,N13,N13_WH_South Cobar,Wind,Wind,Wind,Wind,Wind,Wind,Wind,N13_WH_South Cobar,Not Applicable,All Wind,All Wind,All Wind,Not Applicable,REZ_N13_Wind,Wind,Wind,N13,Wind,N13,Wind
1014,V1_WH_North West VIC,V1_WH_North West VIC,Wind,VIC,WNV,North West VIC,V1,New Entrant,V1,V1_WH_North West VIC,Wind,Wind,Wind,Wind,Wind,Wind,Wind,V1_WH_North West VIC,Not Applicable,All Wind,All Wind,All Wind,Not Applicable,REZ_V1_Wind,Wind,Wind,V1,Wind,V1,Wind
1015,V2_WH_Central Highlands VIC,V2_WH_Central Highlands VIC,Wind,VIC,WNV,Central Highlands VIC,V2,New Entrant,V2,V2_WH_Central Highlands VIC,Wind,Wind,Wind,Wind,Wind,Wind,Wind,V2_WH_Central Highlands VIC,Not Applicable,All Wind,All Wind,All Wind,Not Applicable,REZ_V2_Wind,Wind,Wind,V2,Wind,V2,Wind
1016,V3_WH_Western Victoria,V3_WH_Western Victoria,Wind,VIC,WNV,Western Victoria,V3,New Entrant,V3,V3_WH_Western Victoria,Wind,Wind,Wind,Wind,Wind,Wind,Wind,V3_WH_Western Victoria,Not Applicable,All Wind,All Wind,All Wind,Not Applicable,REZ_V3_Wind,Wind,Wind,V3,Wind,V3,Wind
1017,V4_WH_Western Victoria,V4_WH_Western Victoria,Wind,VIC,WNV,Western Victoria,V4,New Entrant,V4,V4_WH_Western Victoria,Wind,Wind,Wind,Wind,Wind,Wind,Wind,V4_WH_Western Victoria,Not Applicable,All Wind,All Wind,All Wind,Not Applicable,REZ_V4_Wind,Wind,Wind,V4,Wind,V4,Wind
1018,V5_WH_South West VIC,V5_WH_South West VIC,Wind,VIC,WNV,South West VIC,V5,New Entrant,V5,V5_WH_South West VIC,Wind,Wind,Wind,Wind,Wind,Wind,Wind,V5_WH_South West VIC,Not Applicable,All Wind,All Wind,All Wind,Not Applicable,REZ_V5_Wind,Wind,Wind,V5,Wind,V5,Wind
1019,V6_WH_Gippsland Onshore,V6_WH_Gippsland Onshore,Wind,VIC,SEV,Gippsland Onshore,V6,New Entrant,V6,V6_WH_Gippsland Onshore,Wind,Wind,Wind,Wind,Wind,Wind,Wind,V6_WH_Gippsland Onshore,Not Applicable,All Wind,All Wind,All Wind,Not Applicable,REZ_V6_Wind,Wind,Wind,V6,Wind,V6,Wind
1020,V7_WH_Central North VIC,V7_WH_Central North VIC,Wind,VIC,WNV,Central North VIC,V7,New Entrant,V7,V7_WH_Central North VIC,Wind,Wind,Wind,Wind,Wind,Wind,Wind,V7_WH_Central North VIC,Not Applicable,All Wind,All Wind,All Wind,Not Applicable,REZ_V7_Wind,Wind,Wind,V7,Wind,V7,Wind
1021,S1_WH_South East SA,S1_WH_South East SA,Wind,SA,SESA,South East SA,S1,New Entrant,S1,S1_WH_South East SA,Wind,Wind,Wind,Wind,Wind,Wind,Wind,S1_WH_South East SA,Not Applicable,All Wind,All Wind,All Wind,Not Applicable,REZ_S1_Wind,Wind,Wind,S1,Wind,S1,Wind
1022,S2_WH_Riverland,S2_WH_Riverland,Wind,SA,CSA,Riverland,S2,New Entrant,S2,S2_WH_Riverland,Wind,Wind,Wind,Wind,Wind,Wind,Wind,S2_WH_Riverland,Not Applicable,All Wind,All Wind,All Wind,Not Applicable,REZ_S2_Wind,Wind,Wind,S2,Wind,S2,Wind
1023,S3_WH_Mid-North SA,S3_WH_Mid-North SA,Wind,SA,CSA,Mid-North SA,S3,New Entrant,S3,S3_WH_Mid-North SA,Wind,Wind,Wind,Wind,Wind,Wind,Wind,S3_WH_Mid-North SA,Not Applicable,All Wind,All Wind,All Wind,Not Applicable,REZ_S3_Wind,Wind,Wind,S3,Wind,S3,Wind
1024,S4_WH_Yorke Peninsula,S4_WH_Yorke Peninsula,Wind,SA,CSA,Yorke Peninsula,S4,New Entrant,S4,S4_WH_Yorke Peninsula,Wind,Wind,Wind,Wind,Wind,Wind,Wind,S4_WH_Yorke Peninsula,Not Applicable,All Wind,All Wind,All Wind,Not Applicable,REZ_S4_Wind,Wind,Wind,S4,Wind,S4,Wind
1025,S5_WH_Northern SA,S5_WH_Northern SA,Wind,SA,NSA,Northern SA,S5,New Entrant,S5,S5_WH_Northern SA,Wind,Wind,Wind,Wind,Wind,Wind,Wind,S5_WH_Northern SA,Not Applicable,All Wind,All Wind,All Wind,Not Applicable,REZ_S5_Wind,Wind,Wind,S5,Wind,S5,Wind
1026,S6_WH_Roxby Downs,S6_WH_Roxby Downs,Wind,SA,NSA,Roxby Downs,S6,New Entrant,S6,S6_WH_Roxby Downs,Wind,Wind,Wind,Wind,Wind,Wind,Wind,S6_WH_Roxby Downs,Not Applicable,All Wind,All Wind,All Wind,Not Applicable,REZ_S7_Wind,Wind,Wind,S6,Wind,S6,Wind
1027,S7_WH_Eastern Eyre Peninsula,S7_WH_Eastern Eyre Peninsula,Wind,SA,NSA,Eastern Eyre Peninsula,S7,New Entrant,S7,S7_WH_Eastern Eyre Peninsula,Wind,Wind,Wind,Wind,Wind,Wind,Wind,S7_WH_Eastern Eyre Peninsula,Not Applicable,All Wind,All Wind,All Wind,Not Applicable,REZ_S8_Wind,Wind,Wind,S7,Wind,S7,Wind
1028,S8_WH_Western Eyre Peninsula,S8_WH_Western Eyre Peninsula,Wind,SA,NSA,Western Eyre Peninsula,S8,New Entrant,S8,S8_WH_Western Eyre Peninsula,Wind,Wind,Wind,Wind,Wind,Wind,Wind,S8_WH_Western Eyre Peninsula,Not Applicable,All Wind,All Wind,All Wind,Not Applicable,REZ_S9_Wind,Wind,Wind,S8,Wind,S8,Wind
1029,T1_WH_North East TAS,T1_WH_North East TAS,Wind,TAS,TAS,North East Tasmania,T1,New Entrant,T1,T1_WH_North East TAS,Wind,Wind,Wind,Wind,Wind,Wind,Wind,T1_WH_North East TAS,Not Applicable,All Wind,All Wind,All Wind,Not Applicable,REZ_T1_Wind,Wind,Wind,T1,Wind,T1,Wind
1030,T2_WH_North West TAS,T2_WH_North West TAS,Wind,TAS,TAS,North West Tasmania,T2,New Entrant,T2,T2_WH_North West TAS,Wind,Wind,Wind,Wind,Wind,Wind,Wind,T2_WH_North West TAS,Not Applicable,All Wind,All Wind,All Wind,Not Applicable,REZ_T2_Wind,Wind,Wind,T2,Wind,T2,Wind
1031,T3_WH_Central Highlands,T3_WH_Central Highlands,Wind,TAS,TAS,Central Highlands,T3,New Entrant,T3,T3_WH_Central Highlands,Wind,Wind,Wind,Wind,Wind,Wind,Wind,T3_WH_Central Highlands,Not Applicable,All Wind,All Wind,All Wind,Not Applicable,REZ_T3_Wind,Wind,Wind,T3,Wind,T3,Wind
1032,N0_WH_NSW,N0_WH_NSW,Wind,NSW,CNSW,New South Wales Non-REZ,N0,New Entrant,N0,N0_WH_NSW,Wind,Wind,Wind,Wind,Wind,Wind,Wind,N0_WH_NSW,Not Applicable,All Wind,All Wind,All Wind,Not Applicable,N0_Wind,Wind,Wind,N0,Wind,N0,Wind
1033,V0_WH_VIC,V0_WH_VIC,Wind,VIC,SEV,Victorian Non-REZ,V0,New Entrant,V0,V0_WH_VIC,Wind,Wind,Wind,Wind,Wind,Wind,Wind,V0_WH_VIC,Not Applicable,All Wind,All Wind,All Wind,Not Applicable,V0_Wind,Wind,Wind,V0,Wind,V0,Wind
1034,Q1_WM_Far North QLD,Q1_WM_Far North QLD,Wind,QLD,NQ,Far North QLD,Q1,New Entrant,Q1,Q1_WM_Far North QLD,Wind,Wind,Wind,Wind,Wind,Wind,Wind,Q1_WM_Far North QLD,Not Applicable,All Wind,All Wind,All Wind,Not Applicable,REZ_Q1_Wind,Wind,Wind,Q1,Wind,Q1,Wind
1035,Q2_WM_Hughenden Hub,Q2_WM_Hughenden Hub,Wind,QLD,NQ,Hughenden Hub,Q2,New Entrant,Q2,Q2_WM_Hughenden Hub,Wind,Wind,Wind,Wind,Wind,Wind,Wind,Q2_WM_Hughenden Hub,Not Applicable,All Wind,All Wind,All Wind,Not Applicable,REZ_Q2_Wind,Wind,Wind,Q2,Wind,Q2,Wind
1036,Q3_WM_Northern Qld,Q3_WM_Northern Qld,Wind,QLD,NQ,Northern Qld,Q3,New Entrant,Q3,Q3_WM_Northern Qld,Wind,Wind,Wind,Wind,Wind,Wind,Wind,Q3_WM_Northern Qld,Not Applicable,All Wind,All Wind,All Wind,Not Applicable,REZ_Q3_Wind,Wind,Wind,Q3,Wind,Q3,Wind
1037,Q4_WM_Isaac,Q4_WM_Isaac,Wind,QLD,CQ,Isaac,Q4,New Entrant,Q4,Q4_WM_Isaac,Wind,Wind,Wind,Wind,Wind,Wind,Wind,Q4_WM_Isaac,Not Applicable,All Wind,All Wind,All Wind,Not Applicable,REZ_Q4_Wind,Wind,Wind,Q4,Wind,Q4,Wind
1038,Q5_WM_Barcaldine,Q5_WM_Barcaldine,Wind,QLD,CQ,Barcaldine,Q5,New Entrant,Q5,Q5_WM_Barcaldine,Wind,Wind,Wind,Wind,Wind,Wind,Wind,Q5_WM_Barcaldine,Not Applicable,All Wind,All Wind,All Wind,Not Applicable,REZ_Q5_Wind,Wind,Wind,Q5,Wind,Q5,Wind
1039,Q6_WM_Fitzroy,Q6_WM_Fitzroy,Wind,QLD,CQ,Fitzroy,Q6,New Entrant,Q6,Q6_WM_Fitzroy,Wind,Wind,Wind,Wind,Wind,Wind,Wind,Q6_WM_Fitzroy,Not Applicable,All Wind,All Wind,All Wind,Not Applicable,REZ_Q6_Wind,Wind,Wind,Q6,Wind,Q6,Wind
1040,Q7_WM_Wide Bay,Q7_WM_Wide Bay,Wind,QLD,SQ,Wide Bay,Q7,New Entrant,Q7,Q7_WM_Wide Bay,Wind,Wind,Wind,Wind,Wind,Wind,Wind,Q7_WM_Wide Bay,Not Applicable,All Wind,All Wind,All Wind,Not Applicable,REZ_Q7_Wind,Wind,Wind,Q7,Wind,Q7,Wind
1041,Q8a_WM_Darling Downs,Q8a_WM_Darling Downs,Wind,QLD,SQ,Darling Downs,Q8,New Entrant,Q8,Q8a_WM_Darling Downs,Wind,Wind,Wind,Wind,Wind,Wind,Wind,Q8a_WM_Darling Downs,Not Applicable,All Wind,All Wind,All Wind,Not Applicable,REZ_Q8_Wind,Wind,Wind,Q8,Wind,Q8,Wind
1042,Q8b_WM_Southern Downs,Q8b_WM_Southern Downs,Wind,QLD,SQ,Darling Downs,Q8,New Entrant,Q8,Q8b_WM_Southern Downs,Wind,Wind,Wind,Wind,Wind,Wind,Wind,Q8b_WM_Southern Downs,Not Applicable,All Wind,All Wind,All Wind,Not Applicable,REZ_Q8_Wind,Wind,Wind,Q8,Wind,Q8,Wind
1043,Q8c_WM_Western Downs,Q8c_WM_Western Downs,Wind,QLD,SQ,Darling Downs,Q8,New Entrant,Q8,Q8c_WM_Western Downs,Wind,Wind,Wind,Wind,Wind,Wind,Wind,Q8c_WM_Western Downs,Not Applicable,All Wind,All Wind,All Wind,Not Applicable,REZ_Q8_Wind,Wind,Wind,Q8,Wind,Q8,Wind
1044,Q9_WM_Banana,Q9_WM_Banana,Wind,QLD,CQ,Banana,Q9,New Entrant,Q9,Q9_WM_Banana,Wind,Wind,Wind,Wind,Wind,Wind,Wind,Q9_WM_Banana,Not Applicable,All Wind,All Wind,All Wind,Not Applicable,REZ_Q9_Wind,Wind,Wind,Q9,Wind,Q9,Wind
1045,Q10_WM_Collinsville,Q10_WM_Collinsville,Wind,QLD,NQ,Collinsville,Q10,New Entrant,Q10,Q10_WM_Collinsville,Wind,Wind,Wind,Wind,Wind,Wind,Wind,Q10_WM_Collinsville,Not Applicable,All Wind,All Wind,All Wind,Not Applicable,REZ_Q10_Wind,Wind,Wind,Q10,Wind,Q10,Wind
1046,N1_WM_North West NSW,N1_WM_North West NSW,Wind,NSW,NNSW,North West NSW,N1,New Entrant,N1,N1_WM_North West NSW,Wind,Wind,Wind,Wind,Wind,Wind,Wind,N1_WM_North West NSW,Not Applicable,All Wind,All Wind,All Wind,Not Applicable,REZ_N1_Wind,Wind,Wind,N1,Wind,N1,Wind
1047,N2_WM_New England,N2_WM_New England,Wind,NSW,NNSW,New England,N2,New Entrant,N2,N2_WM_New England,Wind,Wind,Wind,Wind,Wind,Wind,Wind,N2_WM_New England,Not Applicable,All Wind,All Wind,All Wind,Not Applicable,REZ_N2_Wind,Wind,Wind,N2,Wind,N2,Wind
1048,N3_WM_Central-West Orana,N3_WM_Central-West Orana,Wind,NSW,CNSW,Central-West Orana,N3,New Entrant,N3,N3_WM_Central-West Orana,Wind,Wind,Wind,Wind,Wind,Wind,Wind,N3_WM_Central-West Orana,Not Applicable,All Wind,All Wind,All Wind,Not Applicable,REZ_N3_Wind,Wind,Wind,N3,Wind,N3,Wind
1049,N4_WM_Broken Hill,N4_WM_Broken Hill,Wind,NSW,SNSW,Broken Hill,N4,New Entrant,N4,N4_WM_Broken Hill,Wind,Wind,Wind,Wind,Wind,Wind,Wind,N4_WM_Broken Hill,Not Applicable,All Wind,All Wind,All Wind,Not Applicable,REZ_N4_Wind,Wind,Wind,N4,Wind,N4,Wind
1050,N5_WM_South West NSW,N5_WM_South West NSW,Wind,NSW,SNSW,South West NSW,N5,New Entrant,N5,N5_WM_South West NSW,Wind,Wind,Wind,Wind,Wind,Wind,Wind,N5_WM_South West NSW,Not Applicable,All Wind,All Wind,All Wind,Not Applicable,REZ_N5_Wind,Wind,Wind,N5,Wind,N5,Wind
1051,N6_WM_Wagga Wagga,N6_WM_Wagga Wagga,Wind,NSW,SNSW,Wagga Wagga,N6,New Entrant,N6,N6_WM_Wagga Wagga,Wind,Wind,Wind,Wind,Wind,Wind,Wind,N6_WM_Wagga Wagga,Not Applicable,All Wind,All Wind,All Wind,Not Applicable,REZ_N6_Wind,Wind,Wind,N6,Wind,N6,Wind
1052,N7_WM_Tumut,N7_WM_Tumut,Wind,NSW,SNSW,Tumut,N7,New Entrant,N7,N7_WM_Tumut,Wind,Wind,Wind,Wind,Wind,Wind,Wind,N7_WM_Tumut,Not Applicable,All Wind,All Wind,All Wind,Not Applicable,REZ_N7_Wind,Wind,Wind,N7,Wind,N7,Wind
1053,N8_WM_Cooma-Monaro,N8_WM_Cooma-Monaro,Wind,NSW,SNSW,Cooma-Monaro,N8,New Entrant,N8,N8_WM_Cooma-Monaro,Wind,Wind,Wind,Wind,Wind,Wind,Wind,N8_WM_Cooma-Monaro,Not Applicable,All Wind,All Wind,All Wind,Not Applicable,REZ_N8_Wind,Wind,Wind,N8,Wind,N8,Wind
1054,N9a_WM_Hunter-Central Coast,N9a_WM_Hunter-Central Coast,Wind,NSW,CNSW,Hunter-Central Coast,N9a,New Entrant,N9a,N9a_WM_Hunter-Central Coast,Wind,Wind,Wind,Wind,Wind,Wind,Wind,N9a_WM_Hunter-Central Coast,Not Applicable,All Wind,All Wind,All Wind,Not Applicable,REZ_N9_Wind,Wind,Wind,N9,Wind,N9,Wind
1055,N9b_WM_Hunter-Central Coast,N9b_WM_Hunter-Central Coast,Wind,NSW,SNW,Hunter-Central Coast,N9b,New Entrant,N9b,N9b_WM_Hunter-Central Coast,Wind,Wind,Wind,Wind,Wind,Wind,Wind,N9b_WM_Hunter-Central Coast,Not Applicable,All Wind,All Wind,All Wind,Not Applicable,REZ_N9_Wind,Wind,Wind,N9,Wind,N9,Wind
1056,N12_WM_Illawarra,N12_WM_Illawarra,Wind,NSW,SNW,Illawarra,N12,New Entrant,N12,N12_WM_Illawarra,Wind,Wind,Wind,Wind,Wind,Wind,Wind,N12_WM_Illawarra,Not Applicable,All Wind,All Wind,All Wind,Not Applicable,REZ_N12_Wind,Wind,Wind,N12,Wind,N12,Wind
1057,N13_WM_South Cobar,N13_WM_South Cobar,Wind,NSW,CNSW,South Cobar,N13,New Entrant,N13,N13_WM_South Cobar,Wind,Wind,Wind,Wind,Wind,Wind,Wind,N13_WM_South Cobar,Not Applicable,All Wind,All Wind,All Wind,Not Applicable,REZ_N13_Wind,Wind,Wind,N13,Wind,N13,Wind
1058,V1_WM_North West VIC,V1_WM_North West VIC,Wind,VIC,WNV,North West VIC,V1,New Entrant,V1,V1_WM_North West VIC,Wind,Wind,Wind,Wind,Wind,Wind,Wind,V1_WM_North West VIC,Not Applicable,All Wind,All Wind,All Wind,Not Applicable,REZ_V1_Wind,Wind,Wind,V1,Wind,V1,Wind
1059,V2_WM_Central Highlands VIC,V2_WM_Central Highlands VIC,Wind,VIC,WNV,Central Highlands VIC,V2,New Entrant,V2,V2_WM_Central Highlands VIC,Wind,Wind,Wind,Wind,Wind,Wind,Wind,V2_WM_Central Highlands VIC,Not Applicable,All Wind,All Wind,All Wind,Not Applicable,REZ_V2_Wind,Wind,Wind,V2,Wind,V2,Wind
1060,V3_WM_Western Victoria,V3_WM_Western Victoria,Wind,VIC,WNV,Western Victoria,V3,New Entrant,V3,V3_WM_Western Victoria,Wind,Wind,Wind,Wind,Wind,Wind,Wind,V3_WM_Western Victoria,Not Applicable,All Wind,All Wind,All Wind,Not Applicable,REZ_V3_Wind,Wind,Wind,V3,Wind,V3,Wind
1061,V4_WM_Western Victoria,V4_WM_Western Victoria,Wind,VIC,WNV,Western Victoria,V4,New Entrant,V4,V4_WM_Western Victoria,Wind,Wind,Wind,Wind,Wind,Wind,Wind,V4_WM_Western Victoria,Not Applicable,All Wind,All Wind,All Wind,Not Applicable,REZ_V4_Wind,Wind,Wind,V4,Wind,V4,Wind
1062,V5_WM_South West VIC,V5_WM_South West VIC,Wind,VIC,WNV,South West VIC,V5,New Entrant,V5,V5_WM_South West VIC,Wind,Wind,Wind,Wind,Wind,Wind,Wind,V5_WM_South West VIC,Not Applicable,All Wind,All Wind,All Wind,Not Applicable,REZ_V5_Wind,Wind,Wind,V5,Wind,V5,Wind
1063,V6_WM_Gippsland Onshore,V6_WM_Gippsland Onshore,Wind,VIC,SEV,Gippsland Onshore,V6,New Entrant,V6,V6_WM_Gippsland Onshore,Wind,Wind,Wind,Wind,Wind,Wind,Wind,V6_WM_Gippsland Onshore,Not Applicable,All Wind,All Wind,All Wind,Not Applicable,REZ_V6_Wind,Wind,Wind,V6,Wind,V6,Wind
1064,V7_WM_Central North VIC,V7_WM_Central North VIC,Wind,VIC,WNV,Central North VIC,V7,New Entrant,V7,V7_WM_Central North VIC,Wind,Wind,Wind,Wind,Wind,Wind,Wind,V7_WM_Central North VIC,Not Applicable,All Wind,All Wind,All Wind,Not Applicable,REZ_V7_Wind,Wind,Wind,V7,Wind,V7,Wind
1065,S1_WM_South East SA,S1_WM_South East SA,Wind,SA,SESA,South East SA,S1,New Entrant,S1,S1_WM_South East SA,Wind,Wind,Wind,Wind,Wind,Wind,Wind,S1_WM_South East SA,Not Applicable,All Wind,All Wind,All Wind,Not Applicable,REZ_S1_Wind,Wind,Wind,S1,Wind,S1,Wind
1066,S2_WM_Riverland,S2_WM_Riverland,Wind,SA,CSA,Riverland,S2,New Entrant,S2,S2_WM_Riverland,Wind,Wind,Wind,Wind,Wind,Wind,Wind,S2_WM_Riverland,Not Applicable,All Wind,All Wind,All Wind,Not Applicable,REZ_S2_Wind,Wind,Wind,S2,Wind,S2,Wind
1067,S3_WM_Mid-North SA,S3_WM_Mid-North SA,Wind,SA,CSA,Mid-North SA,S3,New Entrant,S3,S3_WM_Mid-North SA,Wind,Wind,Wind,Wind,Wind,Wind,Wind,S3_WM_Mid-North SA,Not Applicable,All Wind,All Wind,All Wind,Not Applicable,REZ_S3_Wind,Wind,Wind,S3,Wind,S3,Wind
1068,S4_WM_Yorke Peninsula,S4_WM_Yorke Peninsula,Wind,SA,CSA,Yorke Peninsula,S4,New Entrant,S4,S4_WM_Yorke Peninsula,Wind,Wind,Wind,Wind,Wind,Wind,Wind,S4_WM_Yorke Peninsula,Not Applicable,All Wind,All Wind,All Wind,Not Applicable,REZ_S4_Wind,Wind,Wind,S4,Wind,S4,Wind
1069,S5_WM_Northern SA,S5_WM_Northern SA,Wind,SA,NSA,Northern SA,S5,New Entrant,S5,S5_WM_Northern SA,Wind,Wind,Wind,Wind,Wind,Wind,Wind,S5_WM_Northern SA,Not Applicable,All Wind,All Wind,All Wind,Not Applicable,REZ_S5_Wind,Wind,Wind,S5,Wind,S5,Wind
1070,S6_WM_Roxby Downs,S6_WM_Roxby Downs,Wind,SA,NSA,Roxby Downs,S6,New Entrant,S6,S6_WM_Roxby Downs,Wind,Wind,Wind,Wind,Wind,Wind,Wind,S6_WM_Roxby Downs,Not Applicable,All Wind,All Wind,All Wind,Not Applicable,REZ_S7_Wind,Wind,Wind,S6,Wind,S6,Wind
1071,S7_WM_Eastern Eyre Peninsula,S7_WM_Eastern Eyre Peninsula,Wind,SA,NSA,Eastern Eyre Peninsula,S7,New Entrant,S7,S7_WM_Eastern Eyre Peninsula,Wind,Wind,Wind,Wind,Wind,Wind,Wind,S7_WM_Eastern Eyre Peninsula,Not Applicable,All Wind,All Wind,All Wind,Not Applicable,REZ_S8_Wind,Wind,Wind,S7,Wind,S7,Wind
1072,S8_WM_Western Eyre Peninsula,S8_WM_Western Eyre Peninsula,Wind,SA,NSA,Western Eyre Peninsula,S8,New Entrant,S8,S8_WM_Western Eyre Peninsula,Wind,Wind,Wind,Wind,Wind,Wind,Wind,S8_WM_Western Eyre Peninsula,Not Applicable,All Wind,All Wind,All Wind,Not Applicable,REZ_S9_Wind,Wind,Wind,S8,Wind,S8,Wind
1073,T1_WM_North East TAS,T1_WM_North East TAS,Wind,TAS,TAS,North East Tasmania,T1,New Entrant,T1,T1_WM_North East TAS,Wind,Wind,Wind,Wind,Wind,Wind,Wind,T1_WM_North East TAS,Not Applicable,All Wind,All Wind,All Wind,Not Applicable,REZ_T1_Wind,Wind,Wind,T1,Wind,T1,Wind
1074,T2_WM_North West TAS,T2_WM_North West TAS,Wind,TAS,TAS,North West Tasmania,T2,New Entrant,T2,T2_WM_North West TAS,Wind,Wind,Wind,Wind,Wind,Wind,Wind,T2_WM_North West TAS,Not Applicable,All Wind,All Wind,All Wind,Not Applicable,REZ_T2_Wind,Wind,Wind,T2,Wind,T2,Wind
1075,T3_WM_Central Highlands,T3_WM_Central Highlands,Wind,TAS,TAS,Central Highlands,T3,New Entrant,T3,T3_WM_Central Highlands,Wind,Wind,Wind,Wind,Wind,Wind,Wind,T3_WM_Central Highlands,Not Applicable,All Wind,All Wind,All Wind,Not Applicable,REZ_T3_Wind,Wind,Wind,T3,Wind,T3,Wind
1076,N0_WM_NSW,N0_WM_NSW,Wind,NSW,CNSW,New South Wales Non-REZ,N0,New Entrant,N0,N0_WM_NSW,Wind,Wind,Wind,Wind,Wind,Wind,Wind,N0_WM_NSW,Not Applicable,All Wind,All Wind,All Wind,Not Applicable,N0_Wind,Wind,Wind,N0,Wind,N0,Wind
1077,V0_WM_VIC,V0_WM_VIC,Wind,VIC,SEV,Victorian Non-REZ,V0,New Entrant,V0,V0_WM_VIC,Wind,Wind,Wind,Wind,Wind,Wind,Wind,V0_WM_VIC,Not Applicable,All Wind,All Wind,All Wind,Not Applicable,V0_Wind,Wind,Wind,V0,Wind,V0,Wind
1078,N10_WFX_Hunter Coast,N10_WFX_Hunter Coast,Wind - offshore (fixed),NSW,SNW,Hunter Coast,N10,New Entrant,N10,N10_WFX_Hunter Coast,Wind,Wind,Wind - offshore (fixed),Wind - offshore (fixed),Wind - offshore (fixed),Wind - offshore (fixed),Wind - offshore (fixed),N10_WFX_Hunter Coast,Not Applicable,All Wind,All Wind,All Wind,Not Applicable,REZ_N10_Wind,Wind - offshore (fixed),Wind - offshore (fixed),N10,Wind - offshore (fixed),N10,Wind - offshore (fixed)
1079,N11_WFX_Illawarra Coast,N11_WFX_Illawarra Coast,Wind - offshore (fixed),NSW,SNW,Illawarra Coast,N11,New Entrant,N11,N11_WFX_Illawarra Coast,Wind,Wind,Wind - offshore (fixed),Wind - offshore (fixed),Wind - offshore (fixed),Wind - offshore (fixed),Wind - offshore (fixed),N11_WFX_Illawarra Coast,Not Applicable,All Wind,All Wind,All Wind,Not Applicable,REZ_N11_Wind,Wind - offshore (fixed),Wind - offshore (fixed),N11,Wind - offshore (fixed),N11,Wind - offshore (fixed)
1080,V8_WFX_Gippsland Offshore,V8_WFX_Gippsland Offshore,Wind - offshore (fixed),VIC,SEV,Gippsland Offshore,V8,New Entrant,V8,V8_WFX_Gippsland Offshore,Wind,Wind,Wind - offshore (fixed),Wind - offshore (fixed),Wind - offshore (fixed),Wind - offshore (fixed),Wind - offshore (fixed),V8_WFX_Gippsland Offshore,Not Applicable,All Wind,All Wind,All Wind,Not Applicable,REZ_V8_Wind,Wind - offshore (fixed),Wind - offshore (fixed),V8,Wind - offshore (fixed),V8,Wind - offshore (fixed)
1081,V9_WFX_Southern Ocean,V9_WFX_Southern Ocean,Wind - offshore (fixed),VIC,WNV,Southern Ocean,V9,New Entrant,V9,V9_WFX_Southern Ocean,Wind,Wind,Wind - offshore (fixed),Wind - offshore (fixed),Wind - offshore (fixed),Wind - offshore (fixed),Wind - offshore (fixed),V9_WFX_Southern Ocean,Not Applicable,All Wind,All Wind,All Wind,Not Applicable,REZ_V9_Wind,Wind - offshore (fixed),Wind - offshore (fixed),V9,Wind - offshore (fixed),V9,Wind - offshore (fixed)
1082,T4_WFX_North Tasmania Coast,T4_WFX_North Tasmania Coast,Wind - offshore (fixed),TAS,TAS,North Tasmania Coast,T4,New Entrant,T4,T4_WFX_North Tasmania Coast,Wind,Wind,Wind - offshore (fixed),Wind - offshore (fixed),Wind - offshore (fixed),Wind - offshore (fixed),Wind - offshore (fixed),T4_WFX_North Tasmania Coast,Not Applicable,All Wind,All Wind,All Wind,Not Applicable,REZ_T4_Wind,Wind - offshore (fixed),Wind - offshore (fixed),T4,Wind - offshore (fixed),T4,Wind - offshore (fixed)
1083,N10_WFL_Hunter Coast,N10_WFL_Hunter Coast,Wind - offshore (floating),NSW,SNW,Hunter Coast,N10,New Entrant,N10,N10_WFL_Hunter Coast,Wind,Wind,Wind - offshore (floating),Wind - offshore (floating),Wind - offshore (floating),Wind - offshore (floating),Wind - offshore (floating),N10_WFL_Hunter Coast,Not Applicable,All Wind,All Wind,All Wind,Not Applicable,REZ_N10_Wind,Wind - offshore (floating),Wind - offshore (floating),N10,Wind - offshore (floating),N10,Wind - offshore (floating)
1084,N11_WFL_Illawarra Coast,N11_WFL_Illawarra Coast,Wind - offshore (floating),NSW,SNW,Illawarra Coast,N11,New Entrant,N11,N11_WFL_Illawarra Coast,Wind,Wind,Wind - offshore (floating),Wind - offshore (floating),Wind - offshore (floating),Wind - offshore (floating),Wind - offshore (floating),N11_WFL_Illawarra Coast,Not Applicable,All Wind,All Wind,All Wind,Not Applicable,REZ_N11_Wind,Wind - offshore (floating),Wind - offshore (floating),N11,Wind - offshore (floating),N11,Wind - offshore (floating)
1085,V8_WFL_Gippsland Offshore,V8_WFL_Gippsland Offshore,Wind - offshore (floating),VIC,SEV,Gippsland Offshore,V8,New Entrant,V8,V8_WFL_Gippsland Offshore,Wind,Wind,Wind - offshore (floating),Wind - offshore (floating),Wind - offshore (floating),Wind - offshore (floating),Wind - offshore (floating),V8_WFL_Gippsland Offshore,Not Applicable,All Wind,All Wind,All Wind,Not Applicable,REZ_V8_Wind,Wind - offshore (floating),Wind - offshore (floating),V8,Wind - offshore (floating),V8,Wind - offshore (floating)
1086,V9_WFL_Southern Ocean,V9_WFL_Southern Ocean,Wind - offshore (floating),VIC,WNV,Southern Ocean,V9,New Entrant,V9,V9_WFL_Southern Ocean,Wind,Wind,Wind - offshore (floating),Wind - offshore (floating),Wind - offshore (floating),Wind - offshore (floating),Wind - offshore (floating),V9_WFL_Southern Ocean,Not Applicable,All Wind,All Wind,All Wind,Not Applicable,REZ_V9_Wind,Wind - offshore (floating),Wind - offshore (floating),V9,Wind - offshore (floating),V9,Wind - offshore (floating)
1087,T4_WFL_North Tasmania Coast,T4_WFL_North Tasmania Coast,Wind - offshore (floating),TAS,TAS,North Tasmania Coast,T4,New Entrant,T4,T4_WFL_North Tasmania Coast,Wind,Wind,Wind - offshore (floating),Wind - offshore (floating),Wind - offshore (floating),Wind - offshore (floating),Wind - offshore (floating),T4_WFL_North Tasmania Coast,Not Applicable,All Wind,All Wind,All Wind,Not Applicable,REZ_T4_Wind,Wind - offshore (floating),Wind - offshore (floating),T4,Wind - offshore (floating),T4,Wind - offshore (floating)
1088,NQ Battery - 1h,NQ Battery - 1h,Battery Storage (1hr storage),QLD,NQ,Not Applicable,Not Applicable,New Entrant,NQ,NQ Battery - 1h,Battery,Battery,Battery Storage (1hr storage),Battery Storage (1hr storage),Battery Storage (1hr storage),Battery Storage (1hr storage),Battery Storage (1hr storage),NQ Battery - 1h,Not Applicable,Battery Storage (1hr storage),Battery Storage (1hr storage),Battery Storage (1hr storage),Not Applicable,NE_NQ,Battery Storage (1hr storage),Battery Storage (1hr storage),NQ,Battery Storage (1hr storage),NQ,Battery Storage (1hr storage)
1089,CQ Battery - 1h,CQ Battery - 1h,Battery Storage (1hr storage),QLD,CQ,Not Applicable,Not Applicable,New Entrant,CQ,CQ Battery - 1h,Battery,Battery,Battery Storage (1hr storage),Battery Storage (1hr storage),Battery Storage (1hr storage),Battery Storage (1hr storage),Battery Storage (1hr storage),CQ Battery - 1h,Not Applicable,Battery Storage (1hr storage),Battery Storage (1hr storage),Battery Storage (1hr storage),Not Applicable,NE_CQ,Battery Storage (1hr storage),Battery Storage (1hr storage),CQ,Battery Storage (1hr storage),CQ,Battery Storage (1hr storage)
1090,GG Battery - 1h,GG Battery - 1h,Battery Storage (1hr storage),QLD,GG,Not Applicable,Not Applicable,New Entrant,GG,GG Battery - 1h,Battery,Battery,Battery Storage (1hr storage),Battery Storage (1hr storage),Battery Storage (1hr storage),Battery Storage (1hr storage),Battery Storage (1hr storage),GG Battery - 1h,Not Applicable,Battery Storage (1hr storage),Battery Storage (1hr storage),Battery Storage (1hr storage),Not Applicable,NE_GG,Battery Storage (1hr storage),Battery Storage (1hr storage),GG,Battery Storage (1hr storage),GG,Battery Storage (1hr storage)
1091,SQ Battery - 1h,SQ Battery - 1h,Battery Storage (1hr storage),QLD,SQ,Not Applicable,Not Applicable,New Entrant,SQ,SQ Battery - 1h,Battery,Battery,Battery Storage (1hr storage),Battery Storage (1hr storage),Battery Storage (1hr storage),Battery Storage (1hr storage),Battery Storage (1hr storage),SQ Battery - 1h,Not Applicable,Battery Storage (1hr storage),Battery Storage (1hr storage),Battery Storage (1hr storage),Not Applicable,NE_SQ,Battery Storage (1hr storage),Battery Storage (1hr storage),SQ,Battery Storage (1hr storage),SQ,Battery Storage (1hr storage)
1092,NNSW Battery - 1h,NNSW Battery - 1h,Battery Storage (1hr storage),NSW,NNSW,Not Applicable,Not Applicable,New Entrant,NNSW,NNSW Battery - 1h,Battery,Battery,Battery Storage (1hr storage),Battery Storage (1hr storage),Battery Storage (1hr storage),Battery Storage (1hr storage),Battery Storage (1hr storage),NNSW Battery - 1h,Not Applicable,Battery Storage (1hr storage),Battery Storage (1hr storage),Battery Storage (1hr storage),Not Applicable,NE_NNSW,Battery Storage (1hr storage),Battery Storage (1hr storage),NNSW,Battery Storage (1hr storage),NNSW,Battery Storage (1hr storage)
1093,CNSW Battery - 1h,CNSW Battery - 1h,Battery Storage (1hr storage),NSW,CNSW,Not Applicable,Not Applicable,New Entrant,CNSW,CNSW Battery - 1h,Battery,Battery,Battery Storage (1hr storage),Battery Storage (1hr storage),Battery Storage (1hr storage),Battery Storage (1hr storage),Battery Storage (1hr storage),CNSW Battery - 1h,Not Applicable,Battery Storage (1hr storage),Battery Storage (1hr storage),Battery Storage (1hr storage),Not Applicable,NE_CNSW,Battery Storage (1hr storage),Battery Storage (1hr storage),CNSW,Battery Storage (1hr storage),CNSW,Battery Storage (1hr storage)
1094,SNW Battery - 1h,SNW Battery - 1h,Battery Storage (1hr storage),NSW,SNW,Not Applicable,Not Applicable,New Entrant,SNW,SNW Battery - 1h,Battery,Battery,Battery Storage (1hr storage),Battery Storage (1hr storage),Battery Storage (1hr storage),Battery Storage (1hr storage),Battery Storage (1hr storage),SNW Battery - 1h,Not Applicable,Battery Storage (1hr storage),Battery Storage (1hr storage),Battery Storage (1hr storage),Not Applicable,NE_SNW,Battery Storage (1hr storage),Battery Storage (1hr storage),SNW,Battery Storage (1hr storage),SNW,Battery Storage (1hr storage)
1095,SNSW Battery - 1h,SNSW Battery - 1h,Battery Storage (1hr storage),NSW,SNSW,Not Applicable,Not Applicable,New Entrant,SNSW,SNSW Battery - 1h,Battery,Battery,Battery Storage (1hr storage),Battery Storage (1hr storage),Battery Storage (1hr storage),Battery Storage (1hr storage),Battery Storage (1hr storage),SNSW Battery - 1h,Not Applicable,Battery Storage (1hr storage),Battery Storage (1hr storage),Battery Storage (1hr storage),Not Applicable,NE_SNSW,Battery Storage (1hr storage),Battery Storage (1hr storage),SNSW,Battery Storage (1hr storage),SNSW,Battery Storage (1hr storage)
1096,MEL Battery - 1h,MEL Battery - 1h,Battery Storage (1hr storage),VIC,MEL,Not Applicable,Not Applicable,New Entrant,MEL,MEL Battery - 1h,Battery,Battery,Battery Storage (1hr storage),Battery Storage (1hr storage),Battery Storage (1hr storage),Battery Storage (1hr storage),Battery Storage (1hr storage),MEL Battery - 1h,Not Applicable,Battery Storage (1hr storage),Battery Storage (1hr storage),Battery Storage (1hr storage),Not Applicable,NE_VIC1,Battery Storage (1hr storage),Battery Storage (1hr storage),MEL,Battery Storage (1hr storage),MEL,Battery Storage (1hr storage)
1097,SEV Battery - 1h,SEV Battery - 1h,Battery Storage (1hr storage),VIC,SEV,Not Applicable,Not Applicable,New Entrant,SEV,SEV Battery - 1h,Battery,Battery,Battery Storage (1hr storage),Battery Storage (1hr storage),Battery Storage (1hr storage),Battery Storage (1hr storage),Battery Storage (1hr storage),SEV Battery - 1h,Not Applicable,Battery Storage (1hr storage),Battery Storage (1hr storage),Battery Storage (1hr storage),Not Applicable,NE_VIC1,Battery Storage (1hr storage),Battery Storage (1hr storage),SEV,Battery Storage (1hr storage),SEV,Battery Storage (1hr storage)
1098,WNV Battery - 1h,WNV Battery - 1h,Battery Storage (1hr storage),VIC,WNV,Not Applicable,Not Applicable,New Entrant,WNV,WNV Battery - 1h,Battery,Battery,Battery Storage (1hr storage),Battery Storage (1hr storage),Battery Storage (1hr storage),Battery Storage (1hr storage),Battery Storage (1hr storage),WNV Battery - 1h,Not Applicable,Battery Storage (1hr storage),Battery Storage (1hr storage),Battery Storage (1hr storage),Not Applicable,NE_VIC1,Battery Storage (1hr storage),Battery Storage (1hr storage),WNV,Battery Storage (1hr storage),WNV,Battery Storage (1hr storage)
1099,CSA Battery - 1h,CSA Battery - 1h,Battery Storage (1hr storage),SA,CSA,Not Applicable,Not Applicable,New Entrant,CSA,CSA Battery - 1h,Battery,Battery,Battery Storage (1hr storage),Battery Storage (1hr storage),Battery Storage (1hr storage),Battery Storage (1hr storage),Battery Storage (1hr storage),CSA Battery - 1h,Not Applicable,Battery Storage (1hr storage),Battery Storage (1hr storage),Battery Storage (1hr storage),Not Applicable,NE_CSA,Battery Storage (1hr storage),Battery Storage (1hr storage),CSA,Battery Storage (1hr storage),CSA,Battery Storage (1hr storage)
1100,SESA Battery - 1h,SESA Battery - 1h,Battery Storage (1hr storage),SA,SESA,Not Applicable,Not Applicable,New Entrant,SESA,SESA Battery - 1h,Battery,Battery,Battery Storage (1hr storage),Battery Storage (1hr storage),Battery Storage (1hr storage),Battery Storage (1hr storage),Battery Storage (1hr storage),SESA Battery - 1h,Not Applicable,Battery Storage (1hr storage),Battery Storage (1hr storage),Battery Storage (1hr storage),Not Applicable,NE_SESA,Battery Storage (1hr storage),Battery Storage (1hr storage),SESA,Battery Storage (1hr storage),SESA,Battery Storage (1hr storage)
1101,NSA Battery - 1h,NSA Battery - 1h,Battery Storage (1hr storage),SA,NSA,Not Applicable,Not Applicable,New Entrant,NSA,NSA Battery - 1h,Battery,Battery,Battery Storage (1hr storage),Battery Storage (1hr storage),Battery Storage (1hr storage),Battery Storage (1hr storage),Battery Storage (1hr storage),NSA Battery - 1h,Not Applicable,Battery Storage (1hr storage),Battery Storage (1hr storage),Battery Storage (1hr storage),Not Applicable,NE_CSA,Battery Storage (1hr storage),Battery Storage (1hr storage),NSA,Battery Storage (1hr storage),NSA,Battery Storage (1hr storage)
1102,TAS Battery - 1h,TAS Battery - 1h,Battery Storage (1hr storage),TAS,TAS,Not Applicable,Not Applicable,New Entrant,TAS,TAS Battery - 1h,Battery,Battery,Battery Storage (1hr storage),Battery Storage (1hr storage),Battery Storage (1hr storage),Battery Storage (1hr storage),Battery Storage (1hr storage),TAS Battery - 1h,Not Applicable,Battery Storage (1hr storage),Battery Storage (1hr storage),Battery Storage (1hr storage),Not Applicable,NE_TAS1,Battery Storage (1hr storage),Battery Storage (1hr storage),TAS,Battery Storage (1hr storage),TAS,Battery Storage (1hr storage)
1103,NQ Battery - 2h,NQ Battery - 2h,Battery Storage (2hrs storage),QLD,NQ,Not Applicable,Not Applicable,New Entrant,NQ,NQ Battery - 2h,Battery,Battery,Battery Storage (2hrs storage),Battery Storage (2hrs storage),Battery Storage (2hrs storage),Battery Storage (2hrs storage),Battery Storage (2hrs storage),NQ Battery - 2h,Not Applicable,Battery Storage (2hrs storage),Battery Storage (2hrs storage),Battery Storage (2hrs storage),Not Applicable,NE_NQ,Battery Storage (2hrs storage),Battery Storage (2hrs storage),NQ,Battery Storage (2hrs storage),NQ,Battery Storage (2hrs storage)
1104,CQ Battery - 2h,CQ Battery - 2h,Battery Storage (2hrs storage),QLD,CQ,Not Applicable,Not Applicable,New Entrant,CQ,CQ Battery - 2h,Battery,Battery,Battery Storage (2hrs storage),Battery Storage (2hrs storage),Battery Storage (2hrs storage),Battery Storage (2hrs storage),Battery Storage (2hrs storage),CQ Battery - 2h,Not Applicable,Battery Storage (2hrs storage),Battery Storage (2hrs storage),Battery Storage (2hrs storage),Not Applicable,NE_CQ,Battery Storage (2hrs storage),Battery Storage (2hrs storage),CQ,Battery Storage (2hrs storage),CQ,Battery Storage (2hrs storage)
1105,GG Battery - 2h,GG Battery - 2h,Battery Storage (2hrs storage),QLD,GG,Not Applicable,Not Applicable,New Entrant,GG,GG Battery - 2h,Battery,Battery,Battery Storage (2hrs storage),Battery Storage (2hrs storage),Battery Storage (2hrs storage),Battery Storage (2hrs storage),Battery Storage (2hrs storage),GG Battery - 2h,Not Applicable,Battery Storage (2hrs storage),Battery Storage (2hrs storage),Battery Storage (2hrs storage),Not Applicable,NE_GG,Battery Storage (2hrs storage),Battery Storage (2hrs storage),GG,Battery Storage (2hrs storage),GG,Battery Storage (2hrs storage)
1106,SQ Battery - 2h,SQ Battery - 2h,Battery Storage (2hrs storage),QLD,SQ,Not Applicable,Not Applicable,New Entrant,SQ,SQ Battery - 2h,Battery,Battery,Battery Storage (2hrs storage),Battery Storage (2hrs storage),Battery Storage (2hrs storage),Battery Storage (2hrs storage),Battery Storage (2hrs storage),SQ Battery - 2h,Not Applicable,Battery Storage (2hrs storage),Battery Storage (2hrs storage),Battery Storage (2hrs storage),Not Applicable,NE_SQ,Battery Storage (2hrs storage),Battery Storage (2hrs storage),SQ,Battery Storage (2hrs storage),SQ,Battery Storage (2hrs storage)
1107,NNSW Battery - 2h,NNSW Battery - 2h,Battery Storage (2hrs storage),NSW,NNSW,Not Applicable,Not Applicable,New Entrant,NNSW,NNSW Battery - 2h,Battery,Battery,Battery Storage (2hrs storage),Battery Storage (2hrs storage),Battery Storage (2hrs storage),Battery Storage (2hrs storage),Battery Storage (2hrs storage),NNSW Battery - 2h,Not Applicable,Battery Storage (2hrs storage),Battery Storage (2hrs storage),Battery Storage (2hrs storage),Not Applicable,NE_NNSW,Battery Storage (2hrs storage),Battery Storage (2hrs storage),NNSW,Battery Storage (2hrs storage),NNSW,Battery Storage (2hrs storage)
1108,CNSW Battery - 2h,CNSW Battery - 2h,Battery Storage (2hrs storage),NSW,CNSW,Not Applicable,Not Applicable,New Entrant,CNSW,CNSW Battery - 2h,Battery,Battery,Battery Storage (2hrs storage),Battery Storage (2hrs storage),Battery Storage (2hrs storage),Battery Storage (2hrs storage),Battery Storage (2hrs storage),CNSW Battery - 2h,Not Applicable,Battery Storage (2hrs storage),Battery Storage (2hrs storage),Battery Storage (2hrs storage),Not Applicable,NE_CNSW,Battery Storage (2hrs storage),Battery Storage (2hrs storage),CNSW,Battery Storage (2hrs storage),CNSW,Battery Storage (2hrs storage)
1109,SNW Battery - 2h,SNW Battery - 2h,Battery Storage (2hrs storage),NSW,SNW,Not Applicable,Not Applicable,New Entrant,SNW,SNW Battery - 2h,Battery,Battery,Battery Storage (2hrs storage),Battery Storage (2hrs storage),Battery Storage (2hrs storage),Battery Storage (2hrs storage),Battery Storage (2hrs storage),SNW Battery - 2h,Not Applicable,Battery Storage (2hrs storage),Battery Storage (2hrs storage),Battery Storage (2hrs storage),Not Applicable,NE_SNW,Battery Storage (2hrs storage),Battery Storage (2hrs storage),SNW,Battery Storage (2hrs storage),SNW,Battery Storage (2hrs storage)
1110,SNSW Battery - 2h,SNSW Battery - 2h,Battery Storage (2hrs storage),NSW,SNSW,Not Applicable,Not Applicable,New Entrant,SNSW,SNSW Battery - 2h,Battery,Battery,Battery Storage (2hrs storage),Battery Storage (2hrs storage),Battery Storage (2hrs storage),Battery Storage (2hrs storage),Battery Storage (2hrs storage),SNSW Battery - 2h,Not Applicable,Battery Storage (2hrs storage),Battery Storage (2hrs storage),Battery Storage (2hrs storage),Not Applicable,NE_SNSW,Battery Storage (2hrs storage),Battery Storage (2hrs storage),SNSW,Battery Storage (2hrs storage),SNSW,Battery Storage (2hrs storage)
1111,MEL Battery - 2h,MEL Battery - 2h,Battery Storage (2hrs storage),VIC,MEL,Not Applicable,Not Applicable,New Entrant,MEL,MEL Battery - 2h,Battery,Battery,Battery Storage (2hrs storage),Battery Storage (2hrs storage),Battery Storage (2hrs storage),Battery Storage (2hrs storage),Battery Storage (2hrs storage),MEL Battery - 2h,Not Applicable,Battery Storage (2hrs storage),Battery Storage (2hrs storage),Battery Storage (2hrs storage),Not Applicable,NE_VIC1,Battery Storage (2hrs storage),Battery Storage (2hrs storage),MEL,Battery Storage (2hrs storage),MEL,Battery Storage (2hrs storage)
1112,SEV Battery - 2h,SEV Battery - 2h,Battery Storage (2hrs storage),VIC,SEV,Not Applicable,Not Applicable,New Entrant,SEV,SEV Battery - 2h,Battery,Battery,Battery Storage (2hrs storage),Battery Storage (2hrs storage),Battery Storage (2hrs storage),Battery Storage (2hrs storage),Battery Storage (2hrs storage),SEV Battery - 2h,Not Applicable,Battery Storage (2hrs storage),Battery Storage (2hrs storage),Battery Storage (2hrs storage),Not Applicable,NE_VIC1,Battery Storage (2hrs storage),Battery Storage (2hrs storage),SEV,Battery Storage (2hrs storage),SEV,Battery Storage (2hrs storage)
1113,WNV Battery - 2h,WNV Battery - 2h,Battery Storage (2hrs storage),VIC,WNV,Not Applicable,Not Applicable,New Entrant,WNV,WNV Battery - 2h,Battery,Battery,Battery Storage (2hrs storage),Battery Storage (2hrs storage),Battery Storage (2hrs storage),Battery Storage (2hrs storage),Battery Storage (2hrs storage),WNV Battery - 2h,Not Applicable,Battery Storage (2hrs storage),Battery Storage (2hrs storage),Battery Storage (2hrs storage),Not Applicable,NE_VIC1,Battery Storage (2hrs storage),Battery Storage (2hrs storage),WNV,Battery Storage (2hrs storage),WNV,Battery Storage (2hrs storage)
1114,CSA Battery - 2h,CSA Battery - 2h,Battery Storage (2hrs storage),SA,CSA,Not Applicable,Not Applicable,New Entrant,CSA,CSA Battery - 2h,Battery,Battery,Battery Storage (2hrs storage),Battery Storage (2hrs storage),Battery Storage (2hrs storage),Battery Storage (2hrs storage),Battery Storage (2hrs storage),CSA Battery - 2h,Not Applicable,Battery Storage (2hrs storage),Battery Storage (2hrs storage),Battery Storage (2hrs storage),Not Applicable,NE_CSA,Battery Storage (2hrs storage),Battery Storage (2hrs storage),CSA,Battery Storage (2hrs storage),CSA,Battery Storage (2hrs storage)
1115,SESA Battery - 2h,SESA Battery - 2h,Battery Storage (2hrs storage),SA,SESA,Not Applicable,Not Applicable,New Entrant,SESA,SESA Battery - 2h,Battery,Battery,Battery Storage (2hrs storage),Battery Storage (2hrs storage),Battery Storage (2hrs storage),Battery Storage (2hrs storage),Battery Storage (2hrs storage),SESA Battery - 2h,Not Applicable,Battery Storage (2hrs storage),Battery Storage (2hrs storage),Battery Storage (2hrs storage),Not Applicable,NE_SESA,Battery Storage (2hrs storage),Battery Storage (2hrs storage),SESA,Battery Storage (2hrs storage),SESA,Battery Storage (2hrs storage)
1116,NSA Battery - 2h,NSA Battery - 2h,Battery Storage (2hrs storage),SA,NSA,Not Applicable,Not Applicable,New Entrant,NSA,NSA Battery - 2h,Battery,Battery,Battery Storage (2hrs storage),Battery Storage (2hrs storage),Battery Storage (2hrs storage),Battery Storage (2hrs storage),Battery Storage (2hrs storage),NSA Battery - 2h,Not Applicable,Battery Storage (2hrs storage),Battery Storage (2hrs storage),Battery Storage (2hrs storage),Not Applicable,NE_CSA,Battery Storage (2hrs storage),Battery Storage (2hrs storage),NSA,Battery Storage (2hrs storage),NSA,Battery Storage (2hrs storage)
1117,TAS Battery - 2h,TAS Battery - 2h,Battery Storage (2hrs storage),TAS,TAS,Not Applicable,Not Applicable,New Entrant,TAS,TAS Battery - 2h,Battery,Battery,Battery Storage (2hrs storage),Battery Storage (2hrs storage),Battery Storage (2hrs storage),Battery Storage (2hrs storage),Battery Storage (2hrs storage),TAS Battery - 2h,Not Applicable,Battery Storage (2hrs storage),Battery Storage (2hrs storage),Battery Storage (2hrs storage),Not Applicable,NE_TAS1,Battery Storage (2hrs storage),Battery Storage (2hrs storage),TAS,Battery Storage (2hrs storage),TAS,Battery Storage (2hrs storage)
1118,Q1 Battery - 2h,Q1 Battery - 2h,Battery Storage (2hrs storage),QLD,NQ,Far North QLD,Q1,New Entrant,Q1,Q1 Battery - 2h,Battery,Battery,Battery Storage (2hrs storage),Battery Storage (2hrs storage),Battery Storage (2hrs storage),Battery Storage (2hrs storage),Battery Storage (2hrs storage),Q1 Battery - 2h,Not Applicable,Battery Storage (2hrs storage),Battery Storage (2hrs storage),Battery Storage (2hrs storage),Not Applicable,REZ_Q1_Solar,Battery Storage (2hrs storage),Battery Storage (2hrs storage),Q1,Battery Storage (2hrs storage),Q1,Battery Storage (2hrs storage)
1119,Q2 Battery - 2h,Q2 Battery - 2h,Battery Storage (2hrs storage),QLD,NQ,Hughenden Hub,Q2,New Entrant,Q2,Q2 Battery - 2h,Battery,Battery,Battery Storage (2hrs storage),Battery Storage (2hrs storage),Battery Storage (2hrs storage),Battery Storage (2hrs storage),Battery Storage (2hrs storage),Q2 Battery - 2h,Not Applicable,Battery Storage (2hrs storage),Battery Storage (2hrs storage),Battery Storage (2hrs storage),Not Applicable,REZ_Q2_Solar,Battery Storage (2hrs storage),Battery Storage (2hrs storage),Q2,Battery Storage (2hrs storage),Q2,Battery Storage (2hrs storage)
1120,Q3 Battery - 2h,Q3 Battery - 2h,Battery Storage (2hrs storage),QLD,NQ,Northern Qld,Q3,New Entrant,Q3,Q3 Battery - 2h,Battery,Battery,Battery Storage (2hrs storage),Battery Storage (2hrs storage),Battery Storage (2hrs storage),Battery Storage (2hrs storage),Battery Storage (2hrs storage),Q3 Battery - 2h,Not Applicable,Battery Storage (2hrs storage),Battery Storage (2hrs storage),Battery Storage (2hrs storage),Not Applicable,REZ_Q3_Solar,Battery Storage (2hrs storage),Battery Storage (2hrs storage),Q3,Battery Storage (2hrs storage),Q3,Battery Storage (2hrs storage)
1121,Q4 Battery - 2h,Q4 Battery - 2h,Battery Storage (2hrs storage),QLD,CQ,Isaac,Q4,New Entrant,Q4,Q4 Battery - 2h,Battery,Battery,Battery Storage (2hrs storage),Battery Storage (2hrs storage),Battery Storage (2hrs storage),Battery Storage (2hrs storage),Battery Storage (2hrs storage),Q4 Battery - 2h,Not Applicable,Battery Storage (2hrs storage),Battery Storage (2hrs storage),Battery Storage (2hrs storage),Not Applicable,REZ_Q4_Solar,Battery Storage (2hrs storage),Battery Storage (2hrs storage),Q4,Battery Storage (2hrs storage),Q4,Battery Storage (2hrs storage)
1122,Q5 Battery - 2h,Q5 Battery - 2h,Battery Storage (2hrs storage),QLD,CQ,Barcaldine,Q5,New Entrant,Q5,Q5 Battery - 2h,Battery,Battery,Battery Storage (2hrs storage),Battery Storage (2hrs storage),Battery Storage (2hrs storage),Battery Storage (2hrs storage),Battery Storage (2hrs storage),Q5 Battery - 2h,Not Applicable,Battery Storage (2hrs storage),Battery Storage (2hrs storage),Battery Storage (2hrs storage),Not Applicable,REZ_Q5_Solar,Battery Storage (2hrs storage),Battery Storage (2hrs storage),Q5,Battery Storage (2hrs storage),Q5,Battery Storage (2hrs storage)
1123,Q6 Battery - 2h,Q6 Battery - 2h,Battery Storage (2hrs storage),QLD,CQ,Fitzroy,Q6,New Entrant,Q6,Q6 Battery - 2h,Battery,Battery,Battery Storage (2hrs storage),Battery Storage (2hrs storage),Battery Storage (2hrs storage),Battery Storage (2hrs storage),Battery Storage (2hrs storage),Q6 Battery - 2h,Not Applicable,Battery Storage (2hrs storage),Battery Storage (2hrs storage),Battery Storage (2hrs storage),Not Applicable,REZ_Q6_Solar,Battery Storage (2hrs storage),Battery Storage (2hrs storage),Q6,Battery Storage (2hrs storage),Q6,Battery Storage (2hrs storage)
1124,Q7 Battery - 2h,Q7 Battery - 2h,Battery Storage (2hrs storage),QLD,SQ,Wide Bay,Q7,New Entrant,Q7,Q7 Battery - 2h,Battery,Battery,Battery Storage (2hrs storage),Battery Storage (2hrs storage),Battery Storage (2hrs storage),Battery Storage (2hrs storage),Battery Storage (2hrs storage),Q7 Battery - 2h,Not Applicable,Battery Storage (2hrs storage),Battery Storage (2hrs storage),Battery Storage (2hrs storage),Not Applicable,REZ_Q7_Solar,Battery Storage (2hrs storage),Battery Storage (2hrs storage),Q7,Battery Storage (2hrs storage),Q7,Battery Storage (2hrs storage)
1125,Q8 Battery - 2h,Q8 Battery - 2h,Battery Storage (2hrs storage),QLD,SQ,Darling Downs,Q8,New Entrant,Q8,Q8 Battery - 2h,Battery,Battery,Battery Storage (2hrs storage),Battery Storage (2hrs storage),Battery Storage (2hrs storage),Battery Storage (2hrs storage),Battery Storage (2hrs storage),Q8 Battery - 2h,Not Applicable,Battery Storage (2hrs storage),Battery Storage (2hrs storage),Battery Storage (2hrs storage),Not Applicable,REZ_Q8_Solar,Battery Storage (2hrs storage),Battery Storage (2hrs storage),Q8,Battery Storage (2hrs storage),Q8,Battery Storage (2hrs storage)
1126,Q9 Battery - 2h,Q9 Battery - 2h,Battery Storage (2hrs storage),QLD,CQ,Banana,Q9,New Entrant,Q9,Q9 Battery - 2h,Battery,Battery,Battery Storage (2hrs storage),Battery Storage (2hrs storage),Battery Storage (2hrs storage),Battery Storage (2hrs storage),Battery Storage (2hrs storage),Q9 Battery - 2h,Not Applicable,Battery Storage (2hrs storage),Battery Storage (2hrs storage),Battery Storage (2hrs storage),Not Applicable,REZ_Q9_Solar,Battery Storage (2hrs storage),Battery Storage (2hrs storage),Q9,Battery Storage (2hrs storage),Q9,Battery Storage (2hrs storage)
1127,Q10 Battery - 2h,Q10 Battery - 2h,Battery Storage (2hrs storage),QLD,NQ,Collinsville,Q10,New Entrant,Q10,Q10 Battery - 2h,Battery,Battery,Battery Storage (2hrs storage),Battery Storage (2hrs storage),Battery Storage (2hrs storage),Battery Storage (2hrs storage),Battery Storage (2hrs storage),Q10 Battery - 2h,Not Applicable,Battery Storage (2hrs storage),Battery Storage (2hrs storage),Battery Storage (2hrs storage),Not Applicable,REZ_Q10_Solar,Battery Storage (2hrs storage),Battery Storage (2hrs storage),Q10,Battery Storage (2hrs storage),Q10,Battery Storage (2hrs storage)
1128,N1 Battery - 2h,N1 Battery - 2h,Battery Storage (2hrs storage),NSW,NNSW,North West NSW,N1,New Entrant,N1,N1 Battery - 2h,Battery,Battery,Battery Storage (2hrs storage),Battery Storage (2hrs storage),Battery Storage (2hrs storage),Battery Storage (2hrs storage),Battery Storage (2hrs storage),N1 Battery - 2h,Not Applicable,Battery Storage (2hrs storage),Battery Storage (2hrs storage),Battery Storage (2hrs storage),Not Applicable,REZ_N1_Solar,Battery Storage (2hrs storage),Battery Storage (2hrs storage),N1,Battery Storage (2hrs storage),N1,Battery Storage (2hrs storage)
1129,N2 Battery - 2h,N2 Battery - 2h,Battery Storage (2hrs storage),NSW,NNSW,New England,N2,New Entrant,N2,N2 Battery - 2h,Battery,Battery,Battery Storage (2hrs storage),Battery Storage (2hrs storage),Battery Storage (2hrs storage),Battery Storage (2hrs storage),Battery Storage (2hrs storage),N2 Battery - 2h,Not Applicable,Battery Storage (2hrs storage),Battery Storage (2hrs storage),Battery Storage (2hrs storage),Not Applicable,REZ_N2_Solar,Battery Storage (2hrs storage),Battery Storage (2hrs storage),N2,Battery Storage (2hrs storage),N2,Battery Storage (2hrs storage)
1130,N3 Battery - 2h,N3 Battery - 2h,Battery Storage (2hrs storage),NSW,CNSW,Central-West Orana,N3,New Entrant,N3,N3 Battery - 2h,Battery,Battery,Battery Storage (2hrs storage),Battery Storage (2hrs storage),Battery Storage (2hrs storage),Battery Storage (2hrs storage),Battery Storage (2hrs storage),N3 Battery - 2h,Not Applicable,Battery Storage (2hrs storage),Battery Storage (2hrs storage),Battery Storage (2hrs storage),Not Applicable,REZ_N3_Solar,Battery Storage (2hrs storage),Battery Storage (2hrs storage),N3,Battery Storage (2hrs storage),N3,Battery Storage (2hrs storage)
1131,N4 Battery - 2h,N4 Battery - 2h,Battery Storage (2hrs storage),NSW,SNSW,Broken Hill,N4,New Entrant,N4,N4 Battery - 2h,Battery,Battery,Battery Storage (2hrs storage),Battery Storage (2hrs storage),Battery Storage (2hrs storage),Battery Storage (2hrs storage),Battery Storage (2hrs storage),N4 Battery - 2h,Not Applicable,Battery Storage (2hrs storage),Battery Storage (2hrs storage),Battery Storage (2hrs storage),Not Applicable,REZ_N4_Solar,Battery Storage (2hrs storage),Battery Storage (2hrs storage),N4,Battery Storage (2hrs storage),N4,Battery Storage (2hrs storage)
1132,N5 Battery - 2h,N5 Battery - 2h,Battery Storage (2hrs storage),NSW,SNSW,South West NSW,N5,New Entrant,N5,N5 Battery - 2h,Battery,Battery,Battery Storage (2hrs storage),Battery Storage (2hrs storage),Battery Storage (2hrs storage),Battery Storage (2hrs storage),Battery Storage (2hrs storage),N5 Battery - 2h,Not Applicable,Battery Storage (2hrs storage),Battery Storage (2hrs storage),Battery Storage (2hrs storage),Not Applicable,REZ_N5_Solar,Battery Storage (2hrs storage),Battery Storage (2hrs storage),N5,Battery Storage (2hrs storage),N5,Battery Storage (2hrs storage)
1133,N6 Battery - 2h,N6 Battery - 2h,Battery Storage (2hrs storage),NSW,SNSW,Wagga Wagga,N6,New Entrant,N6,N6 Battery - 2h,Battery,Battery,Battery Storage (2hrs storage),Battery Storage (2hrs storage),Battery Storage (2hrs storage),Battery Storage (2hrs storage),Battery Storage (2hrs storage),N6 Battery - 2h,Not Applicable,Battery Storage (2hrs storage),Battery Storage (2hrs storage),Battery Storage (2hrs storage),Not Applicable,REZ_N6_Solar,Battery Storage (2hrs storage),Battery Storage (2hrs storage),N6,Battery Storage (2hrs storage),N6,Battery Storage (2hrs storage)
1134,N7 Battery - 2h,N7 Battery - 2h,Battery Storage (2hrs storage),NSW,SNSW,Tumut,N7,New Entrant,N7,N7 Battery - 2h,Battery,Battery,Battery Storage (2hrs storage),Battery Storage (2hrs storage),Battery Storage (2hrs storage),Battery Storage (2hrs storage),Battery Storage (2hrs storage),N7 Battery - 2h,Not Applicable,Battery Storage (2hrs storage),Battery Storage (2hrs storage),Battery Storage (2hrs storage),Not Applicable,REZ_N7_Solar,Battery Storage (2hrs storage),Battery Storage (2hrs storage),N7,Battery Storage (2hrs storage),N7,Battery Storage (2hrs storage)
1135,N8 Battery - 2h,N8 Battery - 2h,Battery Storage (2hrs storage),NSW,SNSW,Cooma-Monaro,N8,New Entrant,N8,N8 Battery - 2h,Battery,Battery,Battery Storage (2hrs storage),Battery Storage (2hrs storage),Battery Storage (2hrs storage),Battery Storage (2hrs storage),Battery Storage (2hrs storage),N8 Battery - 2h,Not Applicable,Battery Storage (2hrs storage),Battery Storage (2hrs storage),Battery Storage (2hrs storage),Not Applicable,REZ_N8_Solar,Battery Storage (2hrs storage),Battery Storage (2hrs storage),N8,Battery Storage (2hrs storage),N8,Battery Storage (2hrs storage)
1136,N9a Battery - 2h,N9a Battery - 2h,Battery Storage (2hrs storage),NSW,CNSW,Hunter-Central Coast,N9a,New Entrant,N9a,N9a Battery - 2h,Battery,Battery,Battery Storage (2hrs storage),Battery Storage (2hrs storage),Battery Storage (2hrs storage),Battery Storage (2hrs storage),Battery Storage (2hrs storage),N9a Battery - 2h,Not Applicable,Battery Storage (2hrs storage),Battery Storage (2hrs storage),Battery Storage (2hrs storage),Not Applicable,REZ_N9_Solar,Battery Storage (2hrs storage),Battery Storage (2hrs storage),N9,Battery Storage (2hrs storage),N9,Battery Storage (2hrs storage)
1137,N9b Battery - 2h,N9b Battery - 2h,Battery Storage (2hrs storage),NSW,SNW,Hunter-Central Coast,N9b,New Entrant,N9b,N9b Battery - 2h,Battery,Battery,Battery Storage (2hrs storage),Battery Storage (2hrs storage),Battery Storage (2hrs storage),Battery Storage (2hrs storage),Battery Storage (2hrs storage),N9b Battery - 2h,Not Applicable,Battery Storage (2hrs storage),Battery Storage (2hrs storage),Battery Storage (2hrs storage),Not Applicable,REZ_N9_Solar,Battery Storage (2hrs storage),Battery Storage (2hrs storage),N9,Battery Storage (2hrs storage),N9,Battery Storage (2hrs storage)
1138,N12 Battery - 2h,N12 Battery - 2h,Battery Storage (2hrs storage),NSW,SNW,Illawarra,N12,New Entrant,N12,N12 Battery - 2h,Battery,Battery,Battery Storage (2hrs storage),Battery Storage (2hrs storage),Battery Storage (2hrs storage),Battery Storage (2hrs storage),Battery Storage (2hrs storage),N12 Battery - 2h,Not Applicable,Battery Storage (2hrs storage),Battery Storage (2hrs storage),Battery Storage (2hrs storage),Not Applicable,REZ_N12_Solar,Battery Storage (2hrs storage),Battery Storage (2hrs storage),N12,Battery Storage (2hrs storage),N12,Battery Storage (2hrs storage)
1139,N13 Battery - 2h,N13 Battery - 2h,Battery Storage (2hrs storage),NSW,CNSW,South Cobar,N13,New Entrant,N13,N13 Battery - 2h,Battery,Battery,Battery Storage (2hrs storage),Battery Storage (2hrs storage),Battery Storage (2hrs storage),Battery Storage (2hrs storage),Battery Storage (2hrs storage),N13 Battery - 2h,Not Applicable,Battery Storage (2hrs storage),Battery Storage (2hrs storage),Battery Storage (2hrs storage),Not Applicable,REZ_N13_Solar,Battery Storage (2hrs storage),Battery Storage (2hrs storage),N13,Battery Storage (2hrs storage),N13,Battery Storage (2hrs storage)
1140,V1 Battery - 2h,V1 Battery - 2h,Battery Storage (2hrs storage),VIC,WNV,North West VIC,V1,New Entrant,V1,V1 Battery - 2h,Battery,Battery,Battery Storage (2hrs storage),Battery Storage (2hrs storage),Battery Storage (2hrs storage),Battery Storage (2hrs storage),Battery Storage (2hrs storage),V1 Battery - 2h,Not Applicable,Battery Storage (2hrs storage),Battery Storage (2hrs storage),Battery Storage (2hrs storage),Not Applicable,REZ_V1_Solar,Battery Storage (2hrs storage),Battery Storage (2hrs storage),V1,Battery Storage (2hrs storage),V1,Battery Storage (2hrs storage)
1141,V2 Battery - 2h,V2 Battery - 2h,Battery Storage (2hrs storage),VIC,WNV,Central Highlands VIC,V2,New Entrant,V2,V2 Battery - 2h,Battery,Battery,Battery Storage (2hrs storage),Battery Storage (2hrs storage),Battery Storage (2hrs storage),Battery Storage (2hrs storage),Battery Storage (2hrs storage),V2 Battery - 2h,Not Applicable,Battery Storage (2hrs storage),Battery Storage (2hrs storage),Battery Storage (2hrs storage),Not Applicable,REZ_V2_Solar,Battery Storage (2hrs storage),Battery Storage (2hrs storage),V2,Battery Storage (2hrs storage),V2,Battery Storage (2hrs storage)
1142,V3 Battery - 2h,V3 Battery - 2h,Battery Storage (2hrs storage),VIC,WNV,Western Victoria,V3,New Entrant,V3,V3 Battery - 2h,Battery,Battery,Battery Storage (2hrs storage),Battery Storage (2hrs storage),Battery Storage (2hrs storage),Battery Storage (2hrs storage),Battery Storage (2hrs storage),V3 Battery - 2h,Not Applicable,Battery Storage (2hrs storage),Battery Storage (2hrs storage),Battery Storage (2hrs storage),Not Applicable,REZ_V3_Solar,Battery Storage (2hrs storage),Battery Storage (2hrs storage),V3,Battery Storage (2hrs storage),V3,Battery Storage (2hrs storage)
1143,V4 Battery - 2h,V4 Battery - 2h,Battery Storage (2hrs storage),VIC,WNV,Western Victoria,V4,New Entrant,V4,V4 Battery - 2h,Battery,Battery,Battery Storage (2hrs storage),Battery Storage (2hrs storage),Battery Storage (2hrs storage),Battery Storage (2hrs storage),Battery Storage (2hrs storage),V4 Battery - 2h,Not Applicable,Battery Storage (2hrs storage),Battery Storage (2hrs storage),Battery Storage (2hrs storage),Not Applicable,REZ_V4_Solar,Battery Storage (2hrs storage),Battery Storage (2hrs storage),V4,Battery Storage (2hrs storage),V4,Battery Storage (2hrs storage)
1144,V5 Battery - 2h,V5 Battery - 2h,Battery Storage (2hrs storage),VIC,WNV,South West VIC,V5,New Entrant,V5,V5 Battery - 2h,Battery,Battery,Battery Storage (2hrs storage),Battery Storage (2hrs storage),Battery Storage (2hrs storage),Battery Storage (2hrs storage),Battery Storage (2hrs storage),V5 Battery - 2h,Not Applicable,Battery Storage (2hrs storage),Battery Storage (2hrs storage),Battery Storage (2hrs storage),Not Applicable,REZ_V5_Solar,Battery Storage (2hrs storage),Battery Storage (2hrs storage),V5,Battery Storage (2hrs storage),V5,Battery Storage (2hrs storage)
1145,V6 Battery - 2h,V6 Battery - 2h,Battery Storage (2hrs storage),VIC,SEV,Gippsland Onshore,V6,New Entrant,V6,V6 Battery - 2h,Battery,Battery,Battery Storage (2hrs storage),Battery Storage (2hrs storage),Battery Storage (2hrs storage),Battery Storage (2hrs storage),Battery Storage (2hrs storage),V6 Battery - 2h,Not Applicable,Battery Storage (2hrs storage),Battery Storage (2hrs storage),Battery Storage (2hrs storage),Not Applicable,REZ_V6_Solar,Battery Storage (2hrs storage),Battery Storage (2hrs storage),V6,Battery Storage (2hrs storage),V6,Battery Storage (2hrs storage)
1146,V7 Battery - 2h,V7 Battery - 2h,Battery Storage (2hrs storage),VIC,WNV,Central North VIC,V7,New Entrant,V7,V7 Battery - 2h,Battery,Battery,Battery Storage (2hrs storage),Battery Storage (2hrs storage),Battery Storage (2hrs storage),Battery Storage (2hrs storage),Battery Storage (2hrs storage),V7 Battery - 2h,Not Applicable,Battery Storage (2hrs storage),Battery Storage (2hrs storage),Battery Storage (2hrs storage),Not Applicable,REZ_V7_Solar,Battery Storage (2hrs storage),Battery Storage (2hrs storage),V7,Battery Storage (2hrs storage),V7,Battery Storage (2hrs storage)
1147,S1 Battery - 2h,S1 Battery - 2h,Battery Storage (2hrs storage),SA,SESA,South East SA,S1,New Entrant,S1,S1 Battery - 2h,Battery,Battery,Battery Storage (2hrs storage),Battery Storage (2hrs storage),Battery Storage (2hrs storage),Battery Storage (2hrs storage),Battery Storage (2hrs storage),S1 Battery - 2h,Not Applicable,Battery Storage (2hrs storage),Battery Storage (2hrs storage),Battery Storage (2hrs storage),Not Applicable,REZ_S1_Solar,Battery Storage (2hrs storage),Battery Storage (2hrs storage),S1,Battery Storage (2hrs storage),S1,Battery Storage (2hrs storage)
1148,S2 Battery - 2h,S2 Battery - 2h,Battery Storage (2hrs storage),SA,CSA,Riverland,S2,New Entrant,S2,S2 Battery - 2h,Battery,Battery,Battery Storage (2hrs storage),Battery Storage (2hrs storage),Battery Storage (2hrs storage),Battery Storage (2hrs storage),Battery Storage (2hrs storage),S2 Battery - 2h,Not Applicable,Battery Storage (2hrs storage),Battery Storage (2hrs storage),Battery Storage (2hrs storage),Not Applicable,REZ_S2_Solar,Battery Storage (2hrs storage),Battery Storage (2hrs storage),S2,Battery Storage (2hrs storage),S2,Battery Storage (2hrs storage)
1149,S3 Battery - 2h,S3 Battery - 2h,Battery Storage (2hrs storage),SA,CSA,Mid-North SA,S3,New Entrant,S3,S3 Battery - 2h,Battery,Battery,Battery Storage (2hrs storage),Battery Storage (2hrs storage),Battery Storage (2hrs storage),Battery Storage (2hrs storage),Battery Storage (2hrs storage),S3 Battery - 2h,Not Applicable,Battery Storage (2hrs storage),Battery Storage (2hrs storage),Battery Storage (2hrs storage),Not Applicable,REZ_S3_Solar,Battery Storage (2hrs storage),Battery Storage (2hrs storage),S3,Battery Storage (2hrs storage),S3,Battery Storage (2hrs storage)
1150,S4 Battery - 2h,S4 Battery - 2h,Battery Storage (2hrs storage),SA,CSA,Yorke Peninsula,S4,New Entrant,S4,S4 Battery - 2h,Battery,Battery,Battery Storage (2hrs storage),Battery Storage (2hrs storage),Battery Storage (2hrs storage),Battery Storage (2hrs storage),Battery Storage (2hrs storage),S4 Battery - 2h,Not Applicable,Battery Storage (2hrs storage),Battery Storage (2hrs storage),Battery Storage (2hrs storage),Not Applicable,REZ_S4_Solar,Battery Storage (2hrs storage),Battery Storage (2hrs storage),S4,Battery Storage (2hrs storage),S4,Battery Storage (2hrs storage)
1151,S5 Battery - 2h,S5 Battery - 2h,Battery Storage (2hrs storage),SA,NSA,Northern SA,S5,New Entrant,S5,S5 Battery - 2h,Battery,Battery,Battery Storage (2hrs storage),Battery Storage (2hrs storage),Battery Storage (2hrs storage),Battery Storage (2hrs storage),Battery Storage (2hrs storage),S5 Battery - 2h,Not Applicable,Battery Storage (2hrs storage),Battery Storage (2hrs storage),Battery Storage (2hrs storage),Not Applicable,REZ_S5_Solar,Battery Storage (2hrs storage),Battery Storage (2hrs storage),S5,Battery Storage (2hrs storage),S5,Battery Storage (2hrs storage)
1152,S6 Battery - 2h,S6 Battery - 2h,Battery Storage (2hrs storage),SA,NSA,Roxby Downs,S6,New Entrant,S6,S6 Battery - 2h,Battery,Battery,Battery Storage (2hrs storage),Battery Storage (2hrs storage),Battery Storage (2hrs storage),Battery Storage (2hrs storage),Battery Storage (2hrs storage),S6 Battery - 2h,Not Applicable,Battery Storage (2hrs storage),Battery Storage (2hrs storage),Battery Storage (2hrs storage),Not Applicable,REZ_S7_Solar,Battery Storage (2hrs storage),Battery Storage (2hrs storage),S6,Battery Storage (2hrs storage),S6,Battery Storage (2hrs storage)
1153,S7 Battery - 2h,S7 Battery - 2h,Battery Storage (2hrs storage),SA,NSA,Eastern Eyre Peninsula,S7,New Entrant,S7,S7 Battery - 2h,Battery,Battery,Battery Storage (2hrs storage),Battery Storage (2hrs storage),Battery Storage (2hrs storage),Battery Storage (2hrs storage),Battery Storage (2hrs storage),S7 Battery - 2h,Not Applicable,Battery Storage (2hrs storage),Battery Storage (2hrs storage),Battery Storage (2hrs storage),Not Applicable,REZ_S8_Solar,Battery Storage (2hrs storage),Battery Storage (2hrs storage),S7,Battery Storage (2hrs storage),S7,Battery Storage (2hrs storage)
1154,S8 Battery - 2h,S8 Battery - 2h,Battery Storage (2hrs storage),SA,NSA,Western Eyre Peninsula,S8,New Entrant,S8,S8 Battery - 2h,Battery,Battery,Battery Storage (2hrs storage),Battery Storage (2hrs storage),Battery Storage (2hrs storage),Battery Storage (2hrs storage),Battery Storage (2hrs storage),S8 Battery - 2h,Not Applicable,Battery Storage (2hrs storage),Battery Storage (2hrs storage),Battery Storage (2hrs storage),Not Applicable,REZ_S9_Solar,Battery Storage (2hrs storage),Battery Storage (2hrs storage),S8,Battery Storage (2hrs storage),S8,Battery Storage (2hrs storage)
1155,T1 Battery - 2h,T1 Battery - 2h,Battery Storage (2hrs storage),TAS,TAS,North East Tasmania,T1,New Entrant,T1,T1 Battery - 2h,Battery,Battery,Battery Storage (2hrs storage),Battery Storage (2hrs storage),Battery Storage (2hrs storage),Battery Storage (2hrs storage),Battery Storage (2hrs storage),T1 Battery - 2h,Not Applicable,Battery Storage (2hrs storage),Battery Storage (2hrs storage),Battery Storage (2hrs storage),Not Applicable,REZ_T1_Solar,Battery Storage (2hrs storage),Battery Storage (2hrs storage),T1,Battery Storage (2hrs storage),T1,Battery Storage (2hrs storage)
1156,T2 Battery - 2h,T2 Battery - 2h,Battery Storage (2hrs storage),TAS,TAS,North West Tasmania,T2,New Entrant,T2,T2 Battery - 2h,Battery,Battery,Battery Storage (2hrs storage),Battery Storage (2hrs storage),Battery Storage (2hrs storage),Battery Storage (2hrs storage),Battery Storage (2hrs storage),T2 Battery - 2h,Not Applicable,Battery Storage (2hrs storage),Battery Storage (2hrs storage),Battery Storage (2hrs storage),Not Applicable,REZ_T2_Solar,Battery Storage (2hrs storage),Battery Storage (2hrs storage),T2,Battery Storage (2hrs storage),T2,Battery Storage (2hrs storage)
1157,T3 Battery - 2h,T3 Battery - 2h,Battery Storage (2hrs storage),TAS,TAS,Central Highlands,T3,New Entrant,T3,T3 Battery - 2h,Battery,Battery,Battery Storage (2hrs storage),Battery Storage (2hrs storage),Battery Storage (2hrs storage),Battery Storage (2hrs storage),Battery Storage (2hrs storage),T3 Battery - 2h,Not Applicable,Battery Storage (2hrs storage),Battery Storage (2hrs storage),Battery Storage (2hrs storage),Not Applicable,REZ_T3_Solar,Battery Storage (2hrs storage),Battery Storage (2hrs storage),T3,Battery Storage (2hrs storage),T3,Battery Storage (2hrs storage)
1158,NQ Battery - 4h,NQ Battery - 4h,Battery Storage (4hrs storage),QLD,NQ,Not Applicable,Not Applicable,New Entrant,NQ,NQ Battery - 4h,Battery,Battery,Battery Storage (4hrs storage),Battery Storage (4hrs storage),Battery Storage (4hrs storage),Battery Storage (4hrs storage),Battery Storage (4hrs storage),NQ Battery - 4h,Not Applicable,Battery Storage (4hrs storage),Battery Storage (4hrs storage),Battery Storage (4hrs storage),Not Applicable,NE_NQ,Battery Storage (4hrs storage),Battery Storage (4hrs storage),NQ,Battery Storage (4hrs storage),NQ,Battery Storage (4hrs storage)
1159,CQ Battery - 4h,CQ Battery - 4h,Battery Storage (4hrs storage),QLD,CQ,Not Applicable,Not Applicable,New Entrant,CQ,CQ Battery - 4h,Battery,Battery,Battery Storage (4hrs storage),Battery Storage (4hrs storage),Battery Storage (4hrs storage),Battery Storage (4hrs storage),Battery Storage (4hrs storage),CQ Battery - 4h,Not Applicable,Battery Storage (4hrs storage),Battery Storage (4hrs storage),Battery Storage (4hrs storage),Not Applicable,NE_CQ,Battery Storage (4hrs storage),Battery Storage (4hrs storage),CQ,Battery Storage (4hrs storage),CQ,Battery Storage (4hrs storage)
1160,GG Battery - 4h,GG Battery - 4h,Battery Storage (4hrs storage),QLD,GG,Not Applicable,Not Applicable,New Entrant,GG,GG Battery - 4h,Battery,Battery,Battery Storage (4hrs storage),Battery Storage (4hrs storage),Battery Storage (4hrs storage),Battery Storage (4hrs storage),Battery Storage (4hrs storage),GG Battery - 4h,Not Applicable,Battery Storage (4hrs storage),Battery Storage (4hrs storage),Battery Storage (4hrs storage),Not Applicable,NE_GG,Battery Storage (4hrs storage),Battery Storage (4hrs storage),GG,Battery Storage (4hrs storage),GG,Battery Storage (4hrs storage)
1161,SQ Battery - 4h,SQ Battery - 4h,Battery Storage (4hrs storage),QLD,SQ,Not Applicable,Not Applicable,New Entrant,SQ,SQ Battery - 4h,Battery,Battery,Battery Storage (4hrs storage),Battery Storage (4hrs storage),Battery Storage (4hrs storage),Battery Storage (4hrs storage),Battery Storage (4hrs storage),SQ Battery - 4h,Not Applicable,Battery Storage (4hrs storage),Battery Storage (4hrs storage),Battery Storage (4hrs storage),Not Applicable,NE_SQ,Battery Storage (4hrs storage),Battery Storage (4hrs storage),SQ,Battery Storage (4hrs storage),SQ,Battery Storage (4hrs storage)
1162,NNSW Battery - 4h,NNSW Battery - 4h,Battery Storage (4hrs storage),NSW,NNSW,Not Applicable,Not Applicable,New Entrant,NNSW,NNSW Battery - 4h,Battery,Battery,Battery Storage (4hrs storage),Battery Storage (4hrs storage),Battery Storage (4hrs storage),Battery Storage (4hrs storage),Battery Storage (4hrs storage),NNSW Battery - 4h,Not Applicable,Battery Storage (4hrs storage),Battery Storage (4hrs storage),Battery Storage (4hrs storage),Not Applicable,NE_NNSW,Battery Storage (4hrs storage),Battery Storage (4hrs storage),NNSW,Battery Storage (4hrs storage),NNSW,Battery Storage (4hrs storage)
1163,CNSW Battery - 4h,CNSW Battery - 4h,Battery Storage (4hrs storage),NSW,CNSW,Not Applicable,Not Applicable,New Entrant,CNSW,CNSW Battery - 4h,Battery,Battery,Battery Storage (4hrs storage),Battery Storage (4hrs storage),Battery Storage (4hrs storage),Battery Storage (4hrs storage),Battery Storage (4hrs storage),CNSW Battery - 4h,Not Applicable,Battery Storage (4hrs storage),Battery Storage (4hrs storage),Battery Storage (4hrs storage),Not Applicable,NE_CNSW,Battery Storage (4hrs storage),Battery Storage (4hrs storage),CNSW,Battery Storage (4hrs storage),CNSW,Battery Storage (4hrs storage)
1164,SNW Battery - 4h,SNW Battery - 4h,Battery Storage (4hrs storage),NSW,SNW,Not Applicable,Not Applicable,New Entrant,SNW,SNW Battery - 4h,Battery,Battery,Battery Storage (4hrs storage),Battery Storage (4hrs storage),Battery Storage (4hrs storage),Battery Storage (4hrs storage),Battery Storage (4hrs storage),SNW Battery - 4h,Not Applicable,Battery Storage (4hrs storage),Battery Storage (4hrs storage),Battery Storage (4hrs storage),Not Applicable,NE_SNW,Battery Storage (4hrs storage),Battery Storage (4hrs storage),SNW,Battery Storage (4hrs storage),SNW,Battery Storage (4hrs storage)
1165,SNSW Battery - 4h,SNSW Battery - 4h,Battery Storage (4hrs storage),NSW,SNSW,Not Applicable,Not Applicable,New Entrant,SNSW,SNSW Battery - 4h,Battery,Battery,Battery Storage (4hrs storage),Battery Storage (4hrs storage),Battery Storage (4hrs storage),Battery Storage (4hrs storage),Battery Storage (4hrs storage),SNSW Battery - 4h,Not Applicable,Battery Storage (4hrs storage),Battery Storage (4hrs storage),Battery Storage (4hrs storage),Not Applicable,NE_SNSW,Battery Storage (4hrs storage),Battery Storage (4hrs storage),SNSW,Battery Storage (4hrs storage),SNSW,Battery Storage (4hrs storage)
1166,MEL Battery - 4h,MEL Battery - 4h,Battery Storage (4hrs storage),VIC,MEL,Not Applicable,Not Applicable,New Entrant,MEL,MEL Battery - 4h,Battery,Battery,Battery Storage (4hrs storage),Battery Storage (4hrs storage),Battery Storage (4hrs storage),Battery Storage (4hrs storage),Battery Storage (4hrs storage),MEL Battery - 4h,Not Applicable,Battery Storage (4hrs storage),Battery Storage (4hrs storage),Battery Storage (4hrs storage),Not Applicable,NE_VIC1,Battery Storage (4hrs storage),Battery Storage (4hrs storage),MEL,Battery Storage (4hrs storage),MEL,Battery Storage (4hrs storage)
1167,SEV Battery - 4h,SEV Battery - 4h,Battery Storage (4hrs storage),VIC,SEV,Not Applicable,Not Applicable,New Entrant,SEV,SEV Battery - 4h,Battery,Battery,Battery Storage (4hrs storage),Battery Storage (4hrs storage),Battery Storage (4hrs storage),Battery Storage (4hrs storage),Battery Storage (4hrs storage),SEV Battery - 4h,Not Applicable,Battery Storage (4hrs storage),Battery Storage (4hrs storage),Battery Storage (4hrs storage),Not Applicable,NE_VIC1,Battery Storage (4hrs storage),Battery Storage (4hrs storage),SEV,Battery Storage (4hrs storage),SEV,Battery Storage (4hrs storage)
1168,WNV Battery - 4h,WNV Battery - 4h,Battery Storage (4hrs storage),VIC,WNV,Not Applicable,Not Applicable,New Entrant,WNV,WNV Battery - 4h,Battery,Battery,Battery Storage (4hrs storage),Battery Storage (4hrs storage),Battery Storage (4hrs storage),Battery Storage (4hrs storage),Battery Storage (4hrs storage),WNV Battery - 4h,Not Applicable,Battery Storage (4hrs storage),Battery Storage (4hrs storage),Battery Storage (4hrs storage),Not Applicable,NE_VIC1,Battery Storage (4hrs storage),Battery Storage (4hrs storage),WNV,Battery Storage (4hrs storage),WNV,Battery Storage (4hrs storage)
1169,CSA Battery - 4h,CSA Battery - 4h,Battery Storage (4hrs storage),SA,CSA,Not Applicable,Not Applicable,New Entrant,CSA,CSA Battery - 4h,Battery,Battery,Battery Storage (4hrs storage),Battery Storage (4hrs storage),Battery Storage (4hrs storage),Battery Storage (4hrs storage),Battery Storage (4hrs storage),CSA Battery - 4h,Not Applicable,Battery Storage (4hrs storage),Battery Storage (4hrs storage),Battery Storage (4hrs storage),Not Applicable,NE_CSA,Battery Storage (4hrs storage),Battery Storage (4hrs storage),CSA,Battery Storage (4hrs storage),CSA,Battery Storage (4hrs storage)
1170,SESA Battery - 4h,SESA Battery - 4h,Battery Storage (4hrs storage),SA,SESA,Not Applicable,Not Applicable,New Entrant,SESA,SESA Battery - 4h,Battery,Battery,Battery Storage (4hrs storage),Battery Storage (4hrs storage),Battery Storage (4hrs storage),Battery Storage (4hrs storage),Battery Storage (4hrs storage),SESA Battery - 4h,Not Applicable,Battery Storage (4hrs storage),Battery Storage (4hrs storage),Battery Storage (4hrs storage),Not Applicable,NE_SESA,Battery Storage (4hrs storage),Battery Storage (4hrs storage),SESA,Battery Storage (4hrs storage),SESA,Battery Storage (4hrs storage)
1171,NSA Battery - 4h,NSA Battery - 4h,Battery Storage (4hrs storage),SA,NSA,Not Applicable,Not Applicable,New Entrant,NSA,NSA Battery - 4h,Battery,Battery,Battery Storage (4hrs storage),Battery Storage (4hrs storage),Battery Storage (4hrs storage),Battery Storage (4hrs storage),Battery Storage (4hrs storage),NSA Battery - 4h,Not Applicable,Battery Storage (4hrs storage),Battery Storage (4hrs storage),Battery Storage (4hrs storage),Not Applicable,NE_CSA,Battery Storage (4hrs storage),Battery Storage (4hrs storage),NSA,Battery Storage (4hrs storage),NSA,Battery Storage (4hrs storage)
1172,TAS Battery - 4h,TAS Battery - 4h,Battery Storage (4hrs storage),TAS,TAS,Not Applicable,Not Applicable,New Entrant,TAS,TAS Battery - 4h,Battery,Battery,Battery Storage (4hrs storage),Battery Storage (4hrs storage),Battery Storage (4hrs storage),Battery Storage (4hrs storage),Battery Storage (4hrs storage),TAS Battery - 4h,Not Applicable,Battery Storage (4hrs storage),Battery Storage (4hrs storage),Battery Storage (4hrs storage),Not Applicable,NE_TAS1,Battery Storage (4hrs storage),Battery Storage (4hrs storage),TAS,Battery Storage (4hrs storage),TAS,Battery Storage (4hrs storage)
1173,Q1 Battery - 4h,Q1 Battery - 4h,Battery Storage (4hrs storage),QLD,NQ,Far North QLD,Q1,New Entrant,Q1,Q1 Battery - 4h,Battery,Battery,Battery Storage (4hrs storage),Battery Storage (4hrs storage),Battery Storage (4hrs storage),Battery Storage (4hrs storage),Battery Storage (4hrs storage),Q1 Battery - 4h,Not Applicable,Battery Storage (4hrs storage),Battery Storage (4hrs storage),Battery Storage (4hrs storage),Not Applicable,REZ_Q1_Solar,Battery Storage (4hrs storage),Battery Storage (4hrs storage),Q1,Battery Storage (4hrs storage),Q1,Battery Storage (4hrs storage)
1174,Q2 Battery - 4h,Q2 Battery - 4h,Battery Storage (4hrs storage),QLD,NQ,Hughenden Hub,Q2,New Entrant,Q2,Q2 Battery - 4h,Battery,Battery,Battery Storage (4hrs storage),Battery Storage (4hrs storage),Battery Storage (4hrs storage),Battery Storage (4hrs storage),Battery Storage (4hrs storage),Q2 Battery - 4h,Not Applicable,Battery Storage (4hrs storage),Battery Storage (4hrs storage),Battery Storage (4hrs storage),Not Applicable,REZ_Q2_Solar,Battery Storage (4hrs storage),Battery Storage (4hrs storage),Q2,Battery Storage (4hrs storage),Q2,Battery Storage (4hrs storage)
1175,Q3 Battery - 4h,Q3 Battery - 4h,Battery Storage (4hrs storage),QLD,NQ,Northern Qld,Q3,New Entrant,Q3,Q3 Battery - 4h,Battery,Battery,Battery Storage (4hrs storage),Battery Storage (4hrs storage),Battery Storage (4hrs storage),Battery Storage (4hrs storage),Battery Storage (4hrs storage),Q3 Battery - 4h,Not Applicable,Battery Storage (4hrs storage),Battery Storage (4hrs storage),Battery Storage (4hrs storage),Not Applicable,REZ_Q3_Solar,Battery Storage (4hrs storage),Battery Storage (4hrs storage),Q3,Battery Storage (4hrs storage),Q3,Battery Storage (4hrs storage)
1176,Q4 Battery - 4h,Q4 Battery - 4h,Battery Storage (4hrs storage),QLD,CQ,Isaac,Q4,New Entrant,Q4,Q4 Battery - 4h,Battery,Battery,Battery Storage (4hrs storage),Battery Storage (4hrs storage),Battery Storage (4hrs storage),Battery Storage (4hrs storage),Battery Storage (4hrs storage),Q4 Battery - 4h,Not Applicable,Battery Storage (4hrs storage),Battery Storage (4hrs storage),Battery Storage (4hrs storage),Not Applicable,REZ_Q4_Solar,Battery Storage (4hrs storage),Battery Storage (4hrs storage),Q4,Battery Storage (4hrs storage),Q4,Battery Storage (4hrs storage)
1177,Q5 Battery - 4h,Q5 Battery - 4h,Battery Storage (4hrs storage),QLD,CQ,Barcaldine,Q5,New Entrant,Q5,Q5 Battery - 4h,Battery,Battery,Battery Storage (4hrs storage),Battery Storage (4hrs storage),Battery Storage (4hrs storage),Battery Storage (4hrs storage),Battery Storage (4hrs storage),Q5 Battery - 4h,Not Applicable,Battery Storage (4hrs storage),Battery Storage (4hrs storage),Battery Storage (4hrs storage),Not Applicable,REZ_Q5_Solar,Battery Storage (4hrs storage),Battery Storage (4hrs storage),Q5,Battery Storage (4hrs storage),Q5,Battery Storage (4hrs storage)
1178,Q6 Battery - 4h,Q6 Battery - 4h,Battery Storage (4hrs storage),QLD,CQ,Fitzroy,Q6,New Entrant,Q6,Q6 Battery - 4h,Battery,Battery,Battery Storage (4hrs storage),Battery Storage (4hrs storage),Battery Storage (4hrs storage),Battery Storage (4hrs storage),Battery Storage (4hrs storage),Q6 Battery - 4h,Not Applicable,Battery Storage (4hrs storage),Battery Storage (4hrs storage),Battery Storage (4hrs storage),Not Applicable,REZ_Q6_Solar,Battery Storage (4hrs storage),Battery Storage (4hrs storage),Q6,Battery Storage (4hrs storage),Q6,Battery Storage (4hrs storage)
1179,Q7 Battery - 4h,Q7 Battery - 4h,Battery Storage (4hrs storage),QLD,SQ,Wide Bay,Q7,New Entrant,Q7,Q7 Battery - 4h,Battery,Battery,Battery Storage (4hrs storage),Battery Storage (4hrs storage),Battery Storage (4hrs storage),Battery Storage (4hrs storage),Battery Storage (4hrs storage),Q7 Battery - 4h,Not Applicable,Battery Storage (4hrs storage),Battery Storage (4hrs storage),Battery Storage (4hrs storage),Not Applicable,REZ_Q7_Solar,Battery Storage (4hrs storage),Battery Storage (4hrs storage),Q7,Battery Storage (4hrs storage),Q7,Battery Storage (4hrs storage)
1180,Q8 Battery - 4h,Q8 Battery - 4h,Battery Storage (4hrs storage),QLD,SQ,Darling Downs,Q8,New Entrant,Q8,Q8 Battery - 4h,Battery,Battery,Battery Storage (4hrs storage),Battery Storage (4hrs storage),Battery Storage (4hrs storage),Battery Storage (4hrs storage),Battery Storage (4hrs storage),Q8 Battery - 4h,Not Applicable,Battery Storage (4hrs storage),Battery Storage (4hrs storage),Battery Storage (4hrs storage),Not Applicable,REZ_Q8_Solar,Battery Storage (4hrs storage),Battery Storage (4hrs storage),Q8,Battery Storage (4hrs storage),Q8,Battery Storage (4hrs storage)
1181,Q9 Battery - 4h,Q9 Battery - 4h,Battery Storage (4hrs storage),QLD,CQ,Banana,Q9,New Entrant,Q9,Q9 Battery - 4h,Battery,Battery,Battery Storage (4hrs storage),Battery Storage (4hrs storage),Battery Storage (4hrs storage),Battery Storage (4hrs storage),Battery Storage (4hrs storage),Q9 Battery - 4h,Not Applicable,Battery Storage (4hrs storage),Battery Storage (4hrs storage),Battery Storage (4hrs storage),Not Applicable,REZ_Q9_Solar,Battery Storage (4hrs storage),Battery Storage (4hrs storage),Q9,Battery Storage (4hrs storage),Q9,Battery Storage (4hrs storage)
1182,Q10 Battery - 4h,Q10 Battery - 4h,Battery Storage (4hrs storage),QLD,NQ,Collinsville,Q10,New Entrant,Q10,Q10 Battery - 4h,Battery,Battery,Battery Storage (4hrs storage),Battery Storage (4hrs storage),Battery Storage (4hrs storage),Battery Storage (4hrs storage),Battery Storage (4hrs storage),Q10 Battery - 4h,Not Applicable,Battery Storage (4hrs storage),Battery Storage (4hrs storage),Battery Storage (4hrs storage),Not Applicable,REZ_Q10_Solar,Battery Storage (4hrs storage),Battery Storage (4hrs storage),Q10,Battery Storage (4hrs storage),Q10,Battery Storage (4hrs storage)
1183,N1 Battery - 4h,N1 Battery - 4h,Battery Storage (4hrs storage),NSW,NNSW,North West NSW,N1,New Entrant,N1,N1 Battery - 4h,Battery,Battery,Battery Storage (4hrs storage),Battery Storage (4hrs storage),Battery Storage (4hrs storage),Battery Storage (4hrs storage),Battery Storage (4hrs storage),N1 Battery - 4h,Not Applicable,Battery Storage (4hrs storage),Battery Storage (4hrs storage),Battery Storage (4hrs storage),Not Applicable,REZ_N1_Solar,Battery Storage (4hrs storage),Battery Storage (4hrs storage),N1,Battery Storage (4hrs storage),N1,Battery Storage (4hrs storage)
1184,N2 Battery - 4h,N2 Battery - 4h,Battery Storage (4hrs storage),NSW,NNSW,New England,N2,New Entrant,N2,N2 Battery - 4h,Battery,Battery,Battery Storage (4hrs storage),Battery Storage (4hrs storage),Battery Storage (4hrs storage),Battery Storage (4hrs storage),Battery Storage (4hrs storage),N2 Battery - 4h,Not Applicable,Battery Storage (4hrs storage),Battery Storage (4hrs storage),Battery Storage (4hrs storage),Not Applicable,REZ_N2_Solar,Battery Storage (4hrs storage),Battery Storage (4hrs storage),N2,Battery Storage (4hrs storage),N2,Battery Storage (4hrs storage)
1185,N3 Battery - 4h,N3 Battery - 4h,Battery Storage (4hrs storage),NSW,CNSW,Central-West Orana,N3,New Entrant,N3,N3 Battery - 4h,Battery,Battery,Battery Storage (4hrs storage),Battery Storage (4hrs storage),Battery Storage (4hrs storage),Battery Storage (4hrs storage),Battery Storage (4hrs storage),N3 Battery - 4h,Not Applicable,Battery Storage (4hrs storage),Battery Storage (4hrs storage),Battery Storage (4hrs storage),Not Applicable,REZ_N3_Solar,Battery Storage (4hrs storage),Battery Storage (4hrs storage),N3,Battery Storage (4hrs storage),N3,Battery Storage (4hrs storage)
1186,N4 Battery - 4h,N4 Battery - 4h,Battery Storage (4hrs storage),NSW,SNSW,Broken Hill,N4,New Entrant,N4,N4 Battery - 4h,Battery,Battery,Battery Storage (4hrs storage),Battery Storage (4hrs storage),Battery Storage (4hrs storage),Battery Storage (4hrs storage),Battery Storage (4hrs storage),N4 Battery - 4h,Not Applicable,Battery Storage (4hrs storage),Battery Storage (4hrs storage),Battery Storage (4hrs storage),Not Applicable,REZ_N4_Solar,Battery Storage (4hrs storage),Battery Storage (4hrs storage),N4,Battery Storage (4hrs storage),N4,Battery Storage (4hrs storage)
1187,N5 Battery - 4h,N5 Battery - 4h,Battery Storage (4hrs storage),NSW,SNSW,South West NSW,N5,New Entrant,N5,N5 Battery - 4h,Battery,Battery,Battery Storage (4hrs storage),Battery Storage (4hrs storage),Battery Storage (4hrs storage),Battery Storage (4hrs storage),Battery Storage (4hrs storage),N5 Battery - 4h,Not Applicable,Battery Storage (4hrs storage),Battery Storage (4hrs storage),Battery Storage (4hrs storage),Not Applicable,REZ_N5_Solar,Battery Storage (4hrs storage),Battery Storage (4hrs storage),N5,Battery Storage (4hrs storage),N5,Battery Storage (4hrs storage)
1188,N6 Battery - 4h,N6 Battery - 4h,Battery Storage (4hrs storage),NSW,SNSW,Wagga Wagga,N6,New Entrant,N6,N6 Battery - 4h,Battery,Battery,Battery Storage (4hrs storage),Battery Storage (4hrs storage),Battery Storage (4hrs storage),Battery Storage (4hrs storage),Battery Storage (4hrs storage),N6 Battery - 4h,Not Applicable,Battery Storage (4hrs storage),Battery Storage (4hrs storage),Battery Storage (4hrs storage),Not Applicable,REZ_N6_Solar,Battery Storage (4hrs storage),Battery Storage (4hrs storage),N6,Battery Storage (4hrs storage),N6,Battery Storage (4hrs storage)
1189,N7 Battery - 4h,N7 Battery - 4h,Battery Storage (4hrs storage),NSW,SNSW,Tumut,N7,New Entrant,N7,N7 Battery - 4h,Battery,Battery,Battery Storage (4hrs storage),Battery Storage (4hrs storage),Battery Storage (4hrs storage),Battery Storage (4hrs storage),Battery Storage (4hrs storage),N7 Battery - 4h,Not Applicable,Battery Storage (4hrs storage),Battery Storage (4hrs storage),Battery Storage (4hrs storage),Not Applicable,REZ_N7_Solar,Battery Storage (4hrs storage),Battery Storage (4hrs storage),N7,Battery Storage (4hrs storage),N7,Battery Storage (4hrs storage)
1190,N8 Battery - 4h,N8 Battery - 4h,Battery Storage (4hrs storage),NSW,SNSW,Cooma-Monaro,N8,New Entrant,N8,N8 Battery - 4h,Battery,Battery,Battery Storage (4hrs storage),Battery Storage (4hrs storage),Battery Storage (4hrs storage),Battery Storage (4hrs storage),Battery Storage (4hrs storage),N8 Battery - 4h,Not Applicable,Battery Storage (4hrs storage),Battery Storage (4hrs storage),Battery Storage (4hrs storage),Not Applicable,REZ_N8_Solar,Battery Storage (4hrs storage),Battery Storage (4hrs storage),N8,Battery Storage (4hrs storage),N8,Battery Storage (4hrs storage)
1191,N9a Battery - 4h,N9a Battery - 4h,Battery Storage (4hrs storage),NSW,CNSW,Hunter-Central Coast,N9a,New Entrant,N9a,N9a Battery - 4h,Battery,Battery,Battery Storage (4hrs storage),Battery Storage (4hrs storage),Battery Storage (4hrs storage),Battery Storage (4hrs storage),Battery Storage (4hrs storage),N9a Battery - 4h,Not Applicable,Battery Storage (4hrs storage),Battery Storage (4hrs storage),Battery Storage (4hrs storage),Not Applicable,REZ_N9_Solar,Battery Storage (4hrs storage),Battery Storage (4hrs storage),N9,Battery Storage (4hrs storage),N9,Battery Storage (4hrs storage)
1192,N9b Battery - 4h,N9b Battery - 4h,Battery Storage (4hrs storage),NSW,SNW,Hunter-Central Coast,N9b,New Entrant,N9b,N9b Battery - 4h,Battery,Battery,Battery Storage (4hrs storage),Battery Storage (4hrs storage),Battery Storage (4hrs storage),Battery Storage (4hrs storage),Battery Storage (4hrs storage),N9b Battery - 4h,Not Applicable,Battery Storage (4hrs storage),Battery Storage (4hrs storage),Battery Storage (4hrs storage),Not Applicable,REZ_N9_Solar,Battery Storage (4hrs storage),Battery Storage (4hrs storage),N9,Battery Storage (4hrs storage),N9,Battery Storage (4hrs storage)
1193,N12 Battery - 4h,N12 Battery - 4h,Battery Storage (4hrs storage),NSW,SNW,Illawarra,N12,New Entrant,N12,N12 Battery - 4h,Battery,Battery,Battery Storage (4hrs storage),Battery Storage (4hrs storage),Battery Storage (4hrs storage),Battery Storage (4hrs storage),Battery Storage (4hrs storage),N12 Battery - 4h,Not Applicable,Battery Storage (4hrs storage),Battery Storage (4hrs storage),Battery Storage (4hrs storage),Not Applicable,REZ_N12_Solar,Battery Storage (4hrs storage),Battery Storage (4hrs storage),N12,Battery Storage (4hrs storage),N12,Battery Storage (4hrs storage)
1194,N13 Battery - 4h,N13 Battery - 4h,Battery Storage (4hrs storage),NSW,CNSW,South Cobar,N13,New Entrant,N13,N13 Battery - 4h,Battery,Battery,Battery Storage (4hrs storage),Battery Storage (4hrs storage),Battery Storage (4hrs storage),Battery Storage (4hrs storage),Battery Storage (4hrs storage),N13 Battery - 4h,Not Applicable,Battery Storage (4hrs storage),Battery Storage (4hrs storage),Battery Storage (4hrs storage),Not Applicable,REZ_N13_Solar,Battery Storage (4hrs storage),Battery Storage (4hrs storage),N13,Battery Storage (4hrs storage),N13,Battery Storage (4hrs storage)
1195,V1 Battery - 4h,V1 Battery - 4h,Battery Storage (4hrs storage),VIC,WNV,North West VIC,V1,New Entrant,V1,V1 Battery - 4h,Battery,Battery,Battery Storage (4hrs storage),Battery Storage (4hrs storage),Battery Storage (4hrs storage),Battery Storage (4hrs storage),Battery Storage (4hrs storage),V1 Battery - 4h,Not Applicable,Battery Storage (4hrs storage),Battery Storage (4hrs storage),Battery Storage (4hrs storage),Not Applicable,REZ_V1_Solar,Battery Storage (4hrs storage),Battery Storage (4hrs storage),V1,Battery Storage (4hrs storage),V1,Battery Storage (4hrs storage)
1196,V2 Battery - 4h,V2 Battery - 4h,Battery Storage (4hrs storage),VIC,WNV,Central Highlands VIC,V2,New Entrant,V2,V2 Battery - 4h,Battery,Battery,Battery Storage (4hrs storage),Battery Storage (4hrs storage),Battery Storage (4hrs storage),Battery Storage (4hrs storage),Battery Storage (4hrs storage),V2 Battery - 4h,Not Applicable,Battery Storage (4hrs storage),Battery Storage (4hrs storage),Battery Storage (4hrs storage),Not Applicable,REZ_V2_Solar,Battery Storage (4hrs storage),Battery Storage (4hrs storage),V2,Battery Storage (4hrs storage),V2,Battery Storage (4hrs storage)
1197,V3 Battery - 4h,V3 Battery - 4h,Battery Storage (4hrs storage),VIC,WNV,Western Victoria,V3,New Entrant,V3,V3 Battery - 4h,Battery,Battery,Battery Storage (4hrs storage),Battery Storage (4hrs storage),Battery Storage (4hrs storage),Battery Storage (4hrs storage),Battery Storage (4hrs storage),V3 Battery - 4h,Not Applicable,Battery Storage (4hrs storage),Battery Storage (4hrs storage),Battery Storage (4hrs storage),Not Applicable,REZ_V3_Solar,Battery Storage (4hrs storage),Battery Storage (4hrs storage),V3,Battery Storage (4hrs storage),V3,Battery Storage (4hrs storage)
1198,V4 Battery - 4h,V4 Battery - 4h,Battery Storage (4hrs storage),VIC,WNV,Western Victoria,V4,New Entrant,V4,V4 Battery - 4h,Battery,Battery,Battery Storage (4hrs storage),Battery Storage (4hrs storage),Battery Storage (4hrs storage),Battery Storage (4hrs storage),Battery Storage (4hrs storage),V4 Battery - 4h,Not Applicable,Battery Storage (4hrs storage),Battery Storage (4hrs storage),Battery Storage (4hrs storage),Not Applicable,REZ_V4_Solar,Battery Storage (4hrs storage),Battery Storage (4hrs storage),V4,Battery Storage (4hrs storage),V4,Battery Storage (4hrs storage)
1199,V5 Battery - 4h,V5 Battery - 4h,Battery Storage (4hrs storage),VIC,WNV,South West VIC,V5,New Entrant,V5,V5 Battery - 4h,Battery,Battery,Battery Storage (4hrs storage),Battery Storage (4hrs storage),Battery Storage (4hrs storage),Battery Storage (4hrs storage),Battery Storage (4hrs storage),V5 Battery - 4h,Not Applicable,Battery Storage (4hrs storage),Battery Storage (4hrs storage),Battery Storage (4hrs storage),Not Applicable,REZ_V5_Solar,Battery Storage (4hrs storage),Battery Storage (4hrs storage),V5,Battery Storage (4hrs storage),V5,Battery Storage (4hrs storage)
1200,V6 Battery - 4h,V6 Battery - 4h,Battery Storage (4hrs storage),VIC,SEV,Gippsland Onshore,V6,New Entrant,V6,V6 Battery - 4h,Battery,Battery,Battery Storage (4hrs storage),Battery Storage (4hrs storage),Battery Storage (4hrs storage),Battery Storage (4hrs storage),Battery Storage (4hrs storage),V6 Battery - 4h,Not Applicable,Battery Storage (4hrs storage),Battery Storage (4hrs storage),Battery Storage (4hrs storage),Not Applicable,REZ_V6_Solar,Battery Storage (4hrs storage),Battery Storage (4hrs storage),V6,Battery Storage (4hrs storage),V6,Battery Storage (4hrs storage)
1201,V7 Battery - 4h,V7 Battery - 4h,Battery Storage (4hrs storage),VIC,WNV,Central North VIC,V7,New Entrant,V7,V7 Battery - 4h,Battery,Battery,Battery Storage (4hrs storage),Battery Storage (4hrs storage),Battery Storage (4hrs storage),Battery Storage (4hrs storage),Battery Storage (4hrs storage),V7 Battery - 4h,Not Applicable,Battery Storage (4hrs storage),Battery Storage (4hrs storage),Battery Storage (4hrs storage),Not Applicable,REZ_V7_Solar,Battery Storage (4hrs storage),Battery Storage (4hrs storage),V7,Battery Storage (4hrs storage),V7,Battery Storage (4hrs storage)
1202,S1 Battery - 4h,S1 Battery - 4h,Battery Storage (4hrs storage),SA,SESA,South East SA,S1,New Entrant,S1,S1 Battery - 4h,Battery,Battery,Battery Storage (4hrs storage),Battery Storage (4hrs storage),Battery Storage (4hrs storage),Battery Storage (4hrs storage),Battery Storage (4hrs storage),S1 Battery - 4h,Not Applicable,Battery Storage (4hrs storage),Battery Storage (4hrs storage),Battery Storage (4hrs storage),Not Applicable,REZ_S1_Solar,Battery Storage (4hrs storage),Battery Storage (4hrs storage),S1,Battery Storage (4hrs storage),S1,Battery Storage (4hrs storage)
1203,S2 Battery - 4h,S2 Battery - 4h,Battery Storage (4hrs storage),SA,CSA,Riverland,S2,New Entrant,S2,S2 Battery - 4h,Battery,Battery,Battery Storage (4hrs storage),Battery Storage (4hrs storage),Battery Storage (4hrs storage),Battery Storage (4hrs storage),Battery Storage (4hrs storage),S2 Battery - 4h,Not Applicable,Battery Storage (4hrs storage),Battery Storage (4hrs storage),Battery Storage (4hrs storage),Not Applicable,REZ_S2_Solar,Battery Storage (4hrs storage),Battery Storage (4hrs storage),S2,Battery Storage (4hrs storage),S2,Battery Storage (4hrs storage)
1204,S3 Battery - 4h,S3 Battery - 4h,Battery Storage (4hrs storage),SA,CSA,Mid-North SA,S3,New Entrant,S3,S3 Battery - 4h,Battery,Battery,Battery Storage (4hrs storage),Battery Storage (4hrs storage),Battery Storage (4hrs storage),Battery Storage (4hrs storage),Battery Storage (4hrs storage),S3 Battery - 4h,Not Applicable,Battery Storage (4hrs storage),Battery Storage (4hrs storage),Battery Storage (4hrs storage),Not Applicable,REZ_S3_Solar,Battery Storage (4hrs storage),Battery Storage (4hrs storage),S3,Battery Storage (4hrs storage),S3,Battery Storage (4hrs storage)
1205,S4 Battery - 4h,S4 Battery - 4h,Battery Storage (4hrs storage),SA,CSA,Yorke Peninsula,S4,New Entrant,S4,S4 Battery - 4h,Battery,Battery,Battery Storage (4hrs storage),Battery Storage (4hrs storage),Battery Storage (4hrs storage),Battery Storage (4hrs storage),Battery Storage (4hrs storage),S4 Battery - 4h,Not Applicable,Battery Storage (4hrs storage),Battery Storage (4hrs storage),Battery Storage (4hrs storage),Not Applicable,REZ_S4_Solar,Battery Storage (4hrs storage),Battery Storage (4hrs storage),S4,Battery Storage (4hrs storage),S4,Battery Storage (4hrs storage)
1206,S5 Battery - 4h,S5 Battery - 4h,Battery Storage (4hrs storage),SA,NSA,Northern SA,S5,New Entrant,S5,S5 Battery - 4h,Battery,Battery,Battery Storage (4hrs storage),Battery Storage (4hrs storage),Battery Storage (4hrs storage),Battery Storage (4hrs storage),Battery Storage (4hrs storage),S5 Battery - 4h,Not Applicable,Battery Storage (4hrs storage),Battery Storage (4hrs storage),Battery Storage (4hrs storage),Not Applicable,REZ_S5_Solar,Battery Storage (4hrs storage),Battery Storage (4hrs storage),S5,Battery Storage (4hrs storage),S5,Battery Storage (4hrs storage)
1207,S6 Battery - 4h,S6 Battery - 4h,Battery Storage (4hrs storage),SA,NSA,Roxby Downs,S6,New Entrant,S6,S6 Battery - 4h,Battery,Battery,Battery Storage (4hrs storage),Battery Storage (4hrs storage),Battery Storage (4hrs storage),Battery Storage (4hrs storage),Battery Storage (4hrs storage),S6 Battery - 4h,Not Applicable,Battery Storage (4hrs storage),Battery Storage (4hrs storage),Battery Storage (4hrs storage),Not Applicable,REZ_S7_Solar,Battery Storage (4hrs storage),Battery Storage (4hrs storage),S6,Battery Storage (4hrs storage),S6,Battery Storage (4hrs storage)
1208,S7 Battery - 4h,S7 Battery - 4h,Battery Storage (4hrs storage),SA,NSA,Eastern Eyre Peninsula,S7,New Entrant,S7,S7 Battery - 4h,Battery,Battery,Battery Storage (4hrs storage),Battery Storage (4hrs storage),Battery Storage (4hrs storage),Battery Storage (4hrs storage),Battery Storage (4hrs storage),S7 Battery - 4h,Not Applicable,Battery Storage (4hrs storage),Battery Storage (4hrs storage),Battery Storage (4hrs storage),Not Applicable,REZ_S8_Solar,Battery Storage (4hrs storage),Battery Storage (4hrs storage),S7,Battery Storage (4hrs storage),S7,Battery Storage (4hrs storage)
1209,S8 Battery - 4h,S8 Battery - 4h,Battery Storage (4hrs storage),SA,NSA,Western Eyre Peninsula,S8,New Entrant,S8,S8 Battery - 4h,Battery,Battery,Battery Storage (4hrs storage),Battery Storage (4hrs storage),Battery Storage (4hrs storage),Battery Storage (4hrs storage),Battery Storage (4hrs storage),S8 Battery - 4h,Not Applicable,Battery Storage (4hrs storage),Battery Storage (4hrs storage),Battery Storage (4hrs storage),Not Applicable,REZ_S9_Solar,Battery Storage (4hrs storage),Battery Storage (4hrs storage),S8,Battery Storage (4hrs storage),S8,Battery Storage (4hrs storage)
1210,T1 Battery - 4h,T1 Battery - 4h,Battery Storage (4hrs storage),TAS,TAS,North East Tasmania,T1,New Entrant,T1,T1 Battery - 4h,Battery,Battery,Battery Storage (4hrs storage),Battery Storage (4hrs storage),Battery Storage (4hrs storage),Battery Storage (4hrs storage),Battery Storage (4hrs storage),T1 Battery - 4h,Not Applicable,Battery Storage (4hrs storage),Battery Storage (4hrs storage),Battery Storage (4hrs storage),Not Applicable,REZ_T1_Solar,Battery Storage (4hrs storage),Battery Storage (4hrs storage),T1,Battery Storage (4hrs storage),T1,Battery Storage (4hrs storage)
1211,T2 Battery - 4h,T2 Battery - 4h,Battery Storage (4hrs storage),TAS,TAS,North West Tasmania,T2,New Entrant,T2,T2 Battery - 4h,Battery,Battery,Battery Storage (4hrs storage),Battery Storage (4hrs storage),Battery Storage (4hrs storage),Battery Storage (4hrs storage),Battery Storage (4hrs storage),T2 Battery - 4h,Not Applicable,Battery Storage (4hrs storage),Battery Storage (4hrs storage),Battery Storage (4hrs storage),Not Applicable,REZ_T2_Solar,Battery Storage (4hrs storage),Battery Storage (4hrs storage),T2,Battery Storage (4hrs storage),T2,Battery Storage (4hrs storage)
1212,T3 Battery - 4h,T3 Battery - 4h,Battery Storage (4hrs storage),TAS,TAS,Central Highlands,T3,New Entrant,T3,T3 Battery - 4h,Battery,Battery,Battery Storage (4hrs storage),Battery Storage (4hrs storage),Battery Storage (4hrs storage),Battery Storage (4hrs storage),Battery Storage (4hrs storage),T3 Battery - 4h,Not Applicable,Battery Storage (4hrs storage),Battery Storage (4hrs storage),Battery Storage (4hrs storage),Not Applicable,REZ_T3_Solar,Battery Storage (4hrs storage),Battery Storage (4hrs storage),T3,Battery Storage (4hrs storage),T3,Battery Storage (4hrs storage)
1213,NQ Battery - 8h,NQ Battery - 8h,Battery Storage (8hrs storage),QLD,NQ,Not Applicable,Not Applicable,New Entrant,NQ,NQ Battery - 8h,Battery,Battery,Battery Storage (8hrs storage),Battery Storage (8hrs storage),Battery Storage (8hrs storage),Battery Storage (8hrs storage),Battery Storage (8hrs storage),NQ Battery - 8h,Not Applicable,Battery Storage (8hrs storage),Battery Storage (8hrs storage),Battery Storage (8hrs storage),Not Applicable,NE_NQ,Battery Storage (8hrs storage),Battery Storage (8hrs storage),NQ,Battery Storage (8hrs storage),NQ,Battery Storage (8hrs storage)
1214,CQ Battery - 8h,CQ Battery - 8h,Battery Storage (8hrs storage),QLD,CQ,Not Applicable,Not Applicable,New Entrant,CQ,CQ Battery - 8h,Battery,Battery,Battery Storage (8hrs storage),Battery Storage (8hrs storage),Battery Storage (8hrs storage),Battery Storage (8hrs storage),Battery Storage (8hrs storage),CQ Battery - 8h,Not Applicable,Battery Storage (8hrs storage),Battery Storage (8hrs storage),Battery Storage (8hrs storage),Not Applicable,NE_CQ,Battery Storage (8hrs storage),Battery Storage (8hrs storage),CQ,Battery Storage (8hrs storage),CQ,Battery Storage (8hrs storage)
1215,GG Battery - 8h,GG Battery - 8h,Battery Storage (8hrs storage),QLD,GG,Not Applicable,Not Applicable,New Entrant,GG,GG Battery - 8h,Battery,Battery,Battery Storage (8hrs storage),Battery Storage (8hrs storage),Battery Storage (8hrs storage),Battery Storage (8hrs storage),Battery Storage (8hrs storage),GG Battery - 8h,Not Applicable,Battery Storage (8hrs storage),Battery Storage (8hrs storage),Battery Storage (8hrs storage),Not Applicable,NE_GG,Battery Storage (8hrs storage),Battery Storage (8hrs storage),GG,Battery Storage (8hrs storage),GG,Battery Storage (8hrs storage)
1216,SQ Battery - 8h,SQ Battery - 8h,Battery Storage (8hrs storage),QLD,SQ,Not Applicable,Not Applicable,New Entrant,SQ,SQ Battery - 8h,Battery,Battery,Battery Storage (8hrs storage),Battery Storage (8hrs storage),Battery Storage (8hrs storage),Battery Storage (8hrs storage),Battery Storage (8hrs storage),SQ Battery - 8h,Not Applicable,Battery Storage (8hrs storage),Battery Storage (8hrs storage),Battery Storage (8hrs storage),Not Applicable,NE_SQ,Battery Storage (8hrs storage),Battery Storage (8hrs storage),SQ,Battery Storage (8hrs storage),SQ,Battery Storage (8hrs storage)
1217,NNSW Battery - 8h,NNSW Battery - 8h,Battery Storage (8hrs storage),NSW,NNSW,Not Applicable,Not Applicable,New Entrant,NNSW,NNSW Battery - 8h,Battery,Battery,Battery Storage (8hrs storage),Battery Storage (8hrs storage),Battery Storage (8hrs storage),Battery Storage (8hrs storage),Battery Storage (8hrs storage),NNSW Battery - 8h,Not Applicable,Battery Storage (8hrs storage),Battery Storage (8hrs storage),Battery Storage (8hrs storage),Not Applicable,NE_NNSW,Battery Storage (8hrs storage),Battery Storage (8hrs storage),NNSW,Battery Storage (8hrs storage),NNSW,Battery Storage (8hrs storage)
1218,CNSW Battery - 8h,CNSW Battery - 8h,Battery Storage (8hrs storage),NSW,CNSW,Not Applicable,Not Applicable,New Entrant,CNSW,CNSW Battery - 8h,Battery,Battery,Battery Storage (8hrs storage),Battery Storage (8hrs storage),Battery Storage (8hrs storage),Battery Storage (8hrs storage),Battery Storage (8hrs storage),CNSW Battery - 8h,Not Applicable,Battery Storage (8hrs storage),Battery Storage (8hrs storage),Battery Storage (8hrs storage),Not Applicable,NE_CNSW,Battery Storage (8hrs storage),Battery Storage (8hrs storage),CNSW,Battery Storage (8hrs storage),CNSW,Battery Storage (8hrs storage)
1219,SNW Battery - 8h,SNW Battery - 8h,Battery Storage (8hrs storage),NSW,SNW,Not Applicable,Not Applicable,New Entrant,SNW,SNW Battery - 8h,Battery,Battery,Battery Storage (8hrs storage),Battery Storage (8hrs storage),Battery Storage (8hrs storage),Battery Storage (8hrs storage),Battery Storage (8hrs storage),SNW Battery - 8h,Not Applicable,Battery Storage (8hrs storage),Battery Storage (8hrs storage),Battery Storage (8hrs storage),Not Applicable,NE_SNW,Battery Storage (8hrs storage),Battery Storage (8hrs storage),SNW,Battery Storage (8hrs storage),SNW,Battery Storage (8hrs storage)
1220,SNSW Battery - 8h,SNSW Battery - 8h,Battery Storage (8hrs storage),NSW,SNSW,Not Applicable,Not Applicable,New Entrant,SNSW,SNSW Battery - 8h,Battery,Battery,Battery Storage (8hrs storage),Battery Storage (8hrs storage),Battery Storage (8hrs storage),Battery Storage (8hrs storage),Battery Storage (8hrs storage),SNSW Battery - 8h,Not Applicable,Battery Storage (8hrs storage),Battery Storage (8hrs storage),Battery Storage (8hrs storage),Not Applicable,NE_SNSW,Battery Storage (8hrs storage),Battery Storage (8hrs storage),SNSW,Battery Storage (8hrs storage),SNSW,Battery Storage (8hrs storage)
1221,MEL Battery - 8h,MEL Battery - 8h,Battery Storage (8hrs storage),VIC,MEL,Not Applicable,Not Applicable,New Entrant,MEL,MEL Battery - 8h,Battery,Battery,Battery Storage (8hrs storage),Battery Storage (8hrs storage),Battery Storage (8hrs storage),Battery Storage (8hrs storage),Battery Storage (8hrs storage),MEL Battery - 8h,Not Applicable,Battery Storage (8hrs storage),Battery Storage (8hrs storage),Battery Storage (8hrs storage),Not Applicable,NE_VIC1,Battery Storage (8hrs storage),Battery Storage (8hrs storage),MEL,Battery Storage (8hrs storage),MEL,Battery Storage (8hrs storage)
1222,SEV Battery - 8h,SEV Battery - 8h,Battery Storage (8hrs storage),VIC,SEV,Not Applicable,Not Applicable,New Entrant,SEV,SEV Battery - 8h,Battery,Battery,Battery Storage (8hrs storage),Battery Storage (8hrs storage),Battery Storage (8hrs storage),Battery Storage (8hrs storage),Battery Storage (8hrs storage),SEV Battery - 8h,Not Applicable,Battery Storage (8hrs storage),Battery Storage (8hrs storage),Battery Storage (8hrs storage),Not Applicable,NE_VIC1,Battery Storage (8hrs storage),Battery Storage (8hrs storage),SEV,Battery Storage (8hrs storage),SEV,Battery Storage (8hrs storage)
1223,WNV Battery - 8h,WNV Battery - 8h,Battery Storage (8hrs storage),VIC,WNV,Not Applicable,Not Applicable,New Entrant,WNV,WNV Battery - 8h,Battery,Battery,Battery Storage (8hrs storage),Battery Storage (8hrs storage),Battery Storage (8hrs storage),Battery Storage (8hrs storage),Battery Storage (8hrs storage),WNV Battery - 8h,Not Applicable,Battery Storage (8hrs storage),Battery Storage (8hrs storage),Battery Storage (8hrs storage),Not Applicable,NE_VIC1,Battery Storage (8hrs storage),Battery Storage (8hrs storage),WNV,Battery Storage (8hrs storage),WNV,Battery Storage (8hrs storage)
1224,CSA Battery - 8h,CSA Battery - 8h,Battery Storage (8hrs storage),SA,CSA,Not Applicable,Not Applicable,New Entrant,CSA,CSA Battery - 8h,Battery,Battery,Battery Storage (8hrs storage),Battery Storage (8hrs storage),Battery Storage (8hrs storage),Battery Storage (8hrs storage),Battery Storage (8hrs storage),CSA Battery - 8h,Not Applicable,Battery Storage (8hrs storage),Battery Storage (8hrs storage),Battery Storage (8hrs storage),Not Applicable,NE_CSA,Battery Storage (8hrs storage),Battery Storage (8hrs storage),CSA,Battery Storage (8hrs storage),CSA,Battery Storage (8hrs storage)
1225,SESA Battery - 8h,SESA Battery - 8h,Battery Storage (8hrs storage),SA,SESA,Not Applicable,Not Applicable,New Entrant,SESA,SESA Battery - 8h,Battery,Battery,Battery Storage (8hrs storage),Battery Storage (8hrs storage),Battery Storage (8hrs storage),Battery Storage (8hrs storage),Battery Storage (8hrs storage),SESA Battery - 8h,Not Applicable,Battery Storage (8hrs storage),Battery Storage (8hrs storage),Battery Storage (8hrs storage),Not Applicable,NE_SESA,Battery Storage (8hrs storage),Battery Storage (8hrs storage),SESA,Battery Storage (8hrs storage),SESA,Battery Storage (8hrs storage)
1226,NSA Battery - 8h,NSA Battery - 8h,Battery Storage (8hrs storage),SA,NSA,Not Applicable,Not Applicable,New Entrant,NSA,NSA Battery - 8h,Battery,Battery,Battery Storage (8hrs storage),Battery Storage (8hrs storage),Battery Storage (8hrs storage),Battery Storage (8hrs storage),Battery Storage (8hrs storage),NSA Battery - 8h,Not Applicable,Battery Storage (8hrs storage),Battery Storage (8hrs storage),Battery Storage (8hrs storage),Not Applicable,NE_CSA,Battery Storage (8hrs storage),Battery Storage (8hrs storage),NSA,Battery Storage (8hrs storage),NSA,Battery Storage (8hrs storage)
1227,TAS Battery - 8h,TAS Battery - 8h,Battery Storage (8hrs storage),TAS,TAS,Not Applicable,Not Applicable,New Entrant,TAS,TAS Battery - 8h,Battery,Battery,Battery Storage (8hrs storage),Battery Storage (8hrs storage),Battery Storage (8hrs storage),Battery Storage (8hrs storage),Battery Storage (8hrs storage),TAS Battery - 8h,Not Applicable,Battery Storage (8hrs storage),Battery Storage (8hrs storage),Battery Storage (8hrs storage),Not Applicable,NE_TAS1,Battery Storage (8hrs storage),Battery Storage (8hrs storage),TAS,Battery Storage (8hrs storage),TAS,Battery Storage (8hrs storage)
1228,Q1 Battery - 8h,Q1 Battery - 8h,Battery Storage (8hrs storage),QLD,NQ,Far North QLD,Q1,New Entrant,Q1,Q1 Battery - 8h,Battery,Battery,Battery Storage (8hrs storage),Battery Storage (8hrs storage),Battery Storage (8hrs storage),Battery Storage (8hrs storage),Battery Storage (8hrs storage),Q1 Battery - 8h,Not Applicable,Battery Storage (8hrs storage),Battery Storage (8hrs storage),Battery Storage (8hrs storage),Not Applicable,REZ_Q1_Solar,Battery Storage (8hrs storage),Battery Storage (8hrs storage),Q1,Battery Storage (8hrs storage),Q1,Battery Storage (8hrs storage)
1229,Q2 Battery - 8h,Q2 Battery - 8h,Battery Storage (8hrs storage),QLD,NQ,Hughenden Hub,Q2,New Entrant,Q2,Q2 Battery - 8h,Battery,Battery,Battery Storage (8hrs storage),Battery Storage (8hrs storage),Battery Storage (8hrs storage),Battery Storage (8hrs storage),Battery Storage (8hrs storage),Q2 Battery - 8h,Not Applicable,Battery Storage (8hrs storage),Battery Storage (8hrs storage),Battery Storage (8hrs storage),Not Applicable,REZ_Q2_Solar,Battery Storage (8hrs storage),Battery Storage (8hrs storage),Q2,Battery Storage (8hrs storage),Q2,Battery Storage (8hrs storage)
1230,Q3 Battery - 8h,Q3 Battery - 8h,Battery Storage (8hrs storage),QLD,NQ,Northern Qld,Q3,New Entrant,Q3,Q3 Battery - 8h,Battery,Battery,Battery Storage (8hrs storage),Battery Storage (8hrs storage),Battery Storage (8hrs storage),Battery Storage (8hrs storage),Battery Storage (8hrs storage),Q3 Battery - 8h,Not Applicable,Battery Storage (8hrs storage),Battery Storage (8hrs storage),Battery Storage (8hrs storage),Not Applicable,REZ_Q3_Solar,Battery Storage (8hrs storage),Battery Storage (8hrs storage),Q3,Battery Storage (8hrs storage),Q3,Battery Storage (8hrs storage)
1231,Q4 Battery - 8h,Q4 Battery - 8h,Battery Storage (8hrs storage),QLD,CQ,Isaac,Q4,New Entrant,Q4,Q4 Battery - 8h,Battery,Battery,Battery Storage (8hrs storage),Battery Storage (8hrs storage),Battery Storage (8hrs storage),Battery Storage (8hrs storage),Battery Storage (8hrs storage),Q4 Battery - 8h,Not Applicable,Battery Storage (8hrs storage),Battery Storage (8hrs storage),Battery Storage (8hrs storage),Not Applicable,REZ_Q4_Solar,Battery Storage (8hrs storage),Battery Storage (8hrs storage),Q4,Battery Storage (8hrs storage),Q4,Battery Storage (8hrs storage)
1232,Q5 Battery - 8h,Q5 Battery - 8h,Battery Storage (8hrs storage),QLD,CQ,Barcaldine,Q5,New Entrant,Q5,Q5 Battery - 8h,Battery,Battery,Battery Storage (8hrs storage),Battery Storage (8hrs storage),Battery Storage (8hrs storage),Battery Storage (8hrs storage),Battery Storage (8hrs storage),Q5 Battery - 8h,Not Applicable,Battery Storage (8hrs storage),Battery Storage (8hrs storage),Battery Storage (8hrs storage),Not Applicable,REZ_Q5_Solar,Battery Storage (8hrs storage),Battery Storage (8hrs storage),Q5,Battery Storage (8hrs storage),Q5,Battery Storage (8hrs storage)
1233,Q6 Battery - 8h,Q6 Battery - 8h,Battery Storage (8hrs storage),QLD,CQ,Fitzroy,Q6,New Entrant,Q6,Q6 Battery - 8h,Battery,Battery,Battery Storage (8hrs storage),Battery Storage (8hrs storage),Battery Storage (8hrs storage),Battery Storage (8hrs storage),Battery Storage (8hrs storage),Q6 Battery - 8h,Not Applicable,Battery Storage (8hrs storage),Battery Storage (8hrs storage),Battery Storage (8hrs storage),Not Applicable,REZ_Q6_Solar,Battery Storage (8hrs storage),Battery Storage (8hrs storage),Q6,Battery Storage (8hrs storage),Q6,Battery Storage (8hrs storage)
1234,Q7 Battery - 8h,Q7 Battery - 8h,Battery Storage (8hrs storage),QLD,SQ,Wide Bay,Q7,New Entrant,Q7,Q7 Battery - 8h,Battery,Battery,Battery Storage (8hrs storage),Battery Storage (8hrs storage),Battery Storage (8hrs storage),Battery Storage (8hrs storage),Battery Storage (8hrs storage),Q7 Battery - 8h,Not Applicable,Battery Storage (8hrs storage),Battery Storage (8hrs storage),Battery Storage (8hrs storage),Not Applicable,REZ_Q7_Solar,Battery Storage (8hrs storage),Battery Storage (8hrs storage),Q7,Battery Storage (8hrs storage),Q7,Battery Storage (8hrs storage)
1235,Q8 Battery - 8h,Q8 Battery - 8h,Battery Storage (8hrs storage),QLD,SQ,Darling Downs,Q8,New Entrant,Q8,Q8 Battery - 8h,Battery,Battery,Battery Storage (8hrs storage),Battery Storage (8hrs storage),Battery Storage (8hrs storage),Battery Storage (8hrs storage),Battery Storage (8hrs storage),Q8 Battery - 8h,Not Applicable,Battery Storage (8hrs storage),Battery Storage (8hrs storage),Battery Storage (8hrs storage),Not Applicable,REZ_Q8_Solar,Battery Storage (8hrs storage),Battery Storage (8hrs storage),Q8,Battery Storage (8hrs storage),Q8,Battery Storage (8hrs storage)
1236,Q9 Battery - 8h,Q9 Battery - 8h,Battery Storage (8hrs storage),QLD,CQ,Banana,Q9,New Entrant,Q9,Q9 Battery - 8h,Battery,Battery,Battery Storage (8hrs storage),Battery Storage (8hrs storage),Battery Storage (8hrs storage),Battery Storage (8hrs storage),Battery Storage (8hrs storage),Q9 Battery - 8h,Not Applicable,Battery Storage (8hrs storage),Battery Storage (8hrs storage),Battery Storage (8hrs storage),Not Applicable,REZ_Q9_Solar,Battery Storage (8hrs storage),Battery Storage (8hrs storage),Q9,Battery Storage (8hrs storage),Q9,Battery Storage (8hrs storage)
1237,Q10 Battery - 8h,Q10 Battery - 8h,Battery Storage (8hrs storage),QLD,NQ,Collinsville,Q10,New Entrant,Q10,Q10 Battery - 8h,Battery,Battery,Battery Storage (8hrs storage),Battery Storage (8hrs storage),Battery Storage (8hrs storage),Battery Storage (8hrs storage),Battery Storage (8hrs storage),Q10 Battery - 8h,Not Applicable,Battery Storage (8hrs storage),Battery Storage (8hrs storage),Battery Storage (8hrs storage),Not Applicable,REZ_Q10_Solar,Battery Storage (8hrs storage),Battery Storage (8hrs storage),Q10,Battery Storage (8hrs storage),Q10,Battery Storage (8hrs storage)
1238,N1 Battery - 8h,N1 Battery - 8h,Battery Storage (8hrs storage),NSW,NNSW,North West NSW,N1,New Entrant,N1,N1 Battery - 8h,Battery,Battery,Battery Storage (8hrs storage),Battery Storage (8hrs storage),Battery Storage (8hrs storage),Battery Storage (8hrs storage),Battery Storage (8hrs storage),N1 Battery - 8h,Not Applicable,Battery Storage (8hrs storage),Battery Storage (8hrs storage),Battery Storage (8hrs storage),Not Applicable,REZ_N1_Solar,Battery Storage (8hrs storage),Battery Storage (8hrs storage),N1,Battery Storage (8hrs storage),N1,Battery Storage (8hrs storage)
1239,N2 Battery - 8h,N2 Battery - 8h,Battery Storage (8hrs storage),NSW,NNSW,New England,N2,New Entrant,N2,N2 Battery - 8h,Battery,Battery,Battery Storage (8hrs storage),Battery Storage (8hrs storage),Battery Storage (8hrs storage),Battery Storage (8hrs storage),Battery Storage (8hrs storage),N2 Battery - 8h,Not Applicable,Battery Storage (8hrs storage),Battery Storage (8hrs storage),Battery Storage (8hrs storage),Not Applicable,REZ_N2_Solar,Battery Storage (8hrs storage),Battery Storage (8hrs storage),N2,Battery Storage (8hrs storage),N2,Battery Storage (8hrs storage)
1240,N3 Battery - 8h,N3 Battery - 8h,Battery Storage (8hrs storage),NSW,CNSW,Central-West Orana,N3,New Entrant,N3,N3 Battery - 8h,Battery,Battery,Battery Storage (8hrs storage),Battery Storage (8hrs storage),Battery Storage (8hrs storage),Battery Storage (8hrs storage),Battery Storage (8hrs storage),N3 Battery - 8h,Not Applicable,Battery Storage (8hrs storage),Battery Storage (8hrs storage),Battery Storage (8hrs storage),Not Applicable,REZ_N3_Solar,Battery Storage (8hrs storage),Battery Storage (8hrs storage),N3,Battery Storage (8hrs storage),N3,Battery Storage (8hrs storage)
1241,N4 Battery - 8h,N4 Battery - 8h,Battery Storage (8hrs storage),NSW,SNSW,Broken Hill,N4,New Entrant,N4,N4 Battery - 8h,Battery,Battery,Battery Storage (8hrs storage),Battery Storage (8hrs storage),Battery Storage (8hrs storage),Battery Storage (8hrs storage),Battery Storage (8hrs storage),N4 Battery - 8h,Not Applicable,Battery Storage (8hrs storage),Battery Storage (8hrs storage),Battery Storage (8hrs storage),Not Applicable,REZ_N4_Solar,Battery Storage (8hrs storage),Battery Storage (8hrs storage),N4,Battery Storage (8hrs storage),N4,Battery Storage (8hrs storage)
1242,N5 Battery - 8h,N5 Battery - 8h,Battery Storage (8hrs storage),NSW,SNSW,South West NSW,N5,New Entrant,N5,N5 Battery - 8h,Battery,Battery,Battery Storage (8hrs storage),Battery Storage (8hrs storage),Battery Storage (8hrs storage),Battery Storage (8hrs storage),Battery Storage (8hrs storage),N5 Battery - 8h,Not Applicable,Battery Storage (8hrs storage),Battery Storage (8hrs storage),Battery Storage (8hrs storage),Not Applicable,REZ_N5_Solar,Battery Storage (8hrs storage),Battery Storage (8hrs storage),N5,Battery Storage (8hrs storage),N5,Battery Storage (8hrs storage)
1243,N6 Battery - 8h,N6 Battery - 8h,Battery Storage (8hrs storage),NSW,SNSW,Wagga Wagga,N6,New Entrant,N6,N6 Battery - 8h,Battery,Battery,Battery Storage (8hrs storage),Battery Storage (8hrs storage),Battery Storage (8hrs storage),Battery Storage (8hrs storage),Battery Storage (8hrs storage),N6 Battery - 8h,Not Applicable,Battery Storage (8hrs storage),Battery Storage (8hrs storage),Battery Storage (8hrs storage),Not Applicable,REZ_N6_Solar,Battery Storage (8hrs storage),Battery Storage (8hrs storage),N6,Battery Storage (8hrs storage),N6,Battery Storage (8hrs storage)
1244,N7 Battery - 8h,N7 Battery - 8h,Battery Storage (8hrs storage),NSW,SNSW,Tumut,N7,New Entrant,N7,N7 Battery - 8h,Battery,Battery,Battery Storage (8hrs storage),Battery Storage (8hrs storage),Battery Storage (8hrs storage),Battery Storage (8hrs storage),Battery Storage (8hrs storage),N7 Battery - 8h,Not Applicable,Battery Storage (8hrs storage),Battery Storage (8hrs storage),Battery Storage (8hrs storage),Not Applicable,REZ_N7_Solar,Battery Storage (8hrs storage),Battery Storage (8hrs storage),N7,Battery Storage (8hrs storage),N7,Battery Storage (8hrs storage)
1245,N8 Battery - 8h,N8 Battery - 8h,Battery Storage (8hrs storage),NSW,SNSW,Cooma-Monaro,N8,New Entrant,N8,N8 Battery - 8h,Battery,Battery,Battery Storage (8hrs storage),Battery Storage (8hrs storage),Battery Storage (8hrs storage),Battery Storage (8hrs storage),Battery Storage (8hrs storage),N8 Battery - 8h,Not Applicable,Battery Storage (8hrs storage),Battery Storage (8hrs storage),Battery Storage (8hrs storage),Not Applicable,REZ_N8_Solar,Battery Storage (8hrs storage),Battery Storage (8hrs storage),N8,Battery Storage (8hrs storage),N8,Battery Storage (8hrs storage)
1246,N9a Battery - 8h,N9a Battery - 8h,Battery Storage (8hrs storage),NSW,CNSW,Hunter-Central Coast,N9a,New Entrant,N9a,N9a Battery - 8h,Battery,Battery,Battery Storage (8hrs storage),Battery Storage (8hrs storage),Battery Storage (8hrs storage),Battery Storage (8hrs storage),Battery Storage (8hrs storage),N9a Battery - 8h,Not Applicable,Battery Storage (8hrs storage),Battery Storage (8hrs storage),Battery Storage (8hrs storage),Not Applicable,REZ_N9_Solar,Battery Storage (8hrs storage),Battery Storage (8hrs storage),N9,Battery Storage (8hrs storage),N9,Battery Storage (8hrs storage)
1247,N9b Battery - 8h,N9b Battery - 8h,Battery Storage (8hrs storage),NSW,SNW,Hunter-Central Coast,N9b,New Entrant,N9b,N9b Battery - 8h,Battery,Battery,Battery Storage (8hrs storage),Battery Storage (8hrs storage),Battery Storage (8hrs storage),Battery Storage (8hrs storage),Battery Storage (8hrs storage),N9b Battery - 8h,Not Applicable,Battery Storage (8hrs storage),Battery Storage (8hrs storage),Battery Storage (8hrs storage),Not Applicable,REZ_N9_Solar,Battery Storage (8hrs storage),Battery Storage (8hrs storage),N9,Battery Storage (8hrs storage),N9,Battery Storage (8hrs storage)
1248,N12 Battery - 8h,N12 Battery - 8h,Battery Storage (8hrs storage),NSW,SNW,Illawarra,N12,New Entrant,N12,N12 Battery - 8h,Battery,Battery,Battery Storage (8hrs storage),Battery Storage (8hrs storage),Battery Storage (8hrs storage),Battery Storage (8hrs storage),Battery Storage (8hrs storage),N12 Battery - 8h,Not Applicable,Battery Storage (8hrs storage),Battery Storage (8hrs storage),Battery Storage (8hrs storage),Not Applicable,REZ_N12_Solar,Battery Storage (8hrs storage),Battery Storage (8hrs storage),N12,Battery Storage (8hrs storage),N12,Battery Storage (8hrs storage)
1249,N13 Battery - 8h,N13 Battery - 8h,Battery Storage (8hrs storage),NSW,CNSW,South Cobar,N13,New Entrant,N13,N13 Battery - 8h,Battery,Battery,Battery Storage (8hrs storage),Battery Storage (8hrs storage),Battery Storage (8hrs storage),Battery Storage (8hrs storage),Battery Storage (8hrs storage),N13 Battery - 8h,Not Applicable,Battery Storage (8hrs storage),Battery Storage (8hrs storage),Battery Storage (8hrs storage),Not Applicable,REZ_N13_Solar,Battery Storage (8hrs storage),Battery Storage (8hrs storage),N13,Battery Storage (8hrs storage),N13,Battery Storage (8hrs storage)
1250,V1 Battery - 8h,V1 Battery - 8h,Battery Storage (8hrs storage),VIC,WNV,North West VIC,V1,New Entrant,V1,V1 Battery - 8h,Battery,Battery,Battery Storage (8hrs storage),Battery Storage (8hrs storage),Battery Storage (8hrs storage),Battery Storage (8hrs storage),Battery Storage (8hrs storage),V1 Battery - 8h,Not Applicable,Battery Storage (8hrs storage),Battery Storage (8hrs storage),Battery Storage (8hrs storage),Not Applicable,REZ_V1_Solar,Battery Storage (8hrs storage),Battery Storage (8hrs storage),V1,Battery Storage (8hrs storage),V1,Battery Storage (8hrs storage)
1251,V2 Battery - 8h,V2 Battery - 8h,Battery Storage (8hrs storage),VIC,WNV,Central Highlands VIC,V2,New Entrant,V2,V2 Battery - 8h,Battery,Battery,Battery Storage (8hrs storage),Battery Storage (8hrs storage),Battery Storage (8hrs storage),Battery Storage (8hrs storage),Battery Storage (8hrs storage),V2 Battery - 8h,Not Applicable,Battery Storage (8hrs storage),Battery Storage (8hrs storage),Battery Storage (8hrs storage),Not Applicable,REZ_V2_Solar,Battery Storage (8hrs storage),Battery Storage (8hrs storage),V2,Battery Storage (8hrs storage),V2,Battery Storage (8hrs storage)
1252,V3 Battery - 8h,V3 Battery - 8h,Battery Storage (8hrs storage),VIC,WNV,Western Victoria,V3,New Entrant,V3,V3 Battery - 8h,Battery,Battery,Battery Storage (8hrs storage),Battery Storage (8hrs storage),Battery Storage (8hrs storage),Battery Storage (8hrs storage),Battery Storage (8hrs storage),V3 Battery - 8h,Not Applicable,Battery Storage (8hrs storage),Battery Storage (8hrs storage),Battery Storage (8hrs storage),Not Applicable,REZ_V3_Solar,Battery Storage (8hrs storage),Battery Storage (8hrs storage),V3,Battery Storage (8hrs storage),V3,Battery Storage (8hrs storage)
1253,V4 Battery - 8h,V4 Battery - 8h,Battery Storage (8hrs storage),VIC,WNV,Western Victoria,V4,New Entrant,V4,V4 Battery - 8h,Battery,Battery,Battery Storage (8hrs storage),Battery Storage (8hrs storage),Battery Storage (8hrs storage),Battery Storage (8hrs storage),Battery Storage (8hrs storage),V4 Battery - 8h,Not Applicable,Battery Storage (8hrs storage),Battery Storage (8hrs storage),Battery Storage (8hrs storage),Not Applicable,REZ_V4_Solar,Battery Storage (8hrs storage),Battery Storage (8hrs storage),V4,Battery Storage (8hrs storage),V4,Battery Storage (8hrs storage)
1254,V5 Battery - 8h,V5 Battery - 8h,Battery Storage (8hrs storage),VIC,WNV,South West VIC,V5,New Entrant,V5,V5 Battery - 8h,Battery,Battery,Battery Storage (8hrs storage),Battery Storage (8hrs storage),Battery Storage (8hrs storage),Battery Storage (8hrs storage),Battery Storage (8hrs storage),V5 Battery - 8h,Not Applicable,Battery Storage (8hrs storage),Battery Storage (8hrs storage),Battery Storage (8hrs storage),Not Applicable,REZ_V5_Solar,Battery Storage (8hrs storage),Battery Storage (8hrs storage),V5,Battery Storage (8hrs storage),V5,Battery Storage (8hrs storage)
1255,V6 Battery - 8h,V6 Battery - 8h,Battery Storage (8hrs storage),VIC,SEV,Gippsland Onshore,V6,New Entrant,V6,V6 Battery - 8h,Battery,Battery,Battery Storage (8hrs storage),Battery Storage (8hrs storage),Battery Storage (8hrs storage),Battery Storage (8hrs storage),Battery Storage (8hrs storage),V6 Battery - 8h,Not Applicable,Battery Storage (8hrs storage),Battery Storage (8hrs storage),Battery Storage (8hrs storage),Not Applicable,REZ_V6_Solar,Battery Storage (8hrs storage),Battery Storage (8hrs storage),V6,Battery Storage (8hrs storage),V6,Battery Storage (8hrs storage)
1256,V7 Battery - 8h,V7 Battery - 8h,Battery Storage (8hrs storage),VIC,WNV,Central North VIC,V7,New Entrant,V7,V7 Battery - 8h,Battery,Battery,Battery Storage (8hrs storage),Battery Storage (8hrs storage),Battery Storage (8hrs storage),Battery Storage (8hrs storage),Battery Storage (8hrs storage),V7 Battery - 8h,Not Applicable,Battery Storage (8hrs storage),Battery Storage (8hrs storage),Battery Storage (8hrs storage),Not Applicable,REZ_V7_Solar,Battery Storage (8hrs storage),Battery Storage (8hrs storage),V7,Battery Storage (8hrs storage),V7,Battery Storage (8hrs storage)
1257,S1 Battery - 8h,S1 Battery - 8h,Battery Storage (8hrs storage),SA,SESA,South East SA,S1,New Entrant,S1,S1 Battery - 8h,Battery,Battery,Battery Storage (8hrs storage),Battery Storage (8hrs storage),Battery Storage (8hrs storage),Battery Storage (8hrs storage),Battery Storage (8hrs storage),S1 Battery - 8h,Not Applicable,Battery Storage (8hrs storage),Battery Storage (8hrs storage),Battery Storage (8hrs storage),Not Applicable,REZ_S1_Solar,Battery Storage (8hrs storage),Battery Storage (8hrs storage),S1,Battery Storage (8hrs storage),S1,Battery Storage (8hrs storage)
1258,S2 Battery - 8h,S2 Battery - 8h,Battery Storage (8hrs storage),SA,CSA,Riverland,S2,New Entrant,S2,S2 Battery - 8h,Battery,Battery,Battery Storage (8hrs storage),Battery Storage (8hrs storage),Battery Storage (8hrs storage),Battery Storage (8hrs storage),Battery Storage (8hrs storage),S2 Battery - 8h,Not Applicable,Battery Storage (8hrs storage),Battery Storage (8hrs storage),Battery Storage (8hrs storage),Not Applicable,REZ_S2_Solar,Battery Storage (8hrs storage),Battery Storage (8hrs storage),S2,Battery Storage (8hrs storage),S2,Battery Storage (8hrs storage)
1259,S3 Battery - 8h,S3 Battery - 8h,Battery Storage (8hrs storage),SA,CSA,Mid-North SA,S3,New Entrant,S3,S3 Battery - 8h,Battery,Battery,Battery Storage (8hrs storage),Battery Storage (8hrs storage),Battery Storage (8hrs storage),Battery Storage (8hrs storage),Battery Storage (8hrs storage),S3 Battery - 8h,Not Applicable,Battery Storage (8hrs storage),Battery Storage (8hrs storage),Battery Storage (8hrs storage),Not Applicable,REZ_S3_Solar,Battery Storage (8hrs storage),Battery Storage (8hrs storage),S3,Battery Storage (8hrs storage),S3,Battery Storage (8hrs storage)
1260,S4 Battery - 8h,S4 Battery - 8h,Battery Storage (8hrs storage),SA,CSA,Yorke Peninsula,S4,New Entrant,S4,S4 Battery - 8h,Battery,Battery,Battery Storage (8hrs storage),Battery Storage (8hrs storage),Battery Storage (8hrs storage),Battery Storage (8hrs storage),Battery Storage (8hrs storage),S4 Battery - 8h,Not Applicable,Battery Storage (8hrs storage),Battery Storage (8hrs storage),Battery Storage (8hrs storage),Not Applicable,REZ_S4_Solar,Battery Storage (8hrs storage),Battery Storage (8hrs storage),S4,Battery Storage (8hrs storage),S4,Battery Storage (8hrs storage)
1261,S5 Battery - 8h,S5 Battery - 8h,Battery Storage (8hrs storage),SA,NSA,Northern SA,S5,New Entrant,S5,S5 Battery - 8h,Battery,Battery,Battery Storage (8hrs storage),Battery Storage (8hrs storage),Battery Storage (8hrs storage),Battery Storage (8hrs storage),Battery Storage (8hrs storage),S5 Battery - 8h,Not Applicable,Battery Storage (8hrs storage),Battery Storage (8hrs storage),Battery Storage (8hrs storage),Not Applicable,REZ_S5_Solar,Battery Storage (8hrs storage),Battery Storage (8hrs storage),S5,Battery Storage (8hrs storage),S5,Battery Storage (8hrs storage)
1262,S6 Battery - 8h,S6 Battery - 8h,Battery Storage (8hrs storage),SA,NSA,Roxby Downs,S6,New Entrant,S6,S6 Battery - 8h,Battery,Battery,Battery Storage (8hrs storage),Battery Storage (8hrs storage),Battery Storage (8hrs storage),Battery Storage (8hrs storage),Battery Storage (8hrs storage),S6 Battery - 8h,Not Applicable,Battery Storage (8hrs storage),Battery Storage (8hrs storage),Battery Storage (8hrs storage),Not Applicable,REZ_S7_Solar,Battery Storage (8hrs storage),Battery Storage (8hrs storage),S6,Battery Storage (8hrs storage),S6,Battery Storage (8hrs storage)
1263,S7 Battery - 8h,S7 Battery - 8h,Battery Storage (8hrs storage),SA,NSA,Eastern Eyre Peninsula,S7,New Entrant,S7,S7 Battery - 8h,Battery,Battery,Battery Storage (8hrs storage),Battery Storage (8hrs storage),Battery Storage (8hrs storage),Battery Storage (8hrs storage),Battery Storage (8hrs storage),S7 Battery - 8h,Not Applicable,Battery Storage (8hrs storage),Battery Storage (8hrs storage),Battery Storage (8hrs storage),Not Applicable,REZ_S8_Solar,Battery Storage (8hrs storage),Battery Storage (8hrs storage),S7,Battery Storage (8hrs storage),S7,Battery Storage (8hrs storage)
1264,S8 Battery - 8h,S8 Battery - 8h,Battery Storage (8hrs storage),SA,NSA,Western Eyre Peninsula,S8,New Entrant,S8,S8 Battery - 8h,Battery,Battery,Battery Storage (8hrs storage),Battery Storage (8hrs storage),Battery Storage (8hrs storage),Battery Storage (8hrs storage),Battery Storage (8hrs storage),S8 Battery - 8h,Not Applicable,Battery Storage (8hrs storage),Battery Storage (8hrs storage),Battery Storage (8hrs storage),Not Applicable,REZ_S9_Solar,Battery Storage (8hrs storage),Battery Storage (8hrs storage),S8,Battery Storage (8hrs storage),S8,Battery Storage (8hrs storage)
1265,T1 Battery - 8h,T1 Battery - 8h,Battery Storage (8hrs storage),TAS,TAS,North East Tasmania,T1,New Entrant,T1,T1 Battery - 8h,Battery,Battery,Battery Storage (8hrs storage),Battery Storage (8hrs storage),Battery Storage (8hrs storage),Battery Storage (8hrs storage),Battery Storage (8hrs storage),T1 Battery - 8h,Not Applicable,Battery Storage (8hrs storage),Battery Storage (8hrs storage),Battery Storage (8hrs storage),Not Applicable,REZ_T1_Solar,Battery Storage (8hrs storage),Battery Storage (8hrs storage),T1,Battery Storage (8hrs storage),T1,Battery Storage (8hrs storage)
1266,T2 Battery - 8h,T2 Battery - 8h,Battery Storage (8hrs storage),TAS,TAS,North West Tasmania,T2,New Entrant,T2,T2 Battery - 8h,Battery,Battery,Battery Storage (8hrs storage),Battery Storage (8hrs storage),Battery Storage (8hrs storage),Battery Storage (8hrs storage),Battery Storage (8hrs storage),T2 Battery - 8h,Not Applicable,Battery Storage (8hrs storage),Battery Storage (8hrs storage),Battery Storage (8hrs storage),Not Applicable,REZ_T2_Solar,Battery Storage (8hrs storage),Battery Storage (8hrs storage),T2,Battery Storage (8hrs storage),T2,Battery Storage (8hrs storage)
1267,T3 Battery - 8h,T3 Battery - 8h,Battery Storage (8hrs storage),TAS,TAS,Central Highlands,T3,New Entrant,T3,T3 Battery - 8h,Battery,Battery,Battery Storage (8hrs storage),Battery Storage (8hrs storage),Battery Storage (8hrs storage),Battery Storage (8hrs storage),Battery Storage (8hrs storage),T3 Battery - 8h,Not Applicable,Battery Storage (8hrs storage),Battery Storage (8hrs storage),Battery Storage (8hrs storage),Not Applicable,REZ_T3_Solar,Battery Storage (8hrs storage),Battery Storage (8hrs storage),T3,Battery Storage (8hrs storage),T3,Battery Storage (8hrs storage)
1268,NQ Pumped Hydro - 10h,NQ Pumped Hydro - 10h,Pumped Hydro (10hrs storage),QLD,NQ,Not Applicable,Not Applicable,New Entrant,NQ,NQ Pumped Hydro - 10h,Water,Hydro,Pumped Hydro (10hrs storage),Pumped Hydro (10hrs storage),Pumped Hydro (10hrs storage),Pumped Hydro (10hrs storage),Pumped Hydro (10hrs storage),NQ Pumped Hydro - 10h,Not Applicable,All Hydro,All Hydro,All Hydro,New Entrant PHES,NE_NQ,Pumped Hydro (10hrs storage),Pumped Hydro (10hrs storage),NQ,Pumped Hydro (10hrs storage),NQ,Pumped Hydro (10hrs storage)
1269,CQ Pumped Hydro - 10h,CQ Pumped Hydro - 10h,Pumped Hydro (10hrs storage),QLD,CQ,Not Applicable,Not Applicable,New Entrant,CQ,CQ Pumped Hydro - 10h,Water,Hydro,Pumped Hydro (10hrs storage),Pumped Hydro (10hrs storage),Pumped Hydro (10hrs storage),Pumped Hydro (10hrs storage),Pumped Hydro (10hrs storage),CQ Pumped Hydro - 10h,Not Applicable,All Hydro,All Hydro,All Hydro,New Entrant PHES,NE_CQ,Pumped Hydro (10hrs storage),Pumped Hydro (10hrs storage),CQ,Pumped Hydro (10hrs storage),CQ,Pumped Hydro (10hrs storage)
1270,SQ Pumped Hydro - 10h,SQ Pumped Hydro - 10h,Pumped Hydro (10hrs storage),QLD,SQ,Not Applicable,Not Applicable,New Entrant,SQ,SQ Pumped Hydro - 10h,Water,Hydro,Pumped Hydro (10hrs storage),Pumped Hydro (10hrs storage),Pumped Hydro (10hrs storage),Pumped Hydro (10hrs storage),Pumped Hydro (10hrs storage),SQ Pumped Hydro - 10h,Not Applicable,All Hydro,All Hydro,All Hydro,New Entrant PHES,NE_SQ,Pumped Hydro (10hrs storage),Pumped Hydro (10hrs storage),SQ,Pumped Hydro (10hrs storage),SQ,Pumped Hydro (10hrs storage)
1271,NNSW Pumped Hydro - 10h,NNSW Pumped Hydro - 10h,Pumped Hydro (10hrs storage),NSW,NNSW,Not Applicable,Not Applicable,New Entrant,NNSW,NNSW Pumped Hydro - 10h,Water,Hydro,Pumped Hydro (10hrs storage),Pumped Hydro (10hrs storage),Pumped Hydro (10hrs storage),Pumped Hydro (10hrs storage),Pumped Hydro (10hrs storage),NNSW Pumped Hydro - 10h,Not Applicable,All Hydro,All Hydro,All Hydro,New Entrant PHES,NE_NNSW,Pumped Hydro (10hrs storage),Pumped Hydro (10hrs storage),NNSW,Pumped Hydro (10hrs storage),NNSW,Pumped Hydro (10hrs storage)
1272,CNSW Pumped Hydro - 10h,CNSW Pumped Hydro - 10h,Pumped Hydro (10hrs storage),NSW,CNSW,Not Applicable,Not Applicable,New Entrant,CNSW,CNSW Pumped Hydro - 10h,Water,Hydro,Pumped Hydro (10hrs storage),Pumped Hydro (10hrs storage),Pumped Hydro (10hrs storage),Pumped Hydro (10hrs storage),Pumped Hydro (10hrs storage),CNSW Pumped Hydro - 10h,Not Applicable,All Hydro,All Hydro,All Hydro,New Entrant PHES,NE_CNSW,Pumped Hydro (10hrs storage),Pumped Hydro (10hrs storage),CNSW,Pumped Hydro (10hrs storage),CNSW,Pumped Hydro (10hrs storage)
1273,SNW Pumped Hydro - 10h,SNW Pumped Hydro - 10h,Pumped Hydro (10hrs storage),NSW,SNW,Not Applicable,Not Applicable,New Entrant,SNW,SNW Pumped Hydro - 10h,Water,Hydro,Pumped Hydro (10hrs storage),Pumped Hydro (10hrs storage),Pumped Hydro (10hrs storage),Pumped Hydro (10hrs storage),Pumped Hydro (10hrs storage),SNW Pumped Hydro - 10h,Not Applicable,All Hydro,All Hydro,All Hydro,New Entrant PHES,NE_SNW,Pumped Hydro (10hrs storage),Pumped Hydro (10hrs storage),SNW,Pumped Hydro (10hrs storage),SNW,Pumped Hydro (10hrs storage)
1274,SNSW Pumped Hydro - 10h,SNSW Pumped Hydro - 10h,Pumped Hydro (10hrs storage),NSW,SNSW,Not Applicable,Not Applicable,New Entrant,SNSW,SNSW Pumped Hydro - 10h,Water,Hydro,Pumped Hydro (10hrs storage),Pumped Hydro (10hrs storage),Pumped Hydro (10hrs storage),Pumped Hydro (10hrs storage),Pumped Hydro (10hrs storage),SNSW Pumped Hydro - 10h,Not Applicable,All Hydro,All Hydro,All Hydro,New Entrant PHES,NE_SNSW,Pumped Hydro (10hrs storage),Pumped Hydro (10hrs storage),SNSW,Pumped Hydro (10hrs storage),SNSW,Pumped Hydro (10hrs storage)
1275,WNV Pumped Hydro - 10h,WNV Pumped Hydro - 10h,Pumped Hydro (10hrs storage),VIC,WNV,Not Applicable,Not Applicable,New Entrant,WNV,WNV Pumped Hydro - 10h,Water,Hydro,Pumped Hydro (10hrs storage),Pumped Hydro (10hrs storage),Pumped Hydro (10hrs storage),Pumped Hydro (10hrs storage),Pumped Hydro (10hrs storage),WNV Pumped Hydro - 10h,Not Applicable,All Hydro,All Hydro,All Hydro,New Entrant PHES,NE_VIC1,Pumped Hydro (10hrs storage),Pumped Hydro (10hrs storage),WNV,Pumped Hydro (10hrs storage),WNV,Pumped Hydro (10hrs storage)
1276,CSA Pumped Hydro - 10h,CSA Pumped Hydro - 10h,Pumped Hydro (10hrs storage),SA,CSA,Not Applicable,Not Applicable,New Entrant,CSA,CSA Pumped Hydro - 10h,Water,Hydro,Pumped Hydro (10hrs storage),Pumped Hydro (10hrs storage),Pumped Hydro (10hrs storage),Pumped Hydro (10hrs storage),Pumped Hydro (10hrs storage),CSA Pumped Hydro - 10h,Not Applicable,All Hydro,All Hydro,All Hydro,New Entrant PHES,NE_CSA,Pumped Hydro (10hrs storage),Pumped Hydro (10hrs storage),CSA,Pumped Hydro (10hrs storage),CSA,Pumped Hydro (10hrs storage)
1277,NSA Pumped Hydro - 10h,NSA Pumped Hydro - 10h,Pumped Hydro (10hrs storage),SA,NSA,Not Applicable,Not Applicable,New Entrant,CSA,NSA Pumped Hydro - 10h,Water,Hydro,Pumped Hydro (10hrs storage),Pumped Hydro (10hrs storage),Pumped Hydro (10hrs storage),Pumped Hydro (10hrs storage),Pumped Hydro (10hrs storage),NSA Pumped Hydro - 10h,Not Applicable,All Hydro,All Hydro,All Hydro,New Entrant PHES,NE_CSA,Pumped Hydro (10hrs storage),Pumped Hydro (10hrs storage),CSA,Pumped Hydro (10hrs storage),CSA,Pumped Hydro (10hrs storage)
1278,TAS Pumped Hydro - 10h,TAS Pumped Hydro - 10h,Pumped Hydro (10hrs storage),TAS,TAS,Not Applicable,Not Applicable,New Entrant,TAS,TAS Pumped Hydro - 10h,Water,Hydro,Pumped Hydro (10hrs storage),Pumped Hydro (10hrs storage),Pumped Hydro (10hrs storage),Pumped Hydro (10hrs storage),Pumped Hydro (10hrs storage),TAS Pumped Hydro - 10h,Not Applicable,All Hydro,All Hydro,All Hydro,New Entrant PHES,NE_TAS1,Pumped Hydro (10hrs storage),Pumped Hydro (10hrs storage),TAS,Pumped Hydro (10hrs storage),TAS,Pumped Hydro (10hrs storage)
1279,NQ Pumped Hydro - 24h,NQ Pumped Hydro - 24h,Pumped Hydro (24hrs storage),QLD,NQ,Not Applicable,Not Applicable,New Entrant,NQ,NQ Pumped Hydro - 24h,Water,Hydro,Pumped Hydro (24hrs storage),Pumped Hydro (24hrs storage),Pumped Hydro (24hrs storage),Pumped Hydro (24hrs storage),Pumped Hydro (24hrs storage),NQ Pumped Hydro - 24h,Not Applicable,All Hydro,All Hydro,All Hydro,New Entrant PHES,NE_NQ,Pumped Hydro (24hrs storage),Pumped Hydro (24hrs storage),NQ,Pumped Hydro (24hrs storage),NQ,Pumped Hydro (24hrs storage)
1280,CQ Pumped Hydro - 24h,CQ Pumped Hydro - 24h,Pumped Hydro (24hrs storage),QLD,CQ,Not Applicable,Not Applicable,New Entrant,CQ,CQ Pumped Hydro - 24h,Water,Hydro,Pumped Hydro (24hrs storage),Pumped Hydro (24hrs storage),Pumped Hydro (24hrs storage),Pumped Hydro (24hrs storage),Pumped Hydro (24hrs storage),CQ Pumped Hydro - 24h,Not Applicable,All Hydro,All Hydro,All Hydro,New Entrant PHES,NE_CQ,Pumped Hydro (24hrs storage),Pumped Hydro (24hrs storage),CQ,Pumped Hydro (24hrs storage),CQ,Pumped Hydro (24hrs storage)
1281,SQ Pumped Hydro - 24h,SQ Pumped Hydro - 24h,Pumped Hydro (24hrs storage),QLD,SQ,Not Applicable,Not Applicable,New Entrant,SQ,SQ Pumped Hydro - 24h,Water,Hydro,Pumped Hydro (24hrs storage),Pumped Hydro (24hrs storage),Pumped Hydro (24hrs storage),Pumped Hydro (24hrs storage),Pumped Hydro (24hrs storage),SQ Pumped Hydro - 24h,Not Applicable,All Hydro,All Hydro,All Hydro,New Entrant PHES,NE_SQ,Pumped Hydro (24hrs storage),Pumped Hydro (24hrs storage),SQ,Pumped Hydro (24hrs storage),SQ,Pumped Hydro (24hrs storage)
1282,NNSW Pumped Hydro - 24h,NNSW Pumped Hydro - 24h,Pumped Hydro (24hrs storage),NSW,NNSW,Not Applicable,Not Applicable,New Entrant,NNSW,NNSW Pumped Hydro - 24h,Water,Hydro,Pumped Hydro (24hrs storage),Pumped Hydro (24hrs storage),Pumped Hydro (24hrs storage),Pumped Hydro (24hrs storage),Pumped Hydro (24hrs storage),NNSW Pumped Hydro - 24h,Not Applicable,All Hydro,All Hydro,All Hydro,New Entrant PHES,NE_NNSW,Pumped Hydro (24hrs storage),Pumped Hydro (24hrs storage),NNSW,Pumped Hydro (24hrs storage),NNSW,Pumped Hydro (24hrs storage)
1283,CNSW Pumped Hydro - 24h,CNSW Pumped Hydro - 24h,Pumped Hydro (24hrs storage),NSW,CNSW,Not Applicable,Not Applicable,New Entrant,CNSW,CNSW Pumped Hydro - 24h,Water,Hydro,Pumped Hydro (24hrs storage),Pumped Hydro (24hrs storage),Pumped Hydro (24hrs storage),Pumped Hydro (24hrs storage),Pumped Hydro (24hrs storage),CNSW Pumped Hydro - 24h,Not Applicable,All Hydro,All Hydro,All Hydro,New Entrant PHES,NE_CNSW,Pumped Hydro (24hrs storage),Pumped Hydro (24hrs storage),CNSW,Pumped Hydro (24hrs storage),CNSW,Pumped Hydro (24hrs storage)
1284,SNW Pumped Hydro - 24h,SNW Pumped Hydro - 24h,Pumped Hydro (24hrs storage),NSW,SNW,Not Applicable,Not Applicable,New Entrant,SNW,SNW Pumped Hydro - 24h,Water,Hydro,Pumped Hydro (24hrs storage),Pumped Hydro (24hrs storage),Pumped Hydro (24hrs storage),Pumped Hydro (24hrs storage),Pumped Hydro (24hrs storage),SNW Pumped Hydro - 24h,Not Applicable,All Hydro,All Hydro,All Hydro,New Entrant PHES,NE_SNW,Pumped Hydro (24hrs storage),Pumped Hydro (24hrs storage),SNW,Pumped Hydro (24hrs storage),SNW,Pumped Hydro (24hrs storage)
1285,SNSW Pumped Hydro - 24h,SNSW Pumped Hydro - 24h,Pumped Hydro (24hrs storage),NSW,SNSW,Not Applicable,Not Applicable,New Entrant,SNSW,SNSW Pumped Hydro - 24h,Water,Hydro,Pumped Hydro (24hrs storage),Pumped Hydro (24hrs storage),Pumped Hydro (24hrs storage),Pumped Hydro (24hrs storage),Pumped Hydro (24hrs storage),SNSW Pumped Hydro - 24h,Not Applicable,All Hydro,All Hydro,All Hydro,New Entrant PHES,NE_SNSW,Pumped Hydro (24hrs storage),Pumped Hydro (24hrs storage),SNSW,Pumped Hydro (24hrs storage),SNSW,Pumped Hydro (24hrs storage)
1286,WNV Pumped Hydro - 24h,WNV Pumped Hydro - 24h,Pumped Hydro (24hrs storage),VIC,WNV,Not Applicable,Not Applicable,New Entrant,WNV,WNV Pumped Hydro - 24h,Water,Hydro,Pumped Hydro (24hrs storage),Pumped Hydro (24hrs storage),Pumped Hydro (24hrs storage),Pumped Hydro (24hrs storage),Pumped Hydro (24hrs storage),WNV Pumped Hydro - 24h,Not Applicable,All Hydro,All Hydro,All Hydro,New Entrant PHES,NE_VIC1,Pumped Hydro (24hrs storage),Pumped Hydro (24hrs storage),WNV,Pumped Hydro (24hrs storage),WNV,Pumped Hydro (24hrs storage)
1287,CSA Pumped Hydro - 24h,CSA Pumped Hydro - 24h,Pumped Hydro (24hrs storage),SA,CSA,Not Applicable,Not Applicable,New Entrant,CSA,CSA Pumped Hydro - 24h,Water,Hydro,Pumped Hydro (24hrs storage),Pumped Hydro (24hrs storage),Pumped Hydro (24hrs storage),Pumped Hydro (24hrs storage),Pumped Hydro (24hrs storage),CSA Pumped Hydro - 24h,Not Applicable,All Hydro,All Hydro,All Hydro,New Entrant PHES,NE_CSA,Pumped Hydro (24hrs storage),Pumped Hydro (24hrs storage),CSA,Pumped Hydro (24hrs storage),CSA,Pumped Hydro (24hrs storage)
1288,NSA Pumped Hydro - 24h,NSA Pumped Hydro - 24h,Pumped Hydro (24hrs storage),SA,NSA,Not Applicable,Not Applicable,New Entrant,CSA,NSA Pumped Hydro - 24h,Water,Hydro,Pumped Hydro (24hrs storage),Pumped Hydro (24hrs storage),Pumped Hydro (24hrs storage),Pumped Hydro (24hrs storage),Pumped Hydro (24hrs storage),NSA Pumped Hydro - 24h,Not Applicable,All Hydro,All Hydro,All Hydro,New Entrant PHES,NE_CSA,Pumped Hydro (24hrs storage),Pumped Hydro (24hrs storage),CSA,Pumped Hydro (24hrs storage),CSA,Pumped Hydro (24hrs storage)
1289,TAS Pumped Hydro - 24h,TAS Pumped Hydro - 24h,Pumped Hydro (24hrs storage),TAS,TAS,Not Applicable,Not Applicable,New Entrant,TAS,TAS Pumped Hydro - 24h,Water,Hydro,Pumped Hydro (24hrs storage),Pumped Hydro (24hrs storage),Pumped Hydro (24hrs storage),Pumped Hydro (24hrs storage),Pumped Hydro (24hrs storage),TAS Pumped Hydro - 24h,Not Applicable,All Hydro,All Hydro,All Hydro,New Entrant PHES,NE_TAS1,Pumped Hydro (24hrs storage),Pumped Hydro (24hrs storage),TAS,Pumped Hydro (24hrs storage),TAS,Pumped Hydro (24hrs storage)
1290,NQ Pumped Hydro - 48h,NQ Pumped Hydro - 48h,Pumped Hydro (48hrs storage),QLD,NQ,Not Applicable,Not Applicable,New Entrant,NQ,NQ Pumped Hydro - 48h,Water,Hydro,Pumped Hydro (48hrs storage),Pumped Hydro (48hrs storage),Pumped Hydro (48hrs storage),Pumped Hydro (48hrs storage),Pumped Hydro (48hrs storage),NQ Pumped Hydro - 48h,Not Applicable,All Hydro,All Hydro,All Hydro,New Entrant PHES,NE_NQ,Pumped Hydro (48hrs storage),Pumped Hydro (48hrs storage),NQ,Pumped Hydro (48hrs storage),NQ,Pumped Hydro (48hrs storage)
1291,CQ Pumped Hydro - 48h,CQ Pumped Hydro - 48h,Pumped Hydro (48hrs storage),QLD,CQ,Not Applicable,Not Applicable,New Entrant,CQ,CQ Pumped Hydro - 48h,Water,Hydro,Pumped Hydro (48hrs storage),Pumped Hydro (48hrs storage),Pumped Hydro (48hrs storage),Pumped Hydro (48hrs storage),Pumped Hydro (48hrs storage),CQ Pumped Hydro - 48h,Not Applicable,All Hydro,All Hydro,All Hydro,New Entrant PHES,NE_CQ,Pumped Hydro (48hrs storage),Pumped Hydro (48hrs storage),CQ,Pumped Hydro (48hrs storage),CQ,Pumped Hydro (48hrs storage)
1292,SQ Pumped Hydro - 48h,SQ Pumped Hydro - 48h,Pumped Hydro (48hrs storage),QLD,SQ,Not Applicable,Not Applicable,New Entrant,SQ,SQ Pumped Hydro - 48h,Water,Hydro,Pumped Hydro (48hrs storage),Pumped Hydro (48hrs storage),Pumped Hydro (48hrs storage),Pumped Hydro (48hrs storage),Pumped Hydro (48hrs storage),SQ Pumped Hydro - 48h,Not Applicable,All Hydro,All Hydro,All Hydro,New Entrant PHES,NE_SQ,Pumped Hydro (48hrs storage),Pumped Hydro (48hrs storage),SQ,Pumped Hydro (48hrs storage),SQ,Pumped Hydro (48hrs storage)
1293,NNSW Pumped Hydro - 48h,NNSW Pumped Hydro - 48h,Pumped Hydro (48hrs storage),NSW,NNSW,Not Applicable,Not Applicable,New Entrant,NNSW,NNSW Pumped Hydro - 48h,Water,Hydro,Pumped Hydro (48hrs storage),Pumped Hydro (48hrs storage),Pumped Hydro (48hrs storage),Pumped Hydro (48hrs storage),Pumped Hydro (48hrs storage),NNSW Pumped Hydro - 48h,Not Applicable,All Hydro,All Hydro,All Hydro,New Entrant PHES,NE_NNSW,Pumped Hydro (48hrs storage),Pumped Hydro (48hrs storage),NNSW,Pumped Hydro (48hrs storage),NNSW,Pumped Hydro (48hrs storage)
1294,CNSW Pumped Hydro - 48h,CNSW Pumped Hydro - 48h,Pumped Hydro (48hrs storage),NSW,CNSW,Not Applicable,Not Applicable,New Entrant,CNSW,CNSW Pumped Hydro - 48h,Water,Hydro,Pumped Hydro (48hrs storage),Pumped Hydro (48hrs storage),Pumped Hydro (48hrs storage),Pumped Hydro (48hrs storage),Pumped Hydro (48hrs storage),CNSW Pumped Hydro - 48h,Not Applicable,All Hydro,All Hydro,All Hydro,New Entrant PHES,NE_CNSW,Pumped Hydro (48hrs storage),Pumped Hydro (48hrs storage),CNSW,Pumped Hydro (48hrs storage),CNSW,Pumped Hydro (48hrs storage)
1295,SNW Pumped Hydro - 48h,SNW Pumped Hydro - 48h,Pumped Hydro (48hrs storage),NSW,SNW,Not Applicable,Not Applicable,New Entrant,SNW,SNW Pumped Hydro - 48h,Water,Hydro,Pumped Hydro (48hrs storage),Pumped Hydro (48hrs storage),Pumped Hydro (48hrs storage),Pumped Hydro (48hrs storage),Pumped Hydro (48hrs storage),SNW Pumped Hydro - 48h,Not Applicable,All Hydro,All Hydro,All Hydro,New Entrant PHES,NE_SNW,Pumped Hydro (48hrs storage),Pumped Hydro (48hrs storage),SNW,Pumped Hydro (48hrs storage),SNW,Pumped Hydro (48hrs storage)
1296,SNSW Pumped Hydro - 48h,SNSW Pumped Hydro - 48h,Pumped Hydro (48hrs storage),NSW,SNSW,Not Applicable,Not Applicable,New Entrant,SNSW,SNSW Pumped Hydro - 48h,Water,Hydro,Pumped Hydro (48hrs storage),Pumped Hydro (48hrs storage),Pumped Hydro (48hrs storage),Pumped Hydro (48hrs storage),Pumped Hydro (48hrs storage),SNSW Pumped Hydro - 48h,Not Applicable,All Hydro,All Hydro,All Hydro,New Entrant PHES,NE_SNSW,Pumped Hydro (48hrs storage),Pumped Hydro (48hrs storage),SNSW,Pumped Hydro (48hrs storage),SNSW,Pumped Hydro (48hrs storage)
1297,WNV Pumped Hydro - 48h,WNV Pumped Hydro - 48h,Pumped Hydro (48hrs storage),VIC,WNV,Not Applicable,Not Applicable,New Entrant,WNV,WNV Pumped Hydro - 48h,Water,Hydro,Pumped Hydro (48hrs storage),Pumped Hydro (48hrs storage),Pumped Hydro (48hrs storage),Pumped Hydro (48hrs storage),Pumped Hydro (48hrs storage),WNV Pumped Hydro - 48h,Not Applicable,All Hydro,All Hydro,All Hydro,New Entrant PHES,NE_VIC1,Pumped Hydro (48hrs storage),Pumped Hydro (48hrs storage),WNV,Pumped Hydro (48hrs storage),WNV,Pumped Hydro (48hrs storage)
1298,CSA Pumped Hydro - 48h,CSA Pumped Hydro - 48h,Pumped Hydro (48hrs storage),SA,CSA,Not Applicable,Not Applicable,New Entrant,CSA,CSA Pumped Hydro - 48h,Water,Hydro,Pumped Hydro (48hrs storage),Pumped Hydro (48hrs storage),Pumped Hydro (48hrs storage),Pumped Hydro (48hrs storage),Pumped Hydro (48hrs storage),CSA Pumped Hydro - 48h,Not Applicable,All Hydro,All Hydro,All Hydro,New Entrant PHES,NE_CSA,Pumped Hydro (48hrs storage),Pumped Hydro (48hrs storage),CSA,Pumped Hydro (48hrs storage),CSA,Pumped Hydro (48hrs storage)
1299,NSA Pumped Hydro - 48h,NSA Pumped Hydro - 48h,Pumped Hydro (48hrs storage),SA,NSA,Not Applicable,Not Applicable,New Entrant,CSA,NSA Pumped Hydro - 48h,Water,Hydro,Pumped Hydro (48hrs storage),Pumped Hydro (48hrs storage),Pumped Hydro (48hrs storage),Pumped Hydro (48hrs storage),Pumped Hydro (48hrs storage),NSA Pumped Hydro - 48h,Not Applicable,All Hydro,All Hydro,All Hydro,New Entrant PHES,NE_CSA,Pumped Hydro (48hrs storage),Pumped Hydro (48hrs storage),CSA,Pumped Hydro (48hrs storage),CSA,Pumped Hydro (48hrs storage)
1300,TAS Pumped Hydro - 48h,TAS Pumped Hydro - 48h,Pumped Hydro (48hrs storage),TAS,TAS,Not Applicable,Not Applicable,New Entrant,TAS,TAS Pumped Hydro - 48h,Water,Hydro,Pumped Hydro (48hrs storage),Pumped Hydro (48hrs storage),Pumped Hydro (48hrs storage),Pumped Hydro (48hrs storage),Pumped Hydro (48hrs storage),TAS Pumped Hydro - 48h,Not Applicable,All Hydro,All Hydro,All Hydro,New Entrant PHES,NE_TAS1,Pumped Hydro (48hrs storage),Pumped Hydro (48hrs storage),TAS,Pumped Hydro (48hrs storage),TAS,Pumped Hydro (48hrs storage)
1301,BOTN - Cethana - 20h,BOTN - Cethana - 20h,Pumped Hydro (24hrs storage),TAS,TAS,Not Applicable,Not Applicable,New Entrant,TAS,BOTN - Cethana - 20h,Water,Hydro,Pumped Hydro (24hrs storage),Pumped Hydro (24hrs storage),Pumped Hydro (24hrs storage),Pumped Hydro (24hrs storage),Pumped Hydro (24hrs storage),BOTN - Cethana - 20h,Not Applicable,All Hydro,All Hydro,All Hydro,Cethana,NE_TAS1,Pumped Hydro (24hrs storage),BOTN- Cethana,TAS,BOTN- Cethana,TAS,BOTN- Cethana
1302,DREZ_WH_Dubbo,DREZ_WH_Dubbo,Wind,NSW,CNSW,DREZ_Dubbo,DN1,New Entrant,DN1,DREZ_WH_Dubbo,Wind,Wind,Wind,Wind,Wind,Wind,Wind,DREZ_WH_Dubbo,Not Applicable,All Wind,All Wind,All Wind,Not Applicable,REZ_N3_Wind,Wind,Wind,DN1,Wind,DN1,Wind
1303,DREZ_WH_Marulan,DREZ_WH_Marulan,Wind,NSW,CNSW,DREZ_Marulan,DN3,New Entrant,DN3,DREZ_WH_Marulan,Wind,Wind,Wind,Wind,Wind,Wind,Wind,DREZ_WH_Marulan,Not Applicable,All Wind,All Wind,All Wind,Not Applicable,REZ_N3_Wind,Wind,Wind,DN3,Wind,DN3,Wind
1304,DREZ_WH_Yass,DREZ_WH_Yass,Wind,NSW,SNSW,DREZ_Yass,DN2,New Entrant,DN2,DREZ_WH_Yass,Wind,Wind,Wind,Wind,Wind,Wind,Wind,DREZ_WH_Yass,Not Applicable,All Wind,All Wind,All Wind,Not Applicable,REZ_N8_Wind,Wind,Wind,DN2,Wind,DN2,Wind
1305,DREZ_SAT_Dubbo,DREZ_SAT_Dubbo,Large scale Solar PV,NSW,CNSW,DREZ_Dubbo,DN1,New Entrant,DN1,DREZ_SAT_Dubbo,Solar,Solar,Large scale Solar PV,Large scale Solar PV,Large scale Solar PV,Large scale Solar PV,Large scale Solar PV,DREZ_SAT_Dubbo,Not Applicable,All Large scale solar PV,All Large scale solar PV,All Large scale solar PV,Not Applicable,REZ_N13_Solar,Large scale Solar PV,Large scale Solar PV,DN1,Large scale Solar PV,DN1,Large scale Solar PV
1306,DREZ_SAT_Marulan,DREZ_SAT_Marulan,Large scale Solar PV,NSW,CNSW,DREZ_Marulan,DN3,New Entrant,DN3,DREZ_SAT_Marulan,Solar,Solar,Large scale Solar PV,Large scale Solar PV,Large scale Solar PV,Large scale Solar PV,Large scale Solar PV,DREZ_SAT_Marulan,Not Applicable,All Large scale solar PV,All Large scale solar PV,All Large scale solar PV,Not Applicable,REZ_N13_Solar,Large scale Solar PV,Large scale Solar PV,DN3,Large scale Solar PV,DN3,Large scale Solar PV
1307,DREZ_SAT_Yass,DREZ_SAT_Yass,Large scale Solar PV,NSW,SNSW,DREZ_Yass,DN2,New Entrant,DN2,DREZ_SAT_Yass,Solar,Solar,Large scale Solar PV,Large scale Solar PV,Large scale Solar PV,Large scale Solar PV,Large scale Solar PV,DREZ_SAT_Yass,Not Applicable,All Large scale solar PV,All Large scale solar PV,All Large scale solar PV,Not Applicable,REZ_N8_Solar,Large scale Solar PV,Large scale Solar PV,DN2,Large scale Solar PV,DN2,Large scale Solar PV
1308,DREZ Dubbo Battery - 2h,DREZ Dubbo Battery - 2h,Battery Storage (2hrs storage),NSW,CNSW,DREZ_Dubbo,DN1,New Entrant,DN1,DREZ Dubbo Battery - 2h,Battery,Battery,Battery Storage (2hrs storage),Battery Storage (2hrs storage),Battery Storage (2hrs storage),Battery Storage (2hrs storage),Battery Storage (2hrs storage),DREZ Dubbo Battery - 2h,Not Applicable,Battery Storage (2hrs storage),Battery Storage (2hrs storage),Battery Storage (2hrs storage),Not Applicable,REZ_N3_Solar,Battery Storage (2hrs storage),Battery Storage (2hrs storage),DN1,Battery Storage (2hrs storage),DN1,Battery Storage (2hrs storage)
1309,DREZ Dubbo Battery - 4h,DREZ Dubbo Battery - 4h,Battery Storage (4hrs storage),NSW,CNSW,DREZ_Dubbo,DN1,New Entrant,DN1,DREZ Dubbo Battery - 4h,Battery,Battery,Battery Storage (4hrs storage),Battery Storage (4hrs storage),Battery Storage (4hrs storage),Battery Storage (4hrs storage),Battery Storage (4hrs storage),DREZ Dubbo Battery - 4h,Not Applicable,Battery Storage (4hrs storage),Battery Storage (4hrs storage),Battery Storage (4hrs storage),Not Applicable,REZ_N3_Solar,Battery Storage (4hrs storage),Battery Storage (4hrs storage),DN1,Battery Storage (4hrs storage),DN1,Battery Storage (4hrs storage)
1310,DREZ Dubbo Battery - 8h,DREZ Dubbo Battery - 8h,Battery Storage (8hrs storage),NSW,CNSW,DREZ_Dubbo,DN1,New Entrant,DN1,DREZ Dubbo Battery - 8h,Battery,Battery,Battery Storage (8hrs storage),Battery Storage (8hrs storage),Battery Storage (8hrs storage),Battery Storage (8hrs storage),Battery Storage (8hrs storage),DREZ Dubbo Battery - 8h,Not Applicable,Battery Storage (8hrs storage),Battery Storage (8hrs storage),Battery Storage (8hrs storage),Not Applicable,REZ_N3_Solar,Battery Storage (8hrs storage),Battery Storage (8hrs storage),DN1,Battery Storage (8hrs storage),DN1,Battery Storage (8hrs storage)
1311,DREZ Yass Battery - 2h,DREZ Yass Battery - 2h,Battery Storage (2hrs storage),NSW,SNSW,DREZ_Yass,DN2,New Entrant,DN2,DREZ Yass Battery - 2h,Battery,Battery,Battery Storage (2hrs storage),Battery Storage (2hrs storage),Battery Storage (2hrs storage),Battery Storage (2hrs storage),Battery Storage (2hrs storage),DREZ Yass Battery - 2h,Not Applicable,Battery Storage (2hrs storage),Battery Storage (2hrs storage),Battery Storage (2hrs storage),Not Applicable,REZ_N8_Solar,Battery Storage (2hrs storage),Battery Storage (2hrs storage),DN2,Battery Storage (2hrs storage),DN2,Battery Storage (2hrs storage)
1312,DREZ Yass Battery - 4h,DREZ Yass Battery - 4h,Battery Storage (4hrs storage),NSW,SNSW,DREZ_Yass,DN2,New Entrant,DN2,DREZ Yass Battery - 4h,Battery,Battery,Battery Storage (4hrs storage),Battery Storage (4hrs storage),Battery Storage (4hrs storage),Battery Storage (4hrs storage),Battery Storage (4hrs storage),DREZ Yass Battery - 4h,Not Applicable,Battery Storage (4hrs storage),Battery Storage (4hrs storage),Battery Storage (4hrs storage),Not Applicable,REZ_N8_Solar,Battery Storage (4hrs storage),Battery Storage (4hrs storage),DN2,Battery Storage (4hrs storage),DN2,Battery Storage (4hrs storage)
1313,DREZ Yass Battery - 8h,DREZ Yass Battery - 8h,Battery Storage (8hrs storage),NSW,SNSW,DREZ_Yass,DN2,New Entrant,DN2,DREZ Yass Battery - 8h,Battery,Battery,Battery Storage (8hrs storage),Battery Storage (8hrs storage),Battery Storage (8hrs storage),Battery Storage (8hrs storage),Battery Storage (8hrs storage),DREZ Yass Battery - 8h,Not Applicable,Battery Storage (8hrs storage),Battery Storage (8hrs storage),Battery Storage (8hrs storage),Not Applicable,REZ_N8_Solar,Battery Storage (8hrs storage),Battery Storage (8hrs storage),DN2,Battery Storage (8hrs storage),DN2,Battery Storage (8hrs storage)
1314,DREZ Marulan Battery - 2h,DREZ Marulan Battery - 2h,Battery Storage (2hrs storage),NSW,CNSW,DREZ_Marulan,DN3,New Entrant,DN3,DREZ Marulan Battery - 2h,Battery,Battery,Battery Storage (2hrs storage),Battery Storage (2hrs storage),Battery Storage (2hrs storage),Battery Storage (2hrs storage),Battery Storage (2hrs storage),DREZ Marulan Battery - 2h,Not Applicable,Battery Storage (2hrs storage),Battery Storage (2hrs storage),Battery Storage (2hrs storage),Not Applicable,REZ_N3_Solar,Battery Storage (2hrs storage),Battery Storage (2hrs storage),DN3,Battery Storage (2hrs storage),DN3,Battery Storage (2hrs storage)
1315,DREZ Marulan Battery - 4h,DREZ Marulan Battery - 4h,Battery Storage (4hrs storage),NSW,CNSW,DREZ_Marulan,DN3,New Entrant,DN3,DREZ Marulan Battery - 4h,Battery,Battery,Battery Storage (4hrs storage),Battery Storage (4hrs storage),Battery Storage (4hrs storage),Battery Storage (4hrs storage),Battery Storage (4hrs storage),DREZ Marulan Battery - 4h,Not Applicable,Battery Storage (4hrs storage),Battery Storage (4hrs storage),Battery Storage (4hrs storage),Not Applicable,REZ_N3_Solar,Battery Storage (4hrs storage),Battery Storage (4hrs storage),DN3,Battery Storage (4hrs storage),DN3,Battery Storage (4hrs storage)
1316,DREZ Marulan Battery - 8h,DREZ Marulan Battery - 8h,Battery Storage (8hrs storage),NSW,CNSW,DREZ_Marulan,DN3,New Entrant,DN3,DREZ Marulan Battery - 8h,Battery,Battery,Battery Storage (8hrs storage),Battery Storage (8hrs storage),Battery Storage (8hrs storage),Battery Storage (8hrs storage),Battery Storage (8hrs storage),DREZ Marulan Battery - 8h,Not Applicable,Battery Storage (8hrs storage),Battery Storage (8hrs storage),Battery Storage (8hrs storage),Not Applicable,REZ_N3_Solar,Battery Storage (8hrs storage),Battery Storage (8hrs storage),DN3,Battery Storage (8hrs storage),DN3,Battery Storage (8hrs storage)
