_IASR ID,_Power Station,_Status,_Region,Summer Peak_2025-26,Summer Peak_2026-27,Summer Peak_2027-28,Summer Peak_2028-29,Summer Peak_2029-30,Summer Peak_2030-31,Summer Peak_2031-32,Summer Peak_2032-33,Summer Peak_2033-34,Summer Peak_2034-35,Summer Typical_2025-26,Summer Typical_2026-27,Summer Typical_2027-28,Summer Typical_2028-29,Summer Typical_2029-30,Summer Typical_2030-31,Summer Typical_2031-32,Summer Typical_2032-33,Summer Typical_2033-34,Summer Typical_2034-35,Winter_2025,Winter_2026,Winter_2027,Winter_2028,Winter_2029,Winter_2030,Winter_2031,Winter_2032,Winter_2033,Winter_2034
BW01,Bayswater,Existing,NSW,630.0,630.0,630.0,630.0,630.0,630.0,630.0,630.0,630.0,0.0,660.0,660.0,660.0,660.0,660.0,660.0,660.0,660.0,660.0,0.0,660.0,660.0,660.0,660.0,660.0,660.0,660.0,660.0,660.0,0.0
BW02,Bayswater,Existing,NSW,655.0,655.0,655.0,655.0,655.0,655.0,655.0,655.0,655.0,0.0,685.0,685.0,685.0,685.0,685.0,685.0,685.0,685.0,685.0,0.0,685.0,685.0,685.0,685.0,685.0,685.0,685.0,685.0,685.0,0.0
BW03,Bayswater,Existing,NSW,655.0,655.0,655.0,655.0,655.0,655.0,655.0,655.0,655.0,0.0,685.0,685.0,685.0,685.0,685.0,685.0,685.0,685.0,685.0,0.0,685.0,685.0,685.0,685.0,685.0,685.0,685.0,685.0,685.0,0.0
BW04,Bayswater,Existing,NSW,655.0,655.0,655.0,655.0,655.0,655.0,655.0,655.0,655.0,0.0,685.0,685.0,685.0,685.0,685.0,685.0,685.0,685.0,685.0,0.0,685.0,685.0,685.0,685.0,685.0,685.0,685.0,685.0,685.0,0.0
CALL_B_1,Callide B,Existing,QLD,325.0,325.0,325.0,350.0,350.0,350.0,0.0,0.0,0.0,0.0,350.0,350.0,350.0,350.0,350.0,350.0,0.0,0.0,0.0,0.0,350.0,350.0,350.0,350.0,350.0,350.0,350.0,0.0,0.0,0.0
CALL_B_2,Callide B,Existing,QLD,325.0,325.0,325.0,350.0,350.0,350.0,0.0,0.0,0.0,0.0,350.0,350.0,350.0,350.0,350.0,350.0,0.0,0.0,0.0,0.0,350.0,350.0,350.0,350.0,350.0,350.0,350.0,0.0,0.0,0.0
CPP_3,Callide C,Existing,QLD,424.0,424.0,424.0,424.0,424.0,424.0,424.0,424.0,424.0,424.0,424.0,466.0,466.0,466.0,466.0,466.0,466.0,466.0,466.0,466.0,424.0,466.0,466.0,466.0,466.0,466.0,466.0,466.0,466.0,466.0
CPP_4,Callide C,Existing,QLD,0.0,420.0,420.0,420.0,420.0,420.0,420.0,420.0,420.0,420.0,0.0,466.0,466.0,466.0,466.0,466.0,466.0,466.0,466.0,466.0,0.0,466.0,466.0,466.0,466.0,466.0,466.0,466.0,466.0,466.0
ER01,Eraring,Existing,NSW,660.0,660.0,660.0,660.0,0.0,0.0,0.0,0.0,0.0,0.0,672.0,672.0,672.0,672.0,0.0,0.0,0.0,0.0,0.0,0.0,720.0,720.0,720.0,720.0,0.0,0.0,0.0,0.0,0.0,0.0
ER02,Eraring,Existing,NSW,660.0,660.0,660.0,660.0,0.0,0.0,0.0,0.0,0.0,0.0,672.0,672.0,672.0,672.0,0.0,0.0,0.0,0.0,0.0,0.0,720.0,720.0,720.0,720.0,0.0,0.0,0.0,0.0,0.0,0.0
ER03,Eraring,Existing,NSW,660.0,660.0,660.0,660.0,0.0,0.0,0.0,0.0,0.0,0.0,672.0,672.0,672.0,672.0,0.0,0.0,0.0,0.0,0.0,0.0,720.0,720.0,720.0,720.0,0.0,0.0,0.0,0.0,0.0,0.0
ER04,Eraring,Existing,NSW,660.0,660.0,660.0,660.0,0.0,0.0,0.0,0.0,0.0,0.0,672.0,672.0,672.0,672.0,0.0,0.0,0.0,0.0,0.0,0.0,720.0,720.0,720.0,720.0,0.0,0.0,0.0,0.0,0.0,0.0
GSTONE1,Gladstone,Existing,QLD,280.0,280.0,280.0,280.0,0.0,0.0,0.0,0.0,0.0,0.0,280.0,280.0,280.0,280.0,0.0,0.0,0.0,0.0,0.0,0.0,280.0,280.0,280.0,280.0,0.0,0.0,0.0,0.0,0.0,0.0
GSTONE2,Gladstone,Existing,QLD,280.0,280.0,280.0,280.0,0.0,0.0,0.0,0.0,0.0,0.0,280.0,280.0,280.0,280.0,0.0,0.0,0.0,0.0,0.0,0.0,280.0,280.0,280.0,280.0,0.0,0.0,0.0,0.0,0.0,0.0
GSTONE3,Gladstone,Existing,QLD,280.0,280.0,280.0,280.0,0.0,0.0,0.0,0.0,0.0,0.0,280.0,280.0,280.0,280.0,0.0,0.0,0.0,0.0,0.0,0.0,280.0,280.0,280.0,280.0,0.0,0.0,0.0,0.0,0.0,0.0
GSTONE4,Gladstone,Existing,QLD,280.0,280.0,280.0,280.0,0.0,0.0,0.0,0.0,0.0,0.0,280.0,280.0,280.0,280.0,0.0,0.0,0.0,0.0,0.0,0.0,280.0,280.0,280.0,280.0,0.0,0.0,0.0,0.0,0.0,0.0
GSTONE5,Gladstone,Existing,QLD,280.0,280.0,280.0,280.0,0.0,0.0,0.0,0.0,0.0,0.0,280.0,280.0,280.0,280.0,0.0,0.0,0.0,0.0,0.0,0.0,280.0,280.0,280.0,280.0,0.0,0.0,0.0,0.0,0.0,0.0
GSTONE6,Gladstone,Existing,QLD,280.0,280.0,280.0,280.0,0.0,0.0,0.0,0.0,0.0,0.0,280.0,280.0,280.0,280.0,0.0,0.0,0.0,0.0,0.0,0.0,280.0,280.0,280.0,280.0,0.0,0.0,0.0,0.0,0.0,0.0
KPP_1,Kogan Creek,Existing,QLD,715.0,715.0,715.0,715.0,715.0,715.0,715.0,715.0,715.0,715.0,730.0,730.0,730.0,730.0,730.0,730.0,730.0,730.0,730.0,730.0,760.0,760.0,760.0,760.0,760.0,760.0,760.0,760.0,760.0,760.0
MPP_1,Millmerran,Existing,QLD,335.0,335.0,335.0,335.0,335.0,335.0,335.0,335.0,335.0,335.0,400.0,400.0,400.0,400.0,400.0,400.0,400.0,400.0,400.0,400.0,426.0,426.0,426.0,426.0,426.0,426.0,426.0,426.0,426.0,426.0
MPP_2,Millmerran,Existing,QLD,335.0,335.0,335.0,335.0,335.0,335.0,335.0,335.0,335.0,335.0,400.0,400.0,400.0,400.0,400.0,400.0,400.0,400.0,400.0,400.0,426.0,426.0,426.0,426.0,426.0,426.0,426.0,426.0,426.0,426.0
MP1,Mt Piper,Existing,NSW,705.0,705.0,705.0,705.0,705.0,705.0,705.0,705.0,705.0,705.0,710.0,710.0,710.0,710.0,710.0,710.0,710.0,710.0,710.0,710.0,730.0,730.0,730.0,730.0,730.0,730.0,730.0,730.0,730.0,730.0
MP2,Mt Piper,Existing,NSW,675.0,705.0,705.0,705.0,705.0,705.0,705.0,705.0,705.0,705.0,680.0,710.0,710.0,710.0,710.0,710.0,710.0,710.0,710.0,710.0,700.0,700.0,730.0,730.0,730.0,730.0,730.0,730.0,730.0,730.0
STAN-1,Stanwell,Existing,QLD,365.0,365.0,365.0,365.0,365.0,365.0,365.0,365.0,365.0,365.0,365.0,365.0,365.0,365.0,365.0,365.0,365.0,365.0,365.0,365.0,365.0,365.0,365.0,365.0,365.0,365.0,365.0,365.0,365.0,365.0
STAN-2,Stanwell,Existing,QLD,365.0,365.0,365.0,365.0,365.0,365.0,365.0,365.0,365.0,365.0,365.0,365.0,365.0,365.0,365.0,365.0,365.0,365.0,365.0,365.0,365.0,365.0,365.0,365.0,365.0,365.0,365.0,365.0,365.0,365.0
STAN-3,Stanwell,Existing,QLD,365.0,365.0,365.0,365.0,365.0,365.0,365.0,365.0,365.0,365.0,365.0,365.0,365.0,365.0,365.0,365.0,365.0,365.0,365.0,365.0,365.0,365.0,365.0,365.0,365.0,365.0,365.0,365.0,365.0,365.0
STAN-4,Stanwell,Existing,QLD,365.0,365.0,365.0,365.0,365.0,365.0,365.0,365.0,365.0,365.0,365.0,365.0,365.0,365.0,365.0,365.0,365.0,365.0,365.0,365.0,365.0,365.0,365.0,365.0,365.0,365.0,365.0,365.0,365.0,365.0
TARONG#1,Tarong,Existing,QLD,350.0,350.0,350.0,350.0,350.0,350.0,350.0,350.0,350.0,350.0,350.0,350.0,350.0,350.0,350.0,350.0,350.0,350.0,350.0,350.0,350.0,350.0,350.0,350.0,350.0,350.0,350.0,350.0,350.0,350.0
TARONG#2,Tarong,Existing,QLD,350.0,350.0,350.0,350.0,350.0,350.0,350.0,350.0,350.0,350.0,350.0,350.0,350.0,350.0,350.0,350.0,350.0,350.0,350.0,350.0,350.0,350.0,350.0,350.0,350.0,350.0,350.0,350.0,350.0,350.0
TARONG#3,Tarong,Existing,QLD,350.0,350.0,350.0,350.0,350.0,350.0,350.0,350.0,350.0,350.0,350.0,350.0,350.0,350.0,350.0,350.0,350.0,350.0,350.0,350.0,350.0,350.0,350.0,350.0,350.0,350.0,350.0,350.0,350.0,350.0
TARONG#4,Tarong,Existing,QLD,350.0,350.0,350.0,350.0,350.0,350.0,350.0,350.0,350.0,350.0,350.0,350.0,350.0,350.0,350.0,350.0,350.0,350.0,350.0,350.0,350.0,350.0,350.0,350.0,350.0,350.0,350.0,350.0,350.0,350.0
TNPS1,Tarong North,Existing,QLD,443.0,443.0,443.0,443.0,443.0,443.0,443.0,443.0,443.0,443.0,443.0,443.0,443.0,443.0,443.0,443.0,443.0,443.0,443.0,443.0,443.0,443.0,443.0,443.0,443.0,443.0,443.0,443.0,443.0,443.0
VP5,Vales Point B,Existing,NSW,660.0,660.0,660.0,660.0,660.0,660.0,660.0,660.0,660.0,0.0,660.0,660.0,660.0,660.0,660.0,660.0,660.0,660.0,660.0,0.0,660.0,660.0,660.0,660.0,660.0,660.0,660.0,660.0,660.0,0.0
VP6,Vales Point B,Existing,NSW,660.0,660.0,660.0,660.0,660.0,660.0,660.0,660.0,660.0,0.0,660.0,660.0,660.0,660.0,660.0,660.0,660.0,660.0,660.0,0.0,660.0,660.0,660.0,660.0,660.0,660.0,660.0,660.0,660.0,0.0
LYA1,Loy Yang A Power Station,Existing,VIC,540.0,540.0,540.0,540.0,540.0,540.0,540.0,540.0,540.0,540.0,560.0,560.0,560.0,560.0,560.0,560.0,560.0,560.0,560.0,560.0,560.0,560.0,560.0,560.0,560.0,560.0,560.0,560.0,560.0,560.0
LYA2,Loy Yang A Power Station,Existing,VIC,500.0,500.0,500.0,500.0,500.0,500.0,500.0,500.0,500.0,500.0,530.0,530.0,530.0,530.0,530.0,530.0,530.0,530.0,530.0,530.0,530.0,530.0,530.0,530.0,530.0,530.0,530.0,530.0,530.0,530.0
LYA3,Loy Yang A Power Station,Existing,VIC,510.0,510.0,510.0,510.0,510.0,510.0,510.0,510.0,510.0,510.0,560.0,560.0,560.0,560.0,560.0,560.0,560.0,560.0,560.0,560.0,560.0,560.0,560.0,560.0,560.0,560.0,560.0,560.0,560.0,560.0
LYA4,Loy Yang A Power Station,Existing,VIC,530.0,530.0,530.0,530.0,530.0,530.0,530.0,530.0,530.0,530.0,540.0,540.0,540.0,540.0,540.0,540.0,540.0,540.0,540.0,540.0,560.0,560.0,560.0,560.0,560.0,560.0,560.0,560.0,560.0,560.0
LOYYB1,Loy Yang B,Existing,VIC,545.0,545.0,545.0,545.0,545.0,545.0,545.0,545.0,545.0,545.0,560.0,560.0,560.0,560.0,560.0,560.0,560.0,560.0,560.0,560.0,580.0,580.0,580.0,580.0,580.0,580.0,580.0,580.0,580.0,580.0
LOYYB2,Loy Yang B,Existing,VIC,545.0,545.0,545.0,545.0,545.0,545.0,545.0,545.0,545.0,545.0,560.0,560.0,560.0,560.0,560.0,560.0,560.0,560.0,560.0,560.0,580.0,580.0,580.0,580.0,580.0,580.0,580.0,580.0,580.0,580.0
YWPS1,Yallourn W,Existing,VIC,320.0,320.0,320.0,0.0,0.0,0.0,0.0,0.0,0.0,0.0,335.0,335.0,335.0,0.0,0.0,0.0,0.0,0.0,0.0,0.0,345.0,345.0,345.0,345.0,0.0,0.0,0.0,0.0,0.0,0.0
YWPS2,Yallourn W,Existing,VIC,330.0,330.0,330.0,0.0,0.0,0.0,0.0,0.0,0.0,0.0,350.0,350.0,350.0,0.0,0.0,0.0,0.0,0.0,0.0,0.0,360.0,360.0,360.0,360.0,0.0,0.0,0.0,0.0,0.0,0.0
YWPS3,Yallourn W,Existing,VIC,360.0,360.0,360.0,0.0,0.0,0.0,0.0,0.0,0.0,0.0,370.0,370.0,370.0,0.0,0.0,0.0,0.0,0.0,0.0,0.0,385.0,385.0,385.0,385.0,0.0,0.0,0.0,0.0,0.0,0.0
YWPS4,Yallourn W,Existing,VIC,360.0,360.0,360.0,0.0,0.0,0.0,0.0,0.0,0.0,0.0,370.0,370.0,370.0,0.0,0.0,0.0,0.0,0.0,0.0,0.0,395.0,395.0,395.0,395.0,0.0,0.0,0.0,0.0,0.0,0.0
ANGAS1,Angaston,Existing,SA,27.7,27.7,27.7,27.7,27.7,27.7,27.7,27.7,27.7,27.7,27.7,27.7,27.7,27.7,27.7,27.7,27.7,27.7,27.7,27.7,27.7,27.7,27.7,27.7,27.7,27.7,27.7,27.7,27.7,27.7
ANGAS2,Angaston,Existing,SA,18.5,18.5,18.5,18.5,18.5,18.5,18.5,18.5,18.5,18.5,18.5,18.5,18.5,18.5,18.5,18.5,18.5,18.5,18.5,18.5,18.5,18.5,18.5,18.5,18.5,18.5,18.5,18.5,18.5,18.5
BDL01,Bairnsdale,Existing,VIC,37.0,37.0,37.0,37.0,37.0,37.0,37.0,37.0,37.0,37.0,37.0,37.0,37.0,37.0,37.0,37.0,37.0,37.0,37.0,37.0,44.0,44.0,44.0,44.0,44.0,44.0,44.0,44.0,44.0,44.0
BDL02,Bairnsdale,Existing,VIC,37.0,37.0,37.0,37.0,37.0,37.0,37.0,37.0,37.0,37.0,37.0,37.0,37.0,37.0,37.0,37.0,37.0,37.0,37.0,37.0,44.0,44.0,44.0,44.0,44.0,44.0,44.0,44.0,44.0,44.0
BARCALDN,Barcaldine Power Station,Existing,QLD,32.0,32.0,32.0,32.0,32.0,32.0,32.0,32.0,32.0,32.0,36.0,36.0,36.0,36.0,36.0,36.0,36.0,36.0,36.0,36.0,37.0,37.0,37.0,37.0,37.0,37.0,37.0,37.0,37.0,37.0
BIPS1_01,Barker Inlet Power Station,Existing,SA,17.1,17.1,17.1,17.1,17.1,17.1,17.1,17.1,17.1,17.1,17.5,17.5,17.5,17.5,17.5,17.5,17.5,17.5,17.5,17.5,17.5,17.5,17.5,17.5,17.5,17.5,17.5,17.5,17.5,17.5
BIPS1_02,Barker Inlet Power Station,Existing,SA,17.1,17.1,17.1,17.1,17.1,17.1,17.1,17.1,17.1,17.1,17.5,17.5,17.5,17.5,17.5,17.5,17.5,17.5,17.5,17.5,17.5,17.5,17.5,17.5,17.5,17.5,17.5,17.5,17.5,17.5
BIPS1_03,Barker Inlet Power Station,Existing,SA,17.1,17.1,17.1,17.1,17.1,17.1,17.1,17.1,17.1,17.1,17.5,17.5,17.5,17.5,17.5,17.5,17.5,17.5,17.5,17.5,17.5,17.5,17.5,17.5,17.5,17.5,17.5,17.5,17.5,17.5
BIPS1_04,Barker Inlet Power Station,Existing,SA,17.1,17.1,17.1,17.1,17.1,17.1,17.1,17.1,17.1,17.1,17.5,17.5,17.5,17.5,17.5,17.5,17.5,17.5,17.5,17.5,17.5,17.5,17.5,17.5,17.5,17.5,17.5,17.5,17.5,17.5
BIPS1_05,Barker Inlet Power Station,Existing,SA,17.1,17.1,17.1,17.1,17.1,17.1,17.1,17.1,17.1,17.1,17.5,17.5,17.5,17.5,17.5,17.5,17.5,17.5,17.5,17.5,17.5,17.5,17.5,17.5,17.5,17.5,17.5,17.5,17.5,17.5
BIPS1_06,Barker Inlet Power Station,Existing,SA,17.1,17.1,17.1,17.1,17.1,17.1,17.1,17.1,17.1,17.1,17.5,17.5,17.5,17.5,17.5,17.5,17.5,17.5,17.5,17.5,17.5,17.5,17.5,17.5,17.5,17.5,17.5,17.5,17.5,17.5
BIPS1_07,Barker Inlet Power Station,Existing,SA,17.1,17.1,17.1,17.1,17.1,17.1,17.1,17.1,17.1,17.1,17.5,17.5,17.5,17.5,17.5,17.5,17.5,17.5,17.5,17.5,17.5,17.5,17.5,17.5,17.5,17.5,17.5,17.5,17.5,17.5
BIPS1_08,Barker Inlet Power Station,Existing,SA,17.1,17.1,17.1,17.1,17.1,17.1,17.1,17.1,17.1,17.1,17.5,17.5,17.5,17.5,17.5,17.5,17.5,17.5,17.5,17.5,17.5,17.5,17.5,17.5,17.5,17.5,17.5,17.5,17.5,17.5
BIPS1_09,Barker Inlet Power Station,Existing,SA,17.1,17.1,17.1,17.1,17.1,17.1,17.1,17.1,17.1,17.1,17.5,17.5,17.5,17.5,17.5,17.5,17.5,17.5,17.5,17.5,17.5,17.5,17.5,17.5,17.5,17.5,17.5,17.5,17.5,17.5
BIPS1_10,Barker Inlet Power Station,Existing,SA,17.1,17.1,17.1,17.1,17.1,17.1,17.1,17.1,17.1,17.1,17.5,17.5,17.5,17.5,17.5,17.5,17.5,17.5,17.5,17.5,17.5,17.5,17.5,17.5,17.5,17.5,17.5,17.5,17.5,17.5
BIPS1_11,Barker Inlet Power Station,Existing,SA,17.1,17.1,17.1,17.1,17.1,17.1,17.1,17.1,17.1,17.1,17.5,17.5,17.5,17.5,17.5,17.5,17.5,17.5,17.5,17.5,17.5,17.5,17.5,17.5,17.5,17.5,17.5,17.5,17.5,17.5
BIPS1_12,Barker Inlet Power Station,Existing,SA,17.1,17.1,17.1,17.1,17.1,17.1,17.1,17.1,17.1,17.1,17.5,17.5,17.5,17.5,17.5,17.5,17.5,17.5,17.5,17.5,17.5,17.5,17.5,17.5,17.5,17.5,17.5,17.5,17.5,17.5
BBTHREE1,Bell Bay Three,Existing,TAS,22.0,22.0,22.0,22.0,22.0,22.0,22.0,22.0,22.0,22.0,22.0,22.0,22.0,22.0,22.0,22.0,22.0,22.0,22.0,22.0,22.0,22.0,22.0,22.0,22.0,22.0,22.0,22.0,22.0,22.0
BBTHREE2,Bell Bay Three,Existing,TAS,25.0,25.0,25.0,25.0,25.0,25.0,25.0,25.0,25.0,25.0,25.0,25.0,25.0,25.0,25.0,25.0,25.0,25.0,25.0,25.0,25.0,25.0,25.0,25.0,25.0,25.0,25.0,25.0,25.0,25.0
BBTHREE3,Bell Bay Three,Existing,TAS,23.0,23.0,23.0,23.0,23.0,23.0,23.0,23.0,23.0,23.0,23.0,23.0,23.0,23.0,23.0,23.0,23.0,23.0,23.0,23.0,23.0,23.0,23.0,23.0,23.0,23.0,23.0,23.0,23.0,23.0
BOLIVPS1_1,Bolivar Power Station,Existing,SA,24.8,24.8,24.8,24.8,24.8,24.8,24.8,24.8,24.8,24.8,27.1,27.1,27.1,27.1,27.1,27.1,27.1,27.1,27.1,27.1,31.4,31.4,31.4,31.4,31.4,31.4,31.4,31.4,31.4,31.4
BOLIVPS1_2,Bolivar Power Station,Existing,SA,24.8,24.8,24.8,24.8,24.8,24.8,24.8,24.8,24.8,24.8,27.1,27.1,27.1,27.1,27.1,27.1,27.1,27.1,27.1,27.1,31.4,31.4,31.4,31.4,31.4,31.4,31.4,31.4,31.4,31.4
BOLIVPS1_3,Bolivar Power Station,Existing,SA,24.8,24.8,24.8,24.8,24.8,24.8,24.8,24.8,24.8,24.8,27.1,27.1,27.1,27.1,27.1,27.1,27.1,27.1,27.1,27.1,31.4,31.4,31.4,31.4,31.4,31.4,31.4,31.4,31.4,31.4
BOLIVPS1_4,Bolivar Power Station,Existing,SA,24.8,24.8,24.8,24.8,24.8,24.8,24.8,24.8,24.8,24.8,27.1,27.1,27.1,27.1,27.1,27.1,27.1,27.1,27.1,27.1,31.4,31.4,31.4,31.4,31.4,31.4,31.4,31.4,31.4,31.4
BRAEMAR1,Braemar,Existing,QLD,167.0,167.0,167.0,167.0,167.0,167.0,167.0,167.0,167.0,167.0,173.0,173.0,173.0,173.0,173.0,173.0,173.0,173.0,173.0,173.0,181.0,181.0,181.0,181.0,181.0,181.0,181.0,181.0,181.0,181.0
BRAEMAR2,Braemar,Existing,QLD,167.0,167.0,167.0,167.0,167.0,167.0,167.0,167.0,167.0,167.0,173.0,173.0,173.0,173.0,173.0,173.0,173.0,173.0,173.0,173.0,181.0,181.0,181.0,181.0,181.0,181.0,181.0,181.0,181.0,181.0
BRAEMAR3,Braemar,Existing,QLD,167.0,167.0,167.0,167.0,167.0,167.0,167.0,167.0,167.0,167.0,173.0,173.0,173.0,173.0,173.0,173.0,173.0,173.0,173.0,173.0,181.0,181.0,181.0,181.0,181.0,181.0,181.0,181.0,181.0,181.0
BRAEMAR5,Braemar 2 Power Station,Existing,QLD,150.0,165.0,165.0,165.0,165.0,165.0,165.0,165.0,165.0,165.0,150.0,165.0,165.0,165.0,165.0,165.0,165.0,165.0,165.0,165.0,173.0,173.0,173.0,173.0,173.0,173.0,173.0,173.0,173.0,173.0
BRAEMAR6,Braemar 2 Power Station,Existing,QLD,165.0,165.0,165.0,165.0,165.0,165.0,165.0,165.0,165.0,165.0,165.0,165.0,165.0,165.0,165.0,165.0,165.0,165.0,165.0,165.0,173.0,173.0,173.0,173.0,173.0,173.0,173.0,173.0,173.0,173.0
BRAEMAR7,Braemar 2 Power Station,Existing,QLD,165.0,165.0,165.0,165.0,165.0,165.0,165.0,165.0,165.0,165.0,165.0,165.0,165.0,165.0,165.0,165.0,165.0,165.0,165.0,165.0,173.0,173.0,173.0,173.0,173.0,173.0,173.0,173.0,173.0,173.0
CG1,Colongra,Existing,NSW,164.0,164.0,164.0,164.0,164.0,164.0,164.0,164.0,164.0,164.0,167.0,167.0,167.0,167.0,167.0,167.0,167.0,167.0,167.0,167.0,178.0,178.0,178.0,178.0,178.0,178.0,178.0,178.0,178.0,178.0
CG2,Colongra,Existing,NSW,164.0,164.0,164.0,164.0,164.0,164.0,164.0,164.0,164.0,164.0,167.0,167.0,167.0,167.0,167.0,167.0,167.0,167.0,167.0,167.0,178.0,178.0,178.0,178.0,178.0,178.0,178.0,178.0,178.0,178.0
CG3,Colongra,Existing,NSW,164.0,164.0,164.0,164.0,164.0,164.0,164.0,164.0,164.0,164.0,167.0,167.0,167.0,167.0,167.0,167.0,167.0,167.0,167.0,167.0,178.0,178.0,178.0,178.0,178.0,178.0,178.0,178.0,178.0,178.0
CG4,Colongra,Existing,NSW,164.0,164.0,164.0,164.0,164.0,164.0,164.0,164.0,164.0,164.0,167.0,167.0,167.0,167.0,167.0,167.0,167.0,167.0,167.0,167.0,178.0,178.0,178.0,178.0,178.0,178.0,178.0,178.0,178.0,178.0
CPSA_GT1,Condamine A,Existing,QLD,41.8,41.8,41.8,41.8,41.8,41.8,41.8,41.8,41.8,41.8,41.9,41.9,41.9,41.9,41.9,41.9,41.9,41.9,41.9,41.9,43.9,43.9,43.9,43.9,43.9,43.9,43.9,43.9,43.9,43.9
CPSA_GT2,Condamine A,Existing,QLD,41.8,41.8,41.8,41.8,41.8,41.8,41.8,41.8,41.8,41.8,41.9,41.9,41.9,41.9,41.9,41.9,41.9,41.9,41.9,41.9,43.9,43.9,43.9,43.9,43.9,43.9,43.9,43.9,43.9,43.9
CPSA_ST,Condamine A,Existing,QLD,0.0,0.0,0.0,55.0,55.0,55.0,55.0,55.0,55.0,55.0,0.0,0.0,0.0,55.0,55.0,55.0,55.0,55.0,55.0,55.0,0.0,0.0,0.0,0.0,56.4,56.4,56.4,56.4,56.4,56.4
DDPS1_GT1,Darling Downs,Existing,QLD,106.0,106.0,106.0,106.0,106.0,106.0,106.0,106.0,106.0,106.0,109.0,109.0,109.0,109.0,109.0,109.0,109.0,109.0,109.0,109.0,119.0,119.0,119.0,119.0,119.0,119.0,119.0,119.0,119.0,119.0
DDPS1_GT2,Darling Downs,Existing,QLD,106.0,106.0,106.0,106.0,106.0,106.0,106.0,106.0,106.0,106.0,109.0,109.0,109.0,109.0,109.0,109.0,109.0,109.0,109.0,109.0,119.0,119.0,119.0,119.0,119.0,119.0,119.0,119.0,119.0,119.0
DDPS1_GT3,Darling Downs,Existing,QLD,106.0,106.0,106.0,106.0,106.0,106.0,106.0,106.0,106.0,106.0,109.0,109.0,109.0,109.0,109.0,109.0,109.0,109.0,109.0,109.0,119.0,119.0,119.0,119.0,119.0,119.0,119.0,119.0,119.0,119.0
DDPS1_ST,Darling Downs,Existing,QLD,245.0,245.0,245.0,245.0,245.0,245.0,245.0,245.0,245.0,245.0,252.0,252.0,252.0,252.0,252.0,252.0,252.0,252.0,252.0,252.0,273.0,273.0,273.0,273.0,273.0,273.0,273.0,273.0,273.0,273.0
DRYCGT1,Dry Creek GT,Existing,SA,37.0,37.0,37.0,37.0,37.0,37.0,0.0,0.0,0.0,0.0,39.0,39.0,39.0,39.0,39.0,39.0,0.0,0.0,0.0,0.0,47.0,47.0,47.0,47.0,47.0,47.0,0.0,0.0,0.0,0.0
DRYCGT2,Dry Creek GT,Existing,SA,38.0,38.0,38.0,38.0,38.0,38.0,0.0,0.0,0.0,0.0,40.0,40.0,40.0,40.0,40.0,40.0,0.0,0.0,0.0,0.0,47.0,47.0,47.0,47.0,47.0,47.0,0.0,0.0,0.0,0.0
DRYCGT3,Dry Creek GT,Existing,SA,42.0,42.0,42.0,42.0,42.0,42.0,0.0,0.0,0.0,0.0,43.0,43.0,43.0,43.0,43.0,43.0,0.0,0.0,0.0,0.0,49.0,49.0,49.0,49.0,49.0,49.0,0.0,0.0,0.0,0.0
AGLHAL01,Hallett GT,Existing,SA,15.0,15.0,15.0,15.0,15.0,15.0,15.0,15.0,15.0,15.0,15.5,15.5,15.5,15.5,15.5,15.5,15.5,15.5,15.5,15.5,16.5,16.5,16.5,16.5,16.5,16.5,16.5,16.5,16.5,16.5
AGLHAL02,Hallett GT,Existing,SA,15.0,15.0,15.0,15.0,15.0,15.0,15.0,15.0,15.0,15.0,15.5,15.5,15.5,15.5,15.5,15.5,15.5,15.5,15.5,15.5,16.5,16.5,16.5,16.5,16.5,16.5,16.5,16.5,16.5,16.5
AGLHAL03,Hallett GT,Existing,SA,17.0,17.0,17.0,17.0,17.0,17.0,17.0,17.0,17.0,17.0,17.0,17.0,17.0,17.0,17.0,17.0,17.0,17.0,17.0,17.0,17.0,17.0,17.0,17.0,17.0,17.0,17.0,17.0,17.0,17.0
AGLHAL04,Hallett GT,Existing,SA,15.0,15.0,15.0,15.0,15.0,15.0,15.0,15.0,15.0,15.0,15.0,15.0,15.0,15.0,15.0,15.0,15.0,15.0,15.0,15.0,16.0,16.0,16.0,16.0,16.0,16.0,16.0,16.0,16.0,16.0
AGLHAL05,Hallett GT,Existing,SA,15.0,15.0,15.0,15.0,15.0,15.0,15.0,15.0,15.0,15.0,15.5,15.5,15.5,15.5,15.5,15.5,15.5,15.5,15.5,15.5,16.0,16.0,16.0,16.0,16.0,16.0,16.0,16.0,16.0,16.0
AGLHAL06,Hallett GT,Existing,SA,12.0,12.0,12.0,12.0,12.0,12.0,12.0,12.0,12.0,12.0,13.5,13.5,13.5,13.5,13.5,13.5,13.5,13.5,13.5,13.5,15.0,15.0,15.0,15.0,15.0,15.0,15.0,15.0,15.0,15.0
AGLHAL07,Hallett GT,Existing,SA,20.0,20.0,20.0,20.0,20.0,20.0,20.0,20.0,20.0,20.0,21.5,21.5,21.5,21.5,21.5,21.5,21.5,21.5,21.5,21.5,23.0,23.0,23.0,23.0,23.0,23.0,23.0,23.0,23.0,23.0
AGLHAL08,Hallett GT,Existing,SA,22.0,22.0,22.0,22.0,22.0,22.0,22.0,22.0,22.0,22.0,23.0,23.0,23.0,23.0,23.0,23.0,23.0,23.0,23.0,23.0,25.0,25.0,25.0,25.0,25.0,25.0,25.0,25.0,25.0,25.0
AGLHAL09,Hallett GT,Existing,SA,0.0,20.0,20.0,20.0,20.0,20.0,20.0,20.0,20.0,20.0,0.0,21.5,21.5,21.5,21.5,21.5,21.5,21.5,21.5,21.5,0.0,0.0,23.0,23.0,23.0,23.0,23.0,23.0,23.0,23.0
AGLHAL10,Hallett GT,Existing,SA,14.0,14.0,14.0,14.0,14.0,14.0,14.0,14.0,14.0,14.0,15.0,15.0,15.0,15.0,15.0,15.0,15.0,15.0,15.0,15.0,16.0,16.0,16.0,16.0,16.0,16.0,16.0,16.0,16.0,16.0
AGLHAL11,Hallett GT,Existing,SA,14.0,14.0,14.0,14.0,14.0,14.0,14.0,14.0,14.0,14.0,15.0,15.0,15.0,15.0,15.0,15.0,15.0,15.0,15.0,15.0,16.0,16.0,16.0,16.0,16.0,16.0,16.0,16.0,16.0,16.0
AGLHAL12,Hallett GT,Existing,SA,14.0,14.0,14.0,14.0,14.0,14.0,14.0,14.0,14.0,14.0,15.0,15.0,15.0,15.0,15.0,15.0,15.0,15.0,15.0,15.0,16.0,16.0,16.0,16.0,16.0,16.0,16.0,16.0,16.0,16.0
AGLHALRE,Hallett GT,Existing,SA,30.0,30.0,30.0,30.0,30.0,30.0,30.0,30.0,30.0,30.0,31.0,31.0,31.0,31.0,31.0,31.0,31.0,31.0,31.0,31.0,32.0,32.0,32.0,32.0,32.0,32.0,32.0,32.0,32.0,32.0
HEZ1,Hunter Economic Zone,Existing,NSW,20.6,20.6,20.6,20.6,20.6,20.6,20.6,20.6,20.6,20.6,20.6,20.6,20.6,20.6,20.6,20.6,20.6,20.6,20.6,20.6,20.6,20.6,20.6,20.6,20.6,20.6,20.6,20.6,20.6,20.6
JLA01,Jeeralang A,Existing,VIC,46.6,46.6,46.6,46.6,46.6,46.6,46.6,46.6,46.6,46.6,50.0,50.0,50.0,50.0,50.0,50.0,50.0,50.0,50.0,50.0,56.0,56.0,56.0,56.0,56.0,56.0,56.0,56.0,56.0,56.0
JLA02,Jeeralang A,Existing,VIC,46.6,46.6,46.6,46.6,46.6,46.6,46.6,46.6,46.6,46.6,50.0,50.0,50.0,50.0,50.0,50.0,50.0,50.0,50.0,50.0,56.0,56.0,56.0,56.0,56.0,56.0,56.0,56.0,56.0,56.0
JLA03,Jeeralang A,Existing,VIC,46.6,46.6,46.6,46.6,46.6,46.6,46.6,46.6,46.6,46.6,50.0,50.0,50.0,50.0,50.0,50.0,50.0,50.0,50.0,50.0,56.0,56.0,56.0,56.0,56.0,56.0,56.0,56.0,56.0,56.0
JLA04,Jeeralang A,Existing,VIC,46.6,46.6,46.6,46.6,46.6,46.6,46.6,46.6,46.6,46.6,50.0,50.0,50.0,50.0,50.0,50.0,50.0,50.0,50.0,50.0,56.0,56.0,56.0,56.0,56.0,56.0,56.0,56.0,56.0,56.0
JLB01,Jeeralang B,Existing,VIC,70.3,70.3,70.3,70.3,70.3,70.3,70.3,70.3,70.3,70.3,76.0,76.0,76.0,76.0,76.0,76.0,76.0,76.0,76.0,76.0,85.0,85.0,85.0,85.0,85.0,85.0,85.0,85.0,85.0,85.0
JLB02,Jeeralang B,Existing,VIC,68.3,68.3,68.3,68.3,68.3,68.3,68.3,68.3,68.3,68.3,74.0,74.0,74.0,74.0,74.0,74.0,74.0,74.0,74.0,74.0,83.0,83.0,83.0,83.0,83.0,83.0,83.0,83.0,83.0,83.0
JLB03,Jeeralang B,Existing,VIC,72.3,72.3,72.3,72.3,72.3,72.3,72.3,72.3,72.3,72.3,78.0,78.0,78.0,78.0,78.0,78.0,78.0,78.0,78.0,78.0,87.0,87.0,87.0,87.0,87.0,87.0,87.0,87.0,87.0,87.0
LADBROK1,Ladbroke Grove,Existing,SA,35.0,35.0,35.0,35.0,35.0,35.0,35.0,35.0,35.0,35.0,37.0,37.0,37.0,37.0,37.0,37.0,37.0,37.0,37.0,37.0,40.0,40.0,40.0,40.0,40.0,40.0,40.0,40.0,40.0,40.0
LADBROK2,Ladbroke Grove,Existing,SA,35.0,35.0,35.0,35.0,35.0,35.0,35.0,35.0,35.0,35.0,37.0,37.0,37.0,37.0,37.0,37.0,37.0,37.0,37.0,37.0,40.0,40.0,40.0,40.0,40.0,40.0,40.0,40.0,40.0,40.0
LNGS1,Laverton North,Existing,VIC,172.0,172.0,172.0,172.0,172.0,172.0,172.0,172.0,172.0,172.0,172.0,172.0,172.0,172.0,172.0,172.0,172.0,172.0,172.0,172.0,172.0,172.0,172.0,172.0,172.0,172.0,172.0,172.0,172.0,172.0
LNGS2,Laverton North,Existing,VIC,172.0,172.0,172.0,172.0,172.0,172.0,172.0,172.0,172.0,172.0,172.0,172.0,172.0,172.0,172.0,172.0,172.0,172.0,172.0,172.0,172.0,172.0,172.0,172.0,172.0,172.0,172.0,172.0,172.0,172.0
LONSDALE,Lonsdale,Existing,SA,1.122,1.122,1.122,1.122,1.122,1.122,1.122,1.122,1.122,1.122,1.122,1.122,1.122,1.122,1.122,1.122,1.122,1.122,1.122,1.122,1.122,1.122,1.122,1.122,1.122,1.122,1.122,1.122,1.122,1.122
MINTARO,Mintaro GT,Existing,SA,68.0,68.0,68.0,68.0,68.0,68.0,0.0,0.0,0.0,0.0,73.0,73.0,73.0,73.0,73.0,73.0,0.0,0.0,0.0,0.0,90.0,90.0,90.0,90.0,90.0,90.0,0.0,0.0,0.0,0.0
MORTLK11,Mortlake,Existing,VIC,257.0,257.0,257.0,257.0,257.0,257.0,257.0,257.0,257.0,257.0,266.0,266.0,266.0,266.0,266.0,266.0,266.0,266.0,266.0,266.0,292.0,292.0,292.0,292.0,292.0,292.0,292.0,292.0,292.0,292.0
MORTLK12,Mortlake,Existing,VIC,257.0,257.0,257.0,257.0,257.0,257.0,257.0,257.0,257.0,257.0,266.0,266.0,266.0,266.0,266.0,266.0,266.0,266.0,266.0,266.0,292.0,292.0,292.0,292.0,292.0,292.0,292.0,292.0,292.0,292.0
MSTUART1,Mt Stuart,Existing,QLD,135.0,135.0,135.0,135.0,135.0,135.0,135.0,135.0,135.0,0.0,139.0,139.0,139.0,139.0,139.0,139.0,139.0,139.0,139.0,0.0,140.0,140.0,140.0,140.0,140.0,140.0,140.0,140.0,140.0,0.0
MSTUART2,Mt Stuart,Existing,QLD,135.0,135.0,135.0,135.0,135.0,135.0,135.0,135.0,135.0,0.0,139.0,139.0,139.0,139.0,139.0,139.0,139.0,139.0,139.0,0.0,140.0,140.0,140.0,140.0,140.0,140.0,140.0,140.0,140.0,0.0
MSTUART3,Mt Stuart,Existing,QLD,117.0,117.0,117.0,117.0,117.0,117.0,117.0,117.0,117.0,117.0,118.0,118.0,118.0,118.0,118.0,118.0,118.0,118.0,118.0,118.0,120.0,120.0,120.0,120.0,120.0,120.0,120.0,120.0,120.0,120.0
NPS,Newport,Existing,VIC,475.0,475.0,475.0,475.0,475.0,475.0,475.0,475.0,475.0,475.0,510.0,510.0,510.0,510.0,510.0,510.0,510.0,510.0,510.0,510.0,510.0,510.0,510.0,510.0,510.0,510.0,510.0,510.0,510.0,510.0
OAKEY1,Oakey Power Station,Existing,QLD,144.0,144.0,144.0,144.0,144.0,144.0,144.0,144.0,144.0,144.0,150.0,150.0,150.0,150.0,150.0,150.0,150.0,150.0,150.0,150.0,173.0,173.0,173.0,173.0,173.0,173.0,173.0,173.0,173.0,173.0
OAKEY2,Oakey Power Station,Existing,QLD,144.0,144.0,144.0,144.0,144.0,144.0,144.0,144.0,144.0,144.0,150.0,150.0,150.0,150.0,150.0,150.0,150.0,150.0,150.0,150.0,173.0,173.0,173.0,173.0,173.0,173.0,173.0,173.0,173.0,173.0
OsborneGT,Osborne,Existing,SA,112.0,112.0,112.0,0.0,0.0,0.0,0.0,0.0,0.0,0.0,114.0,114.0,114.0,0.0,0.0,0.0,0.0,0.0,0.0,0.0,123.0,123.0,123.0,0.0,0.0,0.0,0.0,0.0,0.0,0.0
OsborneST,Osborne,Existing,SA,63.0,63.0,63.0,0.0,0.0,0.0,0.0,0.0,0.0,0.0,64.0,64.0,64.0,0.0,0.0,0.0,0.0,0.0,0.0,0.0,66.0,66.0,66.0,0.0,0.0,0.0,0.0,0.0,0.0,0.0
PPCCGTGT1,Pelican Point,Existing,SA,138.0,138.0,138.0,138.0,138.0,138.0,138.0,138.0,138.0,138.0,156.0,156.0,156.0,156.0,156.0,156.0,156.0,156.0,156.0,156.0,167.0,167.0,167.0,167.0,167.0,167.0,167.0,167.0,167.0,167.0
PPCCGTGT2,Pelican Point,Existing,SA,143.0,143.0,143.0,143.0,143.0,143.0,143.0,143.0,143.0,143.0,163.0,163.0,163.0,163.0,163.0,163.0,163.0,163.0,163.0,163.0,174.0,174.0,174.0,174.0,174.0,174.0,174.0,174.0,174.0,174.0
PPCCGTST,Pelican Point,Existing,SA,135.0,135.0,135.0,135.0,135.0,135.0,135.0,135.0,135.0,135.0,149.0,149.0,149.0,149.0,149.0,149.0,149.0,149.0,149.0,149.0,157.0,157.0,157.0,157.0,157.0,157.0,157.0,157.0,157.0,157.0
POR01-1,Port Lincoln GT,Existing,SA,0.0,0.0,0.0,0.0,0.0,0.0,0.0,0.0,0.0,0.0,0.0,0.0,0.0,0.0,0.0,0.0,0.0,0.0,0.0,0.0,0.0,0.0,0.0,0.0,0.0,0.0,0.0,0.0,0.0,0.0
POR01-2,Port Lincoln GT,Existing,SA,0.0,0.0,0.0,0.0,0.0,0.0,0.0,0.0,0.0,0.0,0.0,0.0,0.0,0.0,0.0,0.0,0.0,0.0,0.0,0.0,0.0,0.0,0.0,0.0,0.0,0.0,0.0,0.0,0.0,0.0
POR01-3,Port Lincoln GT,Existing,SA,0.0,0.0,0.0,0.0,0.0,0.0,0.0,0.0,0.0,0.0,0.0,0.0,0.0,0.0,0.0,0.0,0.0,0.0,0.0,0.0,0.0,0.0,0.0,0.0,0.0,0.0,0.0,0.0,0.0,0.0
PTSTAN1_1,Port Stanvac 1,Existing,SA,1.572,1.572,1.572,1.572,1.572,1.572,1.572,1.572,1.572,1.572,1.572,1.572,1.572,1.572,1.572,1.572,1.572,1.572,1.572,1.572,1.572,1.572,1.572,1.572,1.572,1.572,1.572,1.572,1.572,1.572
PTSTAN1_2,Port Stanvac 1,Existing,SA,1.572,1.572,1.572,1.572,1.572,1.572,1.572,1.572,1.572,1.572,1.572,1.572,1.572,1.572,1.572,1.572,1.572,1.572,1.572,1.572,1.572,1.572,1.572,1.572,1.572,1.572,1.572,1.572,1.572,1.572
QPS1,Quarantine,Existing,SA,21.0,21.0,21.0,21.0,21.0,21.0,21.0,21.0,21.0,21.0,23.0,23.0,23.0,23.0,23.0,23.0,23.0,23.0,23.0,23.0,29.0,29.0,29.0,29.0,29.0,29.0,29.0,29.0,29.0,29.0
QPS2,Quarantine,Existing,SA,18.0,18.0,18.0,18.0,18.0,18.0,18.0,18.0,18.0,18.0,20.0,20.0,20.0,20.0,20.0,20.0,20.0,20.0,20.0,20.0,23.0,23.0,23.0,23.0,23.0,23.0,23.0,23.0,23.0,23.0
QPS3,Quarantine,Existing,SA,21.0,21.0,21.0,21.0,21.0,21.0,21.0,21.0,21.0,21.0,23.0,23.0,23.0,23.0,23.0,23.0,23.0,23.0,23.0,23.0,29.0,29.0,29.0,29.0,29.0,29.0,29.0,29.0,29.0,29.0
QPS4,Quarantine,Existing,SA,18.0,18.0,18.0,18.0,18.0,18.0,18.0,18.0,18.0,18.0,20.0,20.0,20.0,20.0,20.0,20.0,20.0,20.0,20.0,20.0,23.0,23.0,23.0,23.0,23.0,23.0,23.0,23.0,23.0,23.0
QPS5,Quarantine,Existing,SA,111.0,111.0,111.0,111.0,111.0,111.0,111.0,111.0,111.0,111.0,114.0,114.0,114.0,114.0,114.0,114.0,114.0,114.0,114.0,114.0,120.0,120.0,120.0,120.0,120.0,120.0,120.0,120.0,120.0,120.0
ROMA_7,Roma,Existing,QLD,27.0,27.0,27.0,27.0,27.0,27.0,27.0,27.0,27.0,27.0,30.0,30.0,30.0,30.0,30.0,30.0,30.0,30.0,30.0,30.0,34.0,34.0,34.0,34.0,34.0,34.0,34.0,34.0,34.0,34.0
ROMA_8,Roma,Existing,QLD,27.0,27.0,27.0,27.0,27.0,27.0,27.0,27.0,27.0,27.0,30.0,30.0,30.0,30.0,30.0,30.0,30.0,30.0,30.0,30.0,34.0,34.0,34.0,34.0,34.0,34.0,34.0,34.0,34.0,34.0
SITHE01,Smithfield Energy Facility,Existing,NSW,108.0,108.0,108.0,108.0,108.0,108.0,108.0,108.0,108.0,108.0,108.0,108.0,108.0,108.0,108.0,108.0,108.0,108.0,108.0,108.0,125.699999999999,125.699999999999,125.699999999999,125.699999999999,125.699999999999,125.699999999999,125.699999999999,125.699999999999,125.699999999999,125.699999999999
SNAPPER1_1,Snapper Point Power Station,Existing,SA,24.6,24.6,24.6,24.6,24.6,24.6,24.6,24.6,24.6,24.6,27.6,27.6,27.6,27.6,27.6,27.6,27.6,27.6,27.6,27.6,30.0,30.0,30.0,30.0,30.0,30.0,30.0,30.0,30.0,30.0
SNAPPER1_2,Snapper Point Power Station,Existing,SA,24.6,24.6,24.6,24.6,24.6,24.6,24.6,24.6,24.6,24.6,27.6,27.6,27.6,27.6,27.6,27.6,27.6,27.6,27.6,27.6,30.0,30.0,30.0,30.0,30.0,30.0,30.0,30.0,30.0,30.0
SNAPPER1_3,Snapper Point Power Station,Existing,SA,24.6,24.6,24.6,24.6,24.6,24.6,24.6,24.6,24.6,24.6,27.6,27.6,27.6,27.6,27.6,27.6,27.6,27.6,27.6,27.6,30.0,30.0,30.0,30.0,30.0,30.0,30.0,30.0,30.0,30.0
SNAPPER1_4,Snapper Point Power Station,Existing,SA,24.6,24.6,24.6,24.6,24.6,24.6,24.6,24.6,24.6,24.6,27.6,27.6,27.6,27.6,27.6,27.6,27.6,27.6,27.6,27.6,30.0,30.0,30.0,30.0,30.0,30.0,30.0,30.0,30.0,30.0
SNAPPER1_5,Snapper Point Power Station,Existing,SA,24.6,24.6,24.6,24.6,24.6,24.6,24.6,24.6,24.6,24.6,27.6,27.6,27.6,27.6,27.6,27.6,27.6,27.6,27.6,27.6,30.0,30.0,30.0,30.0,30.0,30.0,30.0,30.0,30.0,30.0
SNUG1,Snuggery,Existing,SA,0.0,0.0,0.0,0.0,0.0,0.0,0.0,0.0,0.0,0.0,0.0,0.0,0.0,0.0,0.0,0.0,0.0,0.0,0.0,0.0,0.0,0.0,0.0,0.0,0.0,0.0,0.0,0.0,0.0,0.0
SNUG2,Snuggery,Existing,SA,0.0,0.0,0.0,0.0,0.0,0.0,0.0,0.0,0.0,0.0,0.0,0.0,0.0,0.0,0.0,0.0,0.0,0.0,0.0,0.0,0.0,0.0,0.0,0.0,0.0,0.0,0.0,0.0,0.0,0.0
SNUG3,Snuggery,Existing,SA,0.0,0.0,0.0,0.0,0.0,0.0,0.0,0.0,0.0,0.0,0.0,0.0,0.0,0.0,0.0,0.0,0.0,0.0,0.0,0.0,0.0,0.0,0.0,0.0,0.0,0.0,0.0,0.0,0.0,0.0
AGLSOM01,Somerton,Existing,VIC,35.0,35.0,35.0,35.0,35.0,35.0,35.0,35.0,0.0,0.0,37.5,37.5,37.5,37.5,37.5,42.5,42.5,42.5,0.0,0.0,42.5,42.5,42.5,42.5,42.5,42.5,42.5,42.5,42.5,0.0
AGLSOM02,Somerton,Existing,VIC,35.0,35.0,35.0,35.0,35.0,35.0,35.0,35.0,0.0,0.0,37.5,37.5,37.5,37.5,37.5,42.5,42.5,42.5,0.0,0.0,42.5,42.5,42.5,42.5,42.5,42.5,42.5,42.5,42.5,0.0
AGLSOM03,Somerton,Existing,VIC,35.0,35.0,35.0,35.0,35.0,35.0,35.0,35.0,0.0,0.0,37.5,37.5,37.5,37.5,37.5,42.5,42.5,42.5,0.0,0.0,42.5,42.5,42.5,42.5,42.5,42.5,42.5,42.5,42.5,0.0
AGLSOM04,Somerton,Existing,VIC,35.0,35.0,35.0,35.0,35.0,35.0,35.0,35.0,0.0,0.0,37.5,37.5,37.5,37.5,37.5,42.5,42.5,42.5,0.0,0.0,42.5,42.5,42.5,42.5,42.5,42.5,42.5,42.5,42.5,0.0
SWAN_E,Swanbank E GT,Existing,QLD,360.0,360.0,360.0,360.0,360.0,360.0,360.0,360.0,360.0,360.0,373.0,373.0,373.0,373.0,373.0,373.0,373.0,373.0,373.0,373.0,373.0,373.0,373.0,373.0,373.0,373.0,373.0,373.0,373.0,373.0
TALWA1,Tallawarra,Existing,NSW,435.0,435.0,435.0,435.0,435.0,435.0,435.0,435.0,435.0,435.0,440.0,440.0,440.0,440.0,440.0,440.0,440.0,440.0,440.0,440.0,480.0,456.0,456.0,456.0,456.0,456.0,456.0,456.0,456.0,456.0
Tallawarra B,Tallawarra B,Existing,NSW,303.0,303.0,303.0,303.0,303.0,303.0,303.0,303.0,303.0,303.0,312.0,312.0,312.0,312.0,312.0,312.0,312.0,312.0,312.0,312.0,318.0,318.0,318.0,318.0,318.0,318.0,318.0,318.0,318.0,318.0
TVCC201_GT,Tamar Valley Combined Cycle,Existing,TAS,0.0,0.0,0.0,0.0,0.0,0.0,0.0,0.0,0.0,0.0,0.0,0.0,0.0,0.0,0.0,0.0,0.0,0.0,0.0,0.0,0.0,0.0,0.0,0.0,0.0,0.0,0.0,0.0,0.0,0.0
TVCC201_ST,Tamar Valley Combined Cycle,Existing,TAS,0.0,0.0,0.0,0.0,0.0,0.0,0.0,0.0,0.0,0.0,0.0,0.0,0.0,0.0,0.0,0.0,0.0,0.0,0.0,0.0,0.0,0.0,0.0,0.0,0.0,0.0,0.0,0.0,0.0,0.0
TVPP104,Tamar Valley Peaking,Existing,TAS,58.0,58.0,58.0,58.0,58.0,58.0,58.0,58.0,58.0,58.0,58.0,58.0,58.0,58.0,58.0,58.0,58.0,58.0,58.0,58.0,58.0,58.0,58.0,58.0,58.0,58.0,58.0,58.0,58.0,58.0
TORRB1,Torrens Island B,Existing,SA,0.0,0.0,0.0,0.0,0.0,0.0,0.0,0.0,0.0,0.0,0.0,0.0,0.0,0.0,0.0,0.0,0.0,0.0,0.0,0.0,0.0,0.0,0.0,0.0,0.0,0.0,0.0,0.0,0.0,0.0
TORRB2,Torrens Island B,Existing,SA,195.0,195.0,195.0,0.0,0.0,0.0,0.0,0.0,0.0,0.0,200.0,200.0,200.0,0.0,0.0,0.0,0.0,0.0,0.0,0.0,200.0,200.0,200.0,0.0,0.0,0.0,0.0,0.0,0.0,0.0
TORRB3,Torrens Island B,Existing,SA,195.0,195.0,195.0,0.0,0.0,0.0,0.0,0.0,0.0,0.0,200.0,200.0,200.0,0.0,0.0,0.0,0.0,0.0,0.0,0.0,200.0,200.0,200.0,0.0,0.0,0.0,0.0,0.0,0.0,0.0
TORRB4,Torrens Island B,Existing,SA,195.0,195.0,195.0,0.0,0.0,0.0,0.0,0.0,0.0,0.0,200.0,200.0,200.0,0.0,0.0,0.0,0.0,0.0,0.0,0.0,200.0,200.0,200.0,0.0,0.0,0.0,0.0,0.0,0.0,0.0
YABULU,Townsville Power Station,Existing,QLD,150.0,150.0,150.0,150.0,150.0,150.0,150.0,150.0,150.0,150.0,155.0,155.0,155.0,155.0,155.0,155.0,155.0,155.0,155.0,155.0,165.0,165.0,165.0,165.0,165.0,165.0,165.0,165.0,165.0,165.0
YABULU2,Townsville Power Station,Existing,QLD,0.0,77.0,77.0,77.0,77.0,77.0,77.0,77.0,77.0,77.0,0.0,77.0,77.0,77.0,77.0,77.0,77.0,77.0,77.0,77.0,0.0,81.0,81.0,81.0,81.0,81.0,81.0,81.0,81.0,81.0
URANQ11,Uranquinty,Existing,NSW,160.0,160.0,160.0,160.0,160.0,160.0,160.0,160.0,160.0,160.0,164.0,164.0,164.0,164.0,164.0,164.0,164.0,164.0,164.0,164.0,173.0,173.0,173.0,173.0,173.0,173.0,173.0,173.0,173.0,173.0
URANQ12,Uranquinty,Existing,NSW,160.0,160.0,160.0,160.0,160.0,160.0,160.0,160.0,160.0,160.0,164.0,164.0,164.0,164.0,164.0,164.0,164.0,164.0,164.0,164.0,173.0,173.0,173.0,173.0,173.0,173.0,173.0,173.0,173.0,173.0
URANQ13,Uranquinty,Existing,NSW,160.0,160.0,160.0,160.0,160.0,160.0,160.0,160.0,160.0,160.0,164.0,164.0,164.0,164.0,164.0,164.0,164.0,164.0,164.0,164.0,173.0,173.0,173.0,173.0,173.0,173.0,173.0,173.0,173.0,173.0
URANQ14,Uranquinty,Existing,NSW,160.0,160.0,160.0,160.0,160.0,160.0,160.0,160.0,160.0,160.0,164.0,164.0,164.0,164.0,164.0,164.0,164.0,164.0,164.0,164.0,173.0,173.0,173.0,173.0,173.0,173.0,173.0,173.0,173.0,173.0
VPGS1,Valley Power,Existing,VIC,47.5,47.5,47.5,47.5,47.5,47.5,47.5,47.5,47.5,47.5,50.0,50.0,50.0,50.0,50.0,50.0,50.0,50.0,50.0,50.0,56.0,56.0,56.0,56.0,56.0,56.0,56.0,56.0,56.0,56.0
VPGS2,Valley Power,Existing,VIC,47.5,47.5,47.5,47.5,47.5,47.5,47.5,47.5,47.5,47.5,50.0,50.0,50.0,50.0,50.0,50.0,50.0,50.0,50.0,50.0,56.0,56.0,56.0,56.0,56.0,56.0,56.0,56.0,56.0,56.0
VPGS3,Valley Power,Existing,VIC,47.5,47.5,47.5,47.5,47.5,47.5,47.5,47.5,47.5,47.5,50.0,50.0,50.0,50.0,50.0,50.0,50.0,50.0,50.0,50.0,56.0,56.0,56.0,56.0,56.0,56.0,56.0,56.0,56.0,56.0
VPGS4,Valley Power,Existing,VIC,47.5,47.5,47.5,47.5,47.5,47.5,47.5,47.5,47.5,47.5,50.0,50.0,50.0,50.0,50.0,50.0,50.0,50.0,50.0,50.0,56.0,56.0,56.0,56.0,56.0,56.0,56.0,56.0,56.0,56.0
VPGS5,Valley Power,Existing,VIC,47.5,47.5,47.5,47.5,47.5,47.5,47.5,47.5,47.5,47.5,50.0,50.0,50.0,50.0,50.0,50.0,50.0,50.0,50.0,50.0,56.0,56.0,56.0,56.0,56.0,56.0,56.0,56.0,56.0,56.0
VPGS6,Valley Power,Existing,VIC,47.5,47.5,47.5,47.5,47.5,47.5,47.5,47.5,47.5,47.5,50.0,50.0,50.0,50.0,50.0,50.0,50.0,50.0,50.0,50.0,56.0,56.0,56.0,56.0,56.0,56.0,56.0,56.0,56.0,56.0
YARWUN_1,Yarwun Cogen,Existing,QLD,180.0,180.0,180.0,180.0,180.0,180.0,180.0,180.0,180.0,180.0,180.0,180.0,180.0,180.0,180.0,180.0,180.0,180.0,180.0,180.0,180.0,180.0,180.0,180.0,180.0,180.0,180.0,180.0,180.0,180.0
BARRON-1,Barron Gorge,Existing,QLD,33.0,33.0,33.0,33.0,33.0,33.0,33.0,33.0,33.0,33.0,33.0,33.0,33.0,33.0,33.0,33.0,33.0,33.0,33.0,33.0,33.0,33.0,33.0,33.0,33.0,33.0,33.0,33.0,33.0,33.0
BARRON-2,Barron Gorge,Existing,QLD,33.0,33.0,33.0,33.0,33.0,33.0,33.0,33.0,33.0,33.0,33.0,33.0,33.0,33.0,33.0,33.0,33.0,33.0,33.0,33.0,33.0,33.0,33.0,33.0,33.0,33.0,33.0,33.0,33.0,33.0
BASTYAN,Bastyan,Existing,TAS,81.0,81.0,0.0,84.0,84.0,84.0,84.0,84.0,84.0,84.0,81.0,81.0,0.0,84.0,84.0,84.0,84.0,84.0,84.0,84.0,81.0,81.0,81.0,0.0,84.0,84.0,84.0,84.0,84.0,84.0
BLOWERNG,Blowering,Existing,NSW,70.0,70.0,70.0,70.0,70.0,70.0,70.0,70.0,70.0,70.0,70.0,70.0,70.0,70.0,70.0,70.0,70.0,70.0,70.0,70.0,70.0,70.0,70.0,70.0,70.0,70.0,70.0,70.0,70.0,70.0
BOGONG1,Bogong / Mackay,Existing,VIC,70.0,70.0,70.0,70.0,70.0,70.0,70.0,70.0,70.0,70.0,70.0,70.0,70.0,70.0,70.0,70.0,70.0,70.0,70.0,70.0,70.0,70.0,70.0,70.0,70.0,70.0,70.0,70.0,70.0,70.0
BOGONG2,Bogong / Mackay,Existing,VIC,70.0,70.0,70.0,70.0,70.0,70.0,70.0,70.0,70.0,70.0,70.0,70.0,70.0,70.0,70.0,70.0,70.0,70.0,70.0,70.0,70.0,70.0,70.0,70.0,70.0,70.0,70.0,70.0,70.0,70.0
MCKAY11,Bogong / Mackay,Existing,VIC,26.7,26.7,26.7,26.7,26.7,26.7,26.7,26.7,26.7,26.7,26.7,26.7,26.7,26.7,26.7,26.7,26.7,26.7,26.7,26.7,26.7,26.7,26.7,26.7,26.7,26.7,26.7,26.7,26.7,26.7
MCKAY12,Bogong / Mackay,Existing,VIC,26.7,26.7,26.7,26.7,26.7,26.7,26.7,26.7,26.7,26.7,26.7,26.7,26.7,26.7,26.7,26.7,26.7,26.7,26.7,26.7,26.7,26.7,26.7,26.7,26.7,26.7,26.7,26.7,26.7,26.7
MCKAY13,Bogong / Mackay,Existing,VIC,26.7,26.7,26.7,26.7,26.7,26.7,26.7,26.7,26.7,26.7,26.7,26.7,26.7,26.7,26.7,26.7,26.7,26.7,26.7,26.7,26.7,26.7,26.7,26.7,26.7,26.7,26.7,26.7,26.7,26.7
MCKAY14,Bogong / Mackay,Existing,VIC,26.7,26.7,26.7,26.7,26.7,26.7,26.7,26.7,26.7,26.7,26.7,26.7,26.7,26.7,26.7,26.7,26.7,26.7,26.7,26.7,26.7,26.7,26.7,26.7,26.7,26.7,26.7,26.7,26.7,26.7
MCKAY15,Bogong / Mackay,Existing,VIC,26.7,26.7,26.7,26.7,26.7,26.7,26.7,26.7,26.7,26.7,26.7,26.7,26.7,26.7,26.7,26.7,26.7,26.7,26.7,26.7,26.7,26.7,26.7,26.7,26.7,26.7,26.7,26.7,26.7,26.7
MCKAY16,Bogong / Mackay,Existing,VIC,26.7,26.7,26.7,26.7,26.7,26.7,26.7,26.7,26.7,26.7,26.7,26.7,26.7,26.7,26.7,26.7,26.7,26.7,26.7,26.7,26.7,26.7,26.7,26.7,26.7,26.7,26.7,26.7,26.7,26.7
LI111-1,Catagunya / Liapootah / Wayatinah,Existing,TAS,29.0,29.0,29.0,29.0,29.0,29.0,29.0,29.0,0.0,29.0,29.0,29.0,29.0,29.0,29.0,29.0,29.0,29.0,0.0,29.0,29.0,29.0,29.0,29.0,29.0,29.0,29.0,29.0,29.0,29.0
LI112-2,Catagunya / Liapootah / Wayatinah,Existing,TAS,29.0,29.0,29.0,29.0,29.0,29.0,0.0,29.0,29.0,29.0,29.0,29.0,29.0,29.0,29.0,29.0,0.0,29.0,29.0,29.0,29.0,29.0,29.0,29.0,29.0,29.0,29.0,29.0,29.0,29.0
LI113-3,Catagunya / Liapootah / Wayatinah,Existing,TAS,29.0,29.0,29.0,29.0,29.0,29.0,29.0,29.0,29.0,29.0,29.0,29.0,29.0,29.0,29.0,29.0,29.0,29.0,29.0,29.0,29.0,29.0,29.0,29.0,29.0,29.0,29.0,29.0,29.0,29.0
CA111-1,Catagunya / Liapootah / Wayatinah,Existing,TAS,24.0,24.0,24.0,24.0,24.0,24.0,24.0,24.0,24.0,24.0,24.0,24.0,24.0,24.0,24.0,24.0,24.0,24.0,24.0,24.0,24.0,24.0,24.0,24.0,24.0,0.0,24.0,24.0,24.0,24.0
CA112-2,Catagunya / Liapootah / Wayatinah,Existing,TAS,24.0,24.0,24.0,24.0,24.0,24.0,24.0,24.0,24.0,24.0,24.0,24.0,24.0,24.0,24.0,24.0,24.0,24.0,24.0,24.0,24.0,24.0,24.0,24.0,24.0,0.0,24.0,24.0,24.0,24.0
WY111-1,Catagunya / Liapootah / Wayatinah,Existing,TAS,13.0,13.0,13.0,13.0,13.0,13.0,13.0,13.0,13.0,13.0,13.0,13.0,13.0,13.0,13.0,13.0,13.0,13.0,13.0,13.0,13.0,13.0,13.0,13.0,13.0,13.0,13.0,13.0,13.0,13.0
WY111-2,Catagunya / Liapootah / Wayatinah,Existing,TAS,13.0,13.0,13.0,13.0,13.0,13.0,13.0,13.0,13.0,13.0,13.0,13.0,13.0,13.0,13.0,13.0,13.0,13.0,13.0,13.0,13.0,13.0,13.0,13.0,13.0,13.0,13.0,13.0,13.0,13.0
WY111-3,Catagunya / Liapootah / Wayatinah,Existing,TAS,13.0,13.0,13.0,13.0,13.0,13.0,13.0,13.0,0.0,13.0,13.0,13.0,13.0,13.0,13.0,13.0,13.0,13.0,0.0,13.0,13.0,13.0,13.0,13.0,13.0,13.0,13.0,13.0,13.0,13.0
CETHANA,Cethana,Existing,TAS,95.0,0.0,95.0,95.0,95.0,95.0,95.0,95.0,95.0,95.0,95.0,0.0,95.0,95.0,95.0,95.0,95.0,95.0,95.0,95.0,95.0,95.0,0.0,95.0,95.0,95.0,95.0,95.0,95.0,95.0
DARTM1,Dartmouth,Existing,VIC,170.0,170.0,170.0,170.0,170.0,170.0,170.0,170.0,170.0,170.0,170.0,170.0,170.0,170.0,170.0,170.0,170.0,170.0,170.0,170.0,170.0,170.0,170.0,170.0,170.0,170.0,170.0,170.0,170.0,170.0
DEVILS_G,Devils Gate,Existing,TAS,63.0,63.0,63.0,63.0,63.0,63.0,0.0,63.0,63.0,63.0,63.0,63.0,63.0,63.0,63.0,63.0,0.0,63.0,63.0,63.0,63.0,63.0,63.0,63.0,63.0,63.0,63.0,63.0,63.0,63.0
EILDON1,Eildon,Existing,VIC,60.0,60.0,60.0,60.0,60.0,60.0,60.0,60.0,60.0,60.0,60.0,60.0,60.0,60.0,60.0,60.0,60.0,60.0,60.0,60.0,60.0,60.0,60.0,60.0,60.0,60.0,60.0,60.0,60.0,60.0
EILDON2,Eildon,Existing,VIC,60.0,60.0,60.0,60.0,60.0,60.0,60.0,60.0,60.0,60.0,60.0,60.0,60.0,60.0,60.0,60.0,60.0,60.0,60.0,60.0,60.0,60.0,60.0,60.0,60.0,60.0,60.0,60.0,60.0,60.0
FISHER,Fisher,Existing,TAS,0.0,46.0,0.0,0.0,46.0,46.0,46.0,0.0,46.0,46.0,0.0,46.0,0.0,0.0,46.0,46.0,46.0,0.0,46.0,46.0,46.0,46.0,46.0,46.0,46.0,46.0,46.0,46.0,46.0,46.0
GO181-1,Gordon,Existing,TAS,141.0,141.0,0.0,141.0,141.0,141.0,141.0,141.0,141.0,141.0,141.0,141.0,0.0,141.0,141.0,141.0,141.0,141.0,141.0,141.0,141.0,141.0,141.0,0.0,141.0,141.0,141.0,141.0,141.0,141.0
GO182-2,Gordon,Existing,TAS,0.0,141.0,0.0,141.0,141.0,141.0,0.0,141.0,141.0,141.0,0.0,141.0,0.0,141.0,141.0,141.0,0.0,141.0,141.0,141.0,0.0,0.0,141.0,141.0,141.0,141.0,141.0,141.0,141.0,141.0
GO183-3,Gordon,Existing,TAS,141.0,141.0,0.0,141.0,141.0,0.0,0.0,133.0,133.0,133.0,141.0,141.0,0.0,141.0,141.0,0.0,0.0,133.0,133.0,133.0,141.0,141.0,141.0,141.0,141.0,141.0,0.0,141.0,141.0,141.0
GUTHEGA1,Guthega,Existing,NSW,34.0,34.0,34.0,34.0,34.0,34.0,34.0,34.0,34.0,34.0,34.0,34.0,34.0,34.0,34.0,34.0,34.0,34.0,34.0,34.0,34.0,34.0,34.0,34.0,34.0,34.0,34.0,34.0,34.0,34.0
GUTHEGA2,Guthega,Existing,NSW,34.0,34.0,34.0,34.0,34.0,34.0,34.0,34.0,34.0,34.0,34.0,34.0,34.0,34.0,34.0,34.0,34.0,34.0,34.0,34.0,34.0,34.0,34.0,34.0,34.0,34.0,34.0,34.0,34.0,34.0
HUMENSW,Hume Dam NSW,Existing,NSW,29.0,29.0,29.0,29.0,29.0,29.0,29.0,29.0,29.0,29.0,29.0,29.0,29.0,29.0,29.0,29.0,29.0,29.0,29.0,29.0,0.0,0.0,0.0,0.0,0.0,0.0,0.0,0.0,0.0,0.0
HUMEV,Hume Dam VIC,Existing,VIC,29.0,29.0,29.0,29.0,29.0,29.0,29.0,29.0,29.0,29.0,29.0,29.0,29.0,29.0,29.0,29.0,29.0,29.0,29.0,29.0,0.0,0.0,0.0,0.0,0.0,0.0,0.0,0.0,0.0,0.0
JBUTTERS,John Butters,Existing,TAS,140.0,140.0,140.0,140.0,0.0,144.0,144.0,144.0,144.0,144.0,140.0,140.0,140.0,140.0,0.0,144.0,144.0,144.0,144.0,144.0,140.0,140.0,140.0,140.0,144.0,0.0,144.0,144.0,144.0,144.0
KAREEYA1,Kareeya,Existing,QLD,21.6,21.6,21.6,21.6,21.6,21.6,21.6,21.6,21.6,21.6,21.6,21.6,21.6,21.6,21.6,21.6,21.6,21.6,21.6,21.6,21.6,21.6,21.6,21.6,21.6,21.6,21.6,21.6,21.6,21.6
KAREEYA2,Kareeya,Existing,QLD,21.6,21.6,21.6,21.6,21.6,21.6,21.6,21.6,21.6,21.6,21.6,21.6,21.6,21.6,21.6,21.6,21.6,21.6,21.6,21.6,21.6,21.6,21.6,21.6,21.6,21.6,21.6,21.6,21.6,21.6
KAREEYA3,Kareeya,Existing,QLD,21.6,21.6,21.6,21.6,21.6,21.6,21.6,21.6,21.6,21.6,21.6,21.6,21.6,21.6,21.6,21.6,21.6,21.6,21.6,21.6,21.6,21.6,21.6,21.6,21.6,21.6,21.6,21.6,21.6,21.6
KAREEYA4,Kareeya,Existing,QLD,21.6,21.6,21.6,21.6,21.6,21.6,21.6,21.6,21.6,21.6,21.6,21.6,21.6,21.6,21.6,21.6,21.6,21.6,21.6,21.6,21.6,21.6,21.6,21.6,21.6,21.6,21.6,21.6,21.6,21.6
LK_ECHO,Lake Echo,Existing,TAS,30.0,30.0,30.0,0.0,30.0,30.0,30.0,30.0,30.0,30.0,30.0,30.0,30.0,0.0,30.0,30.0,30.0,30.0,30.0,30.0,30.0,30.0,30.0,30.0,30.0,30.0,30.0,30.0,30.0,30.0
LM111-1,Lemonthyme / Wilmot,Existing,TAS,0.0,55.0,55.0,55.0,0.0,55.0,55.0,0.0,55.0,55.0,0.0,55.0,55.0,55.0,0.0,55.0,55.0,0.0,55.0,55.0,54.0,0.0,55.0,55.0,55.0,55.0,55.0,55.0,55.0,55.0
WI111-1,Lemonthyme / Wilmot,Existing,TAS,33.0,33.0,0.0,33.0,33.0,33.0,33.0,33.0,0.0,33.0,33.0,33.0,0.0,33.0,33.0,33.0,33.0,33.0,0.0,33.0,33.0,33.0,33.0,33.0,33.0,33.0,33.0,33.0,33.0,33.0
MACKNTSH,Mackintosh,Existing,TAS,81.0,81.0,81.0,0.0,84.0,84.0,84.0,84.0,0.0,84.0,81.0,81.0,81.0,0.0,84.0,84.0,84.0,84.0,0.0,84.0,81.0,81.0,81.0,81.0,0.0,84.0,84.0,84.0,84.0,84.0
MEADOWBK,Meadowbank,Existing,TAS,44.0,44.0,44.0,44.0,44.0,0.0,44.0,44.0,44.0,44.0,44.0,44.0,44.0,44.0,44.0,0.0,44.0,44.0,44.0,44.0,44.0,44.0,44.0,44.0,44.0,44.0,44.0,44.0,44.0,44.0
MURRAY01,Murray 1,Existing,VIC,95.0,0.0,95.0,95.0,95.0,95.0,95.0,95.0,95.0,95.0,95.0,0.0,95.0,95.0,95.0,95.0,95.0,95.0,95.0,95.0,95.0,0.0,95.0,95.0,95.0,95.0,95.0,95.0,95.0,95.0
MURRAY02,Murray 1,Existing,VIC,95.0,95.0,95.0,95.0,95.0,95.0,95.0,95.0,95.0,95.0,95.0,95.0,95.0,95.0,95.0,95.0,95.0,95.0,95.0,95.0,95.0,95.0,95.0,95.0,95.0,95.0,95.0,95.0,95.0,95.0
MURRAY03,Murray 1,Existing,VIC,95.0,95.0,95.0,95.0,95.0,95.0,95.0,95.0,95.0,95.0,95.0,95.0,95.0,95.0,95.0,95.0,95.0,95.0,95.0,95.0,95.0,95.0,95.0,95.0,95.0,95.0,95.0,95.0,95.0,95.0
MURRAY04,Murray 1,Existing,VIC,95.0,95.0,95.0,95.0,95.0,95.0,95.0,95.0,95.0,95.0,95.0,95.0,95.0,95.0,95.0,95.0,95.0,95.0,95.0,95.0,95.0,95.0,95.0,95.0,95.0,95.0,95.0,95.0,95.0,95.0
MURRAY05,Murray 1,Existing,VIC,95.0,95.0,95.0,95.0,95.0,95.0,95.0,95.0,95.0,95.0,95.0,95.0,95.0,95.0,95.0,95.0,95.0,95.0,95.0,95.0,95.0,95.0,95.0,95.0,95.0,95.0,95.0,95.0,95.0,95.0
MURRAY06,Murray 1,Existing,VIC,95.0,95.0,95.0,95.0,95.0,95.0,95.0,95.0,95.0,95.0,95.0,95.0,95.0,95.0,95.0,95.0,95.0,95.0,95.0,95.0,95.0,95.0,95.0,95.0,95.0,95.0,95.0,95.0,95.0,95.0
MURRAY07,Murray 1,Existing,VIC,95.0,95.0,95.0,95.0,95.0,95.0,95.0,95.0,95.0,95.0,95.0,95.0,95.0,95.0,95.0,95.0,95.0,95.0,95.0,95.0,95.0,95.0,95.0,95.0,95.0,95.0,95.0,95.0,95.0,95.0
MURRAY08,Murray 1,Existing,VIC,95.0,95.0,95.0,95.0,95.0,95.0,95.0,95.0,95.0,95.0,95.0,95.0,95.0,95.0,95.0,95.0,95.0,95.0,95.0,95.0,95.0,95.0,95.0,95.0,95.0,95.0,95.0,95.0,95.0,95.0
MURRAY09,Murray 1,Existing,VIC,0.0,95.0,95.0,95.0,95.0,95.0,95.0,95.0,95.0,95.0,0.0,95.0,95.0,95.0,95.0,95.0,95.0,95.0,95.0,95.0,95.0,95.0,95.0,95.0,95.0,95.0,95.0,95.0,95.0,95.0
MURRAY10,Murray 1,Existing,VIC,95.0,95.0,95.0,95.0,95.0,95.0,95.0,95.0,95.0,95.0,95.0,95.0,95.0,95.0,95.0,95.0,95.0,95.0,95.0,95.0,0.0,95.0,95.0,95.0,95.0,95.0,95.0,95.0,95.0,95.0
MURRAY11,Murray 2,Existing,VIC,150.0,150.0,150.0,150.0,150.0,150.0,150.0,150.0,150.0,150.0,150.0,150.0,150.0,150.0,150.0,150.0,150.0,150.0,150.0,150.0,150.0,150.0,150.0,150.0,150.0,150.0,150.0,150.0,150.0,150.0
MURRAY12,Murray 2,Existing,VIC,150.0,150.0,150.0,150.0,150.0,150.0,150.0,150.0,150.0,150.0,150.0,150.0,150.0,150.0,150.0,150.0,150.0,150.0,150.0,150.0,150.0,150.0,150.0,150.0,150.0,150.0,150.0,150.0,150.0,150.0
MURRAY13,Murray 2,Existing,VIC,0.0,150.0,150.0,150.0,150.0,150.0,150.0,150.0,150.0,150.0,0.0,150.0,150.0,150.0,150.0,150.0,150.0,150.0,150.0,150.0,150.0,0.0,150.0,150.0,150.0,150.0,150.0,150.0,150.0,150.0
MURRAY14,Murray 2,Existing,VIC,150.0,0.0,150.0,150.0,150.0,150.0,150.0,150.0,150.0,150.0,150.0,0.0,150.0,150.0,150.0,150.0,150.0,150.0,150.0,150.0,150.0,150.0,0.0,150.0,150.0,150.0,150.0,150.0,150.0,150.0
PO161-1,Poatina,Existing,TAS,57.0,57.0,57.0,57.0,0.0,0.0,57.0,57.0,57.0,57.0,57.0,57.0,57.0,57.0,0.0,0.0,57.0,57.0,57.0,57.0,57.0,0.0,0.0,57.0,57.0,57.0,57.0,57.0,57.0,57.0
PO162-2,Poatina,Existing,TAS,57.0,57.0,0.0,57.0,57.0,0.0,57.0,57.0,0.0,57.0,57.0,57.0,0.0,57.0,57.0,0.0,57.0,57.0,0.0,57.0,57.0,0.0,0.0,57.0,57.0,57.0,57.0,57.0,57.0,57.0
PO163-3,Poatina,Existing,TAS,57.0,0.0,57.0,57.0,57.0,57.0,57.0,57.0,57.0,57.0,57.0,0.0,57.0,57.0,57.0,57.0,57.0,57.0,57.0,57.0,57.0,0.0,0.0,57.0,57.0,57.0,57.0,57.0,57.0,57.0
PO164-4,Poatina,Existing,TAS,57.0,57.0,57.0,57.0,57.0,57.0,57.0,0.0,57.0,57.0,57.0,57.0,57.0,57.0,57.0,57.0,57.0,0.0,57.0,57.0,57.0,0.0,0.0,57.0,57.0,57.0,57.0,57.0,0.0,57.0
PO165-5,Poatina,Existing,TAS,0.0,57.0,57.0,57.0,57.0,57.0,57.0,57.0,57.0,57.0,0.0,57.0,57.0,57.0,57.0,57.0,57.0,57.0,57.0,57.0,0.0,0.0,0.0,57.0,57.0,57.0,57.0,57.0,0.0,57.0
PO166-6,Poatina,Existing,TAS,57.0,57.0,57.0,57.0,57.0,57.0,0.0,57.0,57.0,57.0,57.0,57.0,57.0,57.0,57.0,57.0,0.0,57.0,57.0,57.0,57.0,0.0,0.0,57.0,57.0,0.0,0.0,57.0,57.0,57.0
REECE1,Reece,Existing,TAS,116.0,0.0,116.0,116.0,119.0,0.0,119.0,119.0,119.0,119.0,116.0,0.0,116.0,116.0,119.0,0.0,119.0,119.0,119.0,119.0,116.0,116.0,116.0,116.0,116.0,116.0,0.0,119.0,119.0,119.0
REECE2,Reece,Existing,TAS,0.0,116.0,116.0,116.0,116.0,119.0,0.0,119.0,119.0,119.0,0.0,116.0,116.0,116.0,116.0,119.0,0.0,119.0,119.0,119.0,116.0,116.0,116.0,116.0,116.0,119.0,119.0,0.0,119.0,119.0
SHGEN01,Shoalhaven,Existing,NSW,41.0,41.0,41.0,41.0,41.0,41.0,41.0,41.0,41.0,41.0,41.0,41.0,41.0,41.0,41.0,41.0,41.0,41.0,41.0,41.0,41.0,41.0,41.0,41.0,41.0,41.0,41.0,41.0,41.0,41.0
SHGEN02,Shoalhaven,Existing,NSW,41.0,41.0,41.0,41.0,41.0,41.0,41.0,41.0,41.0,41.0,41.0,41.0,41.0,41.0,41.0,41.0,41.0,41.0,41.0,41.0,41.0,41.0,41.0,41.0,41.0,41.0,41.0,41.0,41.0,41.0
SHGEN03,Shoalhaven,Existing,NSW,82.5,82.5,82.5,82.5,82.5,82.5,82.5,82.5,82.5,82.5,82.5,82.5,82.5,82.5,82.5,82.5,82.5,82.5,82.5,82.5,82.5,82.5,82.5,82.5,82.5,82.5,82.5,82.5,82.5,82.5
SHGEN04,Shoalhaven,Existing,NSW,82.5,82.5,82.5,82.5,82.5,82.5,82.5,82.5,82.5,82.5,82.5,82.5,82.5,82.5,82.5,82.5,82.5,82.5,82.5,82.5,82.5,82.5,82.5,82.5,82.5,82.5,82.5,82.5,82.5,82.5
TA111-1,Tarraleah,Existing,TAS,14.0,14.0,12.5,12.5,12.5,12.5,12.5,12.5,12.5,12.5,14.0,14.0,12.5,12.5,12.5,12.5,12.5,12.5,12.5,12.5,14.0,0.0,12.5,12.5,12.5,14.0,12.5,12.5,12.5,12.5
TA111-2,Tarraleah,Existing,TAS,14.0,14.0,12.5,12.5,12.5,12.5,12.5,12.5,12.5,12.5,14.0,14.0,12.5,12.5,12.5,12.5,12.5,12.5,12.5,12.5,14.0,14.0,0.0,12.5,12.5,0.0,12.5,12.5,12.5,12.5
TA111-3,Tarraleah,Existing,TAS,0.0,14.0,12.5,12.5,12.5,12.5,12.5,12.5,12.5,12.5,0.0,14.0,12.5,12.5,12.5,12.5,12.5,12.5,12.5,12.5,0.0,14.0,14.0,12.5,12.5,14.0,12.5,12.5,12.5,12.5
TA112-4,Tarraleah,Existing,TAS,0.0,14.0,12.5,12.5,12.5,12.5,12.5,12.5,12.5,12.5,0.0,14.0,12.5,12.5,12.5,12.5,12.5,12.5,12.5,12.5,14.0,14.0,12.5,12.5,12.5,14.0,12.5,12.5,12.5,12.5
TA112-5,Tarraleah,Existing,TAS,0.0,0.0,12.5,12.5,12.5,12.5,12.5,12.5,12.5,12.5,0.0,0.0,12.5,12.5,12.5,12.5,12.5,12.5,12.5,12.5,14.0,14.0,14.0,12.5,12.5,14.0,12.5,12.5,12.5,12.5
TA112-6,Tarraleah,Existing,TAS,14.0,14.0,12.5,12.5,12.5,12.5,12.5,12.5,12.5,12.5,14.0,14.0,12.5,12.5,12.5,12.5,12.5,12.5,12.5,12.5,14.0,14.0,14.0,12.5,12.5,14.0,12.5,12.5,12.5,12.5
TR111-1,Trevallyn,Existing,TAS,20.0,20.0,20.0,20.0,20.0,20.0,20.0,20.0,20.0,20.0,20.0,20.0,20.0,20.0,20.0,20.0,20.0,20.0,20.0,20.0,20.0,20.0,20.0,20.0,20.0,20.0,20.0,20.0,20.0,20.0
TR111-2,Trevallyn,Existing,TAS,20.0,20.0,20.0,20.0,20.0,20.0,20.0,20.0,20.0,20.0,20.0,20.0,20.0,20.0,20.0,20.0,20.0,20.0,20.0,20.0,20.0,20.0,20.0,20.0,20.0,20.0,20.0,20.0,20.0,20.0
TR112-3,Trevallyn,Existing,TAS,30.0,0.0,30.0,0.0,30.0,30.0,30.0,30.0,30.0,30.0,30.0,0.0,30.0,0.0,30.0,30.0,30.0,30.0,30.0,30.0,30.0,30.0,30.0,30.0,30.0,30.0,30.0,30.0,30.0,30.0
TR112-4,Trevallyn,Existing,TAS,0.0,30.0,0.0,30.0,0.0,30.0,30.0,30.0,30.0,30.0,0.0,30.0,0.0,30.0,0.0,30.0,30.0,30.0,30.0,30.0,30.0,30.0,30.0,30.0,30.0,30.0,30.0,30.0,30.0,30.0
TRIBUTE,Tribute,Existing,TAS,88.0,88.0,0.0,88.0,88.0,88.0,88.0,88.0,88.0,88.0,88.0,88.0,0.0,88.0,88.0,88.0,88.0,88.0,88.0,88.0,88.0,88.0,88.0,88.0,88.0,88.0,88.0,88.0,88.0,88.0
TUMUT3_01,Tumut 3,Existing,NSW,300.0,300.0,300.0,300.0,300.0,300.0,300.0,300.0,300.0,300.0,300.0,300.0,300.0,300.0,300.0,300.0,300.0,300.0,300.0,300.0,300.0,300.0,300.0,300.0,300.0,300.0,300.0,300.0,300.0,300.0
TUMUT3_02,Tumut 3,Existing,NSW,300.0,300.0,300.0,300.0,300.0,300.0,300.0,300.0,300.0,300.0,300.0,300.0,300.0,300.0,300.0,300.0,300.0,300.0,300.0,300.0,300.0,300.0,300.0,300.0,300.0,300.0,300.0,300.0,300.0,300.0
TUMUT3_03,Tumut 3,Existing,NSW,300.0,300.0,300.0,300.0,300.0,300.0,300.0,300.0,300.0,300.0,300.0,300.0,300.0,300.0,300.0,300.0,300.0,300.0,300.0,300.0,300.0,300.0,300.0,300.0,300.0,300.0,300.0,300.0,300.0,300.0
TUMUT3_04,Tumut 3,Existing,NSW,300.0,300.0,300.0,300.0,300.0,300.0,300.0,300.0,300.0,300.0,300.0,300.0,300.0,300.0,300.0,300.0,300.0,300.0,300.0,300.0,300.0,300.0,300.0,300.0,300.0,300.0,300.0,300.0,300.0,300.0
TUMUT3_05,Tumut 3,Existing,NSW,300.0,300.0,300.0,300.0,300.0,300.0,300.0,300.0,300.0,300.0,300.0,300.0,300.0,300.0,300.0,300.0,300.0,300.0,300.0,300.0,300.0,300.0,300.0,300.0,300.0,300.0,300.0,300.0,300.0,300.0
TUMUT3_06,Tumut 3,Existing,NSW,300.0,300.0,300.0,300.0,300.0,300.0,300.0,300.0,300.0,300.0,300.0,300.0,300.0,300.0,300.0,300.0,300.0,300.0,300.0,300.0,300.0,300.0,300.0,300.0,300.0,300.0,300.0,300.0,300.0,300.0
TU111-1,Tungatinah,Existing,TAS,26.0,26.0,26.0,26.0,26.0,26.0,26.0,26.0,0.0,26.0,26.0,26.0,26.0,26.0,26.0,26.0,26.0,26.0,0.0,26.0,26.0,26.0,26.0,26.0,26.0,26.0,26.0,26.0,26.0,26.0
TU112-2,Tungatinah,Existing,TAS,26.0,26.0,26.0,26.0,0.0,26.0,26.0,26.0,26.0,26.0,26.0,26.0,26.0,26.0,0.0,26.0,26.0,26.0,26.0,26.0,26.0,26.0,26.0,26.0,0.0,26.0,26.0,26.0,26.0,26.0
TU113-3,Tungatinah,Existing,TAS,26.0,26.0,26.0,26.0,0.0,26.0,26.0,0.0,26.0,26.0,26.0,26.0,26.0,26.0,0.0,26.0,26.0,0.0,26.0,26.0,26.0,26.0,26.0,26.0,26.0,26.0,26.0,26.0,26.0,26.0
TU114-4,Tungatinah,Existing,TAS,0.0,26.0,26.0,26.0,26.0,26.0,26.0,26.0,0.0,26.0,0.0,26.0,26.0,26.0,26.0,26.0,26.0,26.0,0.0,26.0,26.0,26.0,26.0,26.0,26.0,26.0,26.0,26.0,26.0,26.0
TU115-5,Tungatinah,Existing,TAS,26.0,26.0,26.0,26.0,26.0,26.0,26.0,26.0,26.0,26.0,26.0,26.0,26.0,26.0,26.0,26.0,26.0,26.0,26.0,26.0,26.0,26.0,0.0,26.0,26.0,26.0,26.0,26.0,26.0,26.0
TUMUT1_01,Upper Tumut,Existing,NSW,93.0,93.0,93.0,93.0,0.0,93.0,93.0,93.0,93.0,93.0,93.0,93.0,93.0,93.0,0.0,93.0,93.0,93.0,93.0,93.0,93.0,93.0,93.0,93.0,93.0,93.0,93.0,93.0,93.0,93.0
TUMUT1_02,Upper Tumut,Existing,NSW,93.0,93.0,0.0,93.0,93.0,93.0,93.0,93.0,93.0,93.0,93.0,93.0,0.0,93.0,93.0,93.0,93.0,93.0,93.0,93.0,93.0,93.0,93.0,93.0,93.0,93.0,93.0,93.0,93.0,93.0
TUMUT1_03,Upper Tumut,Existing,NSW,93.0,93.0,93.0,0.0,93.0,93.0,93.0,93.0,93.0,93.0,93.0,93.0,93.0,0.0,93.0,93.0,93.0,93.0,93.0,93.0,93.0,93.0,93.0,0.0,93.0,93.0,93.0,93.0,93.0,93.0
TUMUT1_04,Upper Tumut,Existing,NSW,93.0,93.0,93.0,93.0,93.0,93.0,93.0,93.0,93.0,93.0,93.0,93.0,93.0,93.0,93.0,93.0,93.0,93.0,93.0,93.0,93.0,93.0,93.0,93.0,93.0,93.0,93.0,93.0,93.0,93.0
TUMUT2_01,Upper Tumut,Existing,NSW,73.0,73.0,73.0,73.0,73.0,73.0,73.0,73.0,73.0,73.0,73.0,73.0,73.0,73.0,73.0,73.0,73.0,73.0,73.0,73.0,73.0,73.0,73.0,73.0,73.0,73.0,0.0,73.0,73.0,73.0
TUMUT2_02,Upper Tumut,Existing,NSW,73.0,73.0,73.0,73.0,73.0,73.0,73.0,73.0,73.0,73.0,73.0,73.0,73.0,73.0,73.0,73.0,73.0,73.0,73.0,73.0,73.0,73.0,73.0,73.0,73.0,73.0,73.0,0.0,73.0,73.0
TUMUT2_03,Upper Tumut,Existing,NSW,73.0,0.0,73.0,73.0,73.0,73.0,73.0,73.0,73.0,73.0,73.0,0.0,73.0,73.0,73.0,73.0,73.0,73.0,73.0,73.0,73.0,73.0,73.0,73.0,73.0,73.0,73.0,73.0,0.0,73.0
TUMUT2_04,Upper Tumut,Existing,NSW,73.0,73.0,73.0,73.0,73.0,73.0,73.0,73.0,73.0,73.0,73.0,73.0,73.0,73.0,73.0,73.0,73.0,73.0,73.0,73.0,73.0,73.0,73.0,73.0,73.0,73.0,73.0,73.0,73.0,73.0
WKIEWA1_1,West Kiewa,Existing,VIC,17.0,17.0,17.0,17.0,17.0,17.0,17.0,17.0,17.0,17.0,17.0,17.0,17.0,17.0,17.0,17.0,17.0,17.0,17.0,17.0,17.0,17.0,17.0,17.0,17.0,17.0,17.0,17.0,17.0,17.0
WKIEWA1_2,West Kiewa,Existing,VIC,17.0,17.0,17.0,17.0,17.0,17.0,17.0,17.0,17.0,17.0,17.0,17.0,17.0,17.0,17.0,17.0,17.0,17.0,17.0,17.0,17.0,17.0,17.0,17.0,17.0,17.0,17.0,17.0,17.0,17.0
WKIEWA2_1,West Kiewa,Existing,VIC,17.0,17.0,17.0,17.0,17.0,17.0,17.0,17.0,17.0,17.0,17.0,17.0,17.0,17.0,17.0,17.0,17.0,17.0,17.0,17.0,17.0,17.0,17.0,17.0,17.0,17.0,17.0,17.0,17.0,17.0
WKIEWA2_2,West Kiewa,Existing,VIC,17.0,17.0,17.0,17.0,17.0,17.0,17.0,17.0,17.0,17.0,17.0,17.0,17.0,17.0,17.0,17.0,17.0,17.0,17.0,17.0,17.0,17.0,17.0,17.0,17.0,17.0,17.0,17.0,17.0,17.0
W/HOE#1,Wivenhoe,Existing,QLD,285.0,285.0,285.0,285.0,285.0,285.0,285.0,285.0,285.0,285.0,285.0,285.0,285.0,285.0,285.0,285.0,285.0,285.0,285.0,285.0,285.0,285.0,285.0,285.0,285.0,285.0,285.0,285.0,285.0,285.0
W/HOE#2,Wivenhoe,Existing,QLD,285.0,285.0,285.0,285.0,285.0,285.0,285.0,285.0,285.0,285.0,285.0,285.0,285.0,285.0,285.0,285.0,285.0,285.0,285.0,285.0,285.0,285.0,285.0,285.0,285.0,285.0,285.0,285.0,285.0,285.0
BANN1,Bannerton Solar Park,Existing,VIC,84.0,84.0,84.0,84.0,84.0,84.0,84.0,84.0,84.0,84.0,84.0,84.0,84.0,84.0,84.0,84.0,84.0,84.0,84.0,84.0,88.0,88.0,88.0,88.0,88.0,88.0,88.0,88.0,88.0,88.0
BERYLSF1,Beryl Solar Farm,Existing,NSW,77.4,77.4,77.4,77.4,77.4,77.4,77.4,77.4,77.4,77.4,82.8,82.8,82.8,82.8,82.8,82.8,82.8,82.8,82.8,82.8,87.0,87.0,87.0,87.0,87.0,87.0,87.0,87.0,87.0,87.0
BOWWPV1,Bolivar Waste Water Treatment Solar Farm,Existing,SA,6.2,6.2,6.2,6.2,6.2,6.2,6.2,6.2,6.2,6.2,6.3,6.3,6.3,6.3,6.3,6.3,6.3,6.3,6.3,6.3,6.9,6.9,6.9,6.9,6.9,6.9,6.9,6.9,6.9,6.9
BOMENSF1,Bomen Solar Farm,Existing,NSW,97.7,97.7,97.7,97.7,97.7,97.7,97.7,97.7,97.7,97.7,99.0,99.0,99.0,99.0,99.0,99.0,99.0,99.0,99.0,99.0,99.9,99.9,99.9,99.9,99.9,99.9,99.9,99.9,99.9,99.9
BROKENH1,Broken Hill Solar Farm,Existing,NSW,53.0,53.0,53.0,53.0,53.0,53.0,53.0,53.0,53.0,53.0,53.0,53.0,53.0,53.0,53.0,53.0,53.0,53.0,53.0,53.0,53.0,53.0,53.0,53.0,53.0,53.0,53.0,53.0,53.0,53.0
BNGSF1,Bungala One Solar Farm,Existing,SA,104.8,104.8,104.8,104.8,104.8,104.8,104.8,104.8,104.8,104.8,109.6,109.6,109.6,109.6,109.6,109.6,109.6,109.6,109.6,109.6,109.6,109.6,109.6,109.6,109.6,109.6,109.6,109.6,109.6,109.6
BNGSF2,Bungala Two Solar Farm,Existing,SA,104.8,104.8,104.8,104.8,104.8,104.8,104.8,104.8,104.8,104.8,109.6,109.6,109.6,109.6,109.6,109.6,109.6,109.6,109.6,109.6,109.6,109.6,109.6,109.6,109.6,109.6,109.6,109.6,109.6,109.6
CHILDSF1,Childers Solar Farm,Existing,QLD,55.9,55.9,55.9,55.9,55.9,55.9,55.9,55.9,55.9,55.9,55.9,55.9,55.9,55.9,55.9,55.9,55.9,55.9,55.9,55.9,55.9,55.9,55.9,55.9,55.9,55.9,55.9,55.9,55.9,55.9
CLARESF1,Clare Solar Farm,Existing,QLD,95.2,95.2,95.2,95.2,95.2,95.2,95.2,95.2,95.2,95.2,96.6,96.6,96.6,96.6,96.6,96.6,96.6,96.6,96.6,96.6,100.0,100.0,100.0,100.0,100.0,100.0,100.0,100.0,100.0,100.0
CLERMSF1,Clermont Solar Farm,Existing,QLD,71.4,71.4,71.4,71.4,71.4,71.4,71.4,71.4,71.4,71.4,72.9,72.9,72.9,72.9,72.9,72.9,72.9,72.9,72.9,72.9,75.0,75.0,75.0,75.0,75.0,75.0,75.0,75.0,75.0,75.0
COLEASF1,Coleambally Solar Farm,Existing,NSW,150.0,150.0,150.0,150.0,150.9,150.0,150.0,150.0,150.0,150.0,150.0,150.0,150.0,150.0,150.9,150.0,150.0,150.0,150.0,150.0,150.0,150.0,150.0,150.0,150.0,150.0,150.0,150.0,150.0,150.0
CSPVPS1,Collinsville Solar Farm,Existing,QLD,40.0,40.0,40.0,40.0,40.0,40.0,40.0,40.0,40.0,40.0,41.3,41.3,41.3,41.3,41.3,41.3,41.3,41.3,41.3,41.3,42.5,42.5,42.5,42.5,42.5,42.5,42.5,42.5,42.5,42.5
DDSF1,Darling Downs Solar Farm,Existing,QLD,108.5,108.5,108.5,108.5,108.5,108.5,108.5,108.5,108.5,108.5,108.5,108.5,108.5,108.5,108.5,108.5,108.5,108.5,108.5,108.5,108.5,108.5,108.5,108.5,108.5,108.5,108.5,108.5,108.5,108.5
DARLSF1,Darlington Point Solar Farm,Existing,NSW,263.3,263.3,263.3,263.3,263.3,263.3,263.3,263.3,263.3,263.3,266.0,266.0,266.0,266.0,266.0,266.0,266.0,266.0,266.0,266.0,275.0,275.0,275.0,275.0,275.0,275.0,275.0,275.0,275.0,275.0
DAYDSF1,Daydream Solar Farm,Existing,QLD,145.8,145.8,145.8,145.8,145.8,145.8,145.8,145.8,145.8,145.8,147.1,147.1,147.1,147.1,147.1,147.1,147.1,147.1,147.1,147.1,150.0,150.0,150.0,150.0,150.0,150.0,150.0,150.0,150.0,150.0
EMERASF1,Emerald Solar Farm,Existing,QLD,67.7,67.7,67.7,67.7,67.7,67.7,67.7,67.7,67.7,67.7,69.1,69.1,69.1,69.1,69.1,69.1,69.1,69.1,69.1,69.1,72.0,72.0,72.0,72.0,72.0,72.0,72.0,72.0,72.0,72.0
FINLYSF1,Finley Solar Farm,Existing,NSW,116.7,116.7,116.7,116.7,116.7,116.7,116.7,116.7,116.7,116.7,130.0,130.0,130.0,130.0,130.0,130.0,130.0,130.0,130.0,130.0,132.7,132.7,132.7,132.7,132.7,132.7,132.7,132.7,132.7,132.7
GANNSF1,Gannawarra Solar Farm,Existing,VIC,47.8,47.8,47.8,47.8,47.8,47.8,47.8,47.8,47.8,47.8,49.0,49.0,49.0,49.0,49.0,49.0,49.0,49.0,49.0,49.0,50.0,50.0,50.0,50.0,50.0,50.0,50.0,50.0,50.0,50.0
GLENSF1,Glenrowan Solar Farm,Existing,VIC,102.0,102.0,102.0,102.0,102.0,102.0,102.0,102.0,102.0,102.0,102.0,102.0,102.0,102.0,102.0,102.0,102.0,102.0,102.0,102.0,102.0,102.0,102.0,102.0,102.0,102.0,102.0,102.0,102.0,102.0
GLRWNSF1,Glenrowan West Solar Farm,Existing,VIC,103.0,103.0,103.0,103.0,103.0,103.0,103.0,103.0,103.0,103.0,106.9,106.9,106.9,106.9,106.9,106.9,106.9,106.9,106.9,106.9,110.0,110.0,110.0,110.0,110.0,110.0,110.0,110.0,110.0,110.0
GOONSF1,Goonumbla Solar Farm,Existing,NSW,67.7,67.7,67.7,67.7,67.7,67.7,67.7,67.7,67.7,67.7,69.3,69.3,69.3,69.3,69.3,69.3,69.3,69.3,69.3,69.3,69.8,69.8,69.8,69.8,69.8,69.8,69.8,69.8,69.8,69.8
GULLRSF1,Gullen Range Solar Farm,Existing,NSW,10.0,10.0,10.0,10.0,10.0,10.0,10.0,10.0,10.0,10.0,10.0,10.0,10.0,10.0,10.0,10.0,10.0,10.0,10.0,10.0,10.0,10.0,10.0,10.0,10.0,10.0,10.0,10.0,10.0,10.0
GNNDHSF1,Gunnedah Solar Farm,Existing,NSW,110.0,110.0,110.0,110.0,110.0,110.0,110.0,110.0,110.0,110.0,110.0,110.0,110.0,110.0,110.0,110.0,110.0,110.0,110.0,110.0,110.0,110.0,110.0,110.0,110.0,110.0,110.0,110.0,110.0,110.0
HAMISF1,Hamilton Solar Farm,Existing,QLD,54.1,54.1,54.1,54.1,54.1,54.1,54.1,54.1,54.1,54.1,54.9,54.9,54.9,54.9,54.9,54.9,54.9,54.9,54.9,54.9,56.0,56.0,56.0,56.0,56.0,56.0,56.0,56.0,56.0,56.0
HVWWPV1,Happy Valley Reservoir,Existing,SA,7.8,7.8,7.8,7.8,7.8,7.8,7.8,7.8,7.8,7.8,8.0,8.0,8.0,8.0,8.0,8.0,8.0,8.0,8.0,8.0,8.2,8.2,8.2,8.2,8.2,8.2,8.2,8.2,8.2,8.2
HAUGHT11,Haughton Solar Farm,Existing,QLD,100.0,100.0,100.0,100.0,100.0,100.0,100.0,100.0,100.0,100.0,100.0,100.0,100.0,100.0,100.0,100.0,100.0,100.0,100.0,100.0,100.0,100.0,100.0,100.0,100.0,100.0,100.0,100.0,100.0,100.0
HAYMSF1,Hayman Solar Farm,Existing,QLD,47.8,47.8,47.8,47.8,47.8,47.8,47.8,47.8,47.8,47.8,48.0,48.0,48.0,48.0,48.0,48.0,48.0,48.0,48.0,48.0,50.0,50.0,50.0,50.0,50.0,50.0,50.0,50.0,50.0,50.0
HILLSTN1,Hillston Sun Farm,Existing,NSW,76.5,76.5,76.5,76.5,76.5,76.5,76.5,76.5,76.5,76.5,85.0,85.0,85.0,85.0,85.0,85.0,85.0,85.0,85.0,85.0,85.0,85.0,85.0,85.0,85.0,85.0,85.0,85.0,85.0,85.0
HUGSF1,Hughenden Solar Farm,Existing,QLD,21.1,21.1,21.1,21.1,21.1,21.1,21.1,21.1,21.1,21.1,21.1,21.1,21.1,21.1,21.1,21.1,21.1,21.1,21.1,21.1,21.1,21.1,21.1,21.1,21.1,21.1,21.1,21.1,21.1,21.1
JEMALNG1,Jemalong Solar,Existing,NSW,50.0,50.0,50.0,50.0,50.0,50.0,50.0,50.0,50.0,50.0,50.0,50.0,50.0,50.0,50.0,50.0,50.0,50.0,50.0,50.0,50.0,50.0,50.0,50.0,50.0,50.0,50.0,50.0,50.0,50.0
JUNEESF1,Junee Solar Farm,Existing,NSW,30.0,30.0,30.0,30.0,30.0,30.0,30.0,30.0,30.0,30.0,30.0,30.0,30.0,30.0,30.0,30.0,30.0,30.0,30.0,30.0,30.0,30.0,30.0,30.0,30.0,30.0,30.0,30.0,30.0,30.0
KARSF1,Karadoc Solar Farm,Existing,VIC,90.0,90.0,90.0,90.0,90.0,90.0,90.0,90.0,90.0,90.0,90.0,90.0,90.0,90.0,90.0,90.0,90.0,90.0,90.0,90.0,90.0,90.0,90.0,90.0,90.0,90.0,90.0,90.0,90.0,90.0
KIAMSF1,Kiamal Solar Farm stage 1,Existing,VIC,189.0,189.0,189.0,189.0,189.0,189.0,189.0,189.0,189.0,189.0,198.0,198.0,198.0,198.0,198.0,198.0,198.0,198.0,198.0,198.0,0.0,200.0,200.0,200.0,200.0,200.0,200.0,200.0,200.0,200.0
KSP1,Kidston Solar Farm,Existing,QLD,48.5,48.5,48.5,48.5,48.5,48.5,48.5,48.5,48.5,48.5,48.5,48.5,48.5,48.5,48.5,48.5,48.5,48.5,48.5,48.5,48.5,48.5,48.5,48.5,48.5,48.5,48.5,48.5,48.5,48.5
LILYSF1,Lilyvale Solar Farm,Existing,QLD,97.5,97.5,97.5,97.5,97.5,97.5,97.5,97.5,97.5,97.5,98.8,98.8,98.8,98.8,98.8,98.8,98.8,98.8,98.8,98.8,100.0,100.0,100.0,100.0,100.0,100.0,100.0,100.0,100.0,100.0
LIMOSF11,Limondale Solar Farm 1,Existing,NSW,207.1,207.1,207.1,207.1,207.1,207.1,207.1,207.1,207.1,207.1,220.0,220.0,220.0,220.0,220.0,220.0,220.0,220.0,220.0,220.0,220.0,220.0,220.0,220.0,220.0,220.0,220.0,220.0,220.0,220.0
LIMOSF21,Limondale Solar Farm 2,Existing,NSW,29.0,29.0,29.0,29.0,29.0,29.0,29.0,29.0,29.0,29.0,29.0,29.0,29.0,29.0,29.0,29.0,29.0,29.0,29.0,29.0,29.0,29.0,29.0,29.0,29.0,29.0,29.0,29.0,29.0,29.0
LRSF1,Longreach Solar Farm,Existing,QLD,15.0,15.0,15.0,15.0,15.0,15.0,15.0,15.0,15.0,15.0,15.0,15.0,15.0,15.0,15.0,15.0,15.0,15.0,15.0,15.0,15.0,15.0,15.0,15.0,15.0,15.0,15.0,15.0,15.0,15.0
MANSLR1,Manildra Solar Farm,Existing,NSW,43.4,43.4,43.4,43.4,43.4,43.4,43.4,43.4,43.4,43.4,45.4,45.4,45.4,45.4,45.4,45.4,45.4,45.4,45.4,45.4,46.7,46.7,46.7,46.7,46.7,46.7,46.7,46.7,46.7,46.7
MAPS2PV1,Mannum Adelaide Pumping Station No 2 - MAPL2 (Palmer),Existing,SA,12.6,12.6,12.6,12.6,12.6,12.6,12.6,12.6,12.6,12.6,13.0,13.0,13.0,13.0,13.0,13.0,13.0,13.0,13.0,13.0,13.4,13.4,13.4,13.4,13.4,13.4,13.4,13.4,13.4,13.4
MAPS3PV1,Mannum Adelaide Pumping Station No 3 - MAPL3 (Tungkillo),Existing,SA,11.5,11.5,11.5,11.5,11.5,11.5,11.5,11.5,11.5,11.5,11.7,11.7,11.7,11.7,11.7,11.7,11.7,11.7,11.7,11.7,12.4,12.4,12.4,12.4,12.4,12.4,12.4,12.4,12.4,12.4
MARYRSF1,Maryrorough Solar Farm,Existing,QLD,27.3,27.3,27.3,27.3,27.3,27.3,27.3,27.3,27.3,27.3,27.3,27.3,27.3,27.3,27.3,27.3,27.3,27.3,27.3,27.3,27.3,27.3,27.3,27.3,27.3,27.3,27.3,27.3,27.3,27.3
MIDDLSF1,Middlemount Solar Farm,Existing,QLD,26.0,26.0,26.0,26.0,26.0,26.0,26.0,26.0,26.0,26.0,26.0,26.0,26.0,26.0,26.0,26.0,26.0,26.0,26.0,26.0,26.0,26.0,26.0,26.0,26.0,26.0,26.0,26.0,26.0,26.0
MOLNGSF1,Molong Solar Farm,Existing,NSW,32.4,32.4,32.4,32.4,32.4,32.4,32.4,32.4,32.4,32.4,36.0,36.0,36.0,36.0,36.0,36.0,36.0,36.0,36.0,36.0,36.0,36.0,36.0,36.0,36.0,36.0,36.0,36.0,36.0,36.0
MOREESF1,Moree Solar Farm,Existing,NSW,56.0,56.0,56.0,56.0,56.0,56.0,56.0,56.0,56.0,56.0,56.0,56.0,56.0,56.0,56.0,56.0,56.0,56.0,56.0,56.0,56.0,56.0,56.0,56.0,56.0,56.0,56.0,56.0,56.0,56.0
MWPS1PV1,Morgan To Whyalla Pipeline No 1 PS And Water Filtration Plant,Existing,SA,4.1,4.1,4.1,4.1,4.1,4.1,4.1,4.1,4.1,4.1,4.2,4.2,4.2,4.2,4.2,4.2,4.2,4.2,4.2,4.2,4.6,4.6,4.6,4.6,4.6,4.6,4.6,4.6,4.6,4.6
MWPS2PV1,Morgan To Whyalla Pipeline No 2 PS,Existing,SA,4.1,4.1,4.1,4.1,4.1,4.1,4.1,4.1,4.1,4.1,4.2,4.2,4.2,4.2,4.2,4.2,4.2,4.2,4.2,4.2,4.6,4.6,4.6,4.6,4.6,4.6,4.6,4.6,4.6,4.6
MWPS3PV1,Morgan To Whyalla Pipeline No 3 PS,Existing,SA,5.7,5.7,5.7,5.7,5.7,5.7,5.7,5.7,5.7,5.7,5.9,5.9,5.9,5.9,5.9,5.9,5.9,5.9,5.9,5.9,6.2,6.2,6.2,6.2,6.2,6.2,6.2,6.2,6.2,6.2
MWPS4PV1,Morgan To Whyalla Pipeline No 4 PS,Existing,SA,4.1,4.1,4.1,4.1,4.1,4.1,4.1,4.1,4.1,4.1,4.2,4.2,4.2,4.2,4.2,4.2,4.2,4.2,4.2,4.2,4.6,4.6,4.6,4.6,4.6,4.6,4.6,4.6,4.6,4.6
MOUSF1,Moura Solar Farm,Existing,QLD,81.7,81.7,81.7,81.7,81.7,81.7,81.7,81.7,81.7,81.7,81.7,81.7,81.7,81.7,81.7,81.7,81.7,81.7,81.7,81.7,81.7,81.7,81.7,81.7,81.7,81.7,81.7,81.7,81.7,81.7
MBPS2PV1,Murray Bridge - Onkaparinga Pipeline Pump 2,Existing,SA,9.6,9.6,9.6,9.6,9.6,9.6,9.6,9.6,9.6,9.6,9.7,9.7,9.7,9.7,9.7,9.7,9.7,9.7,9.7,9.7,10.3,10.3,10.3,10.3,10.3,10.3,10.3,10.3,10.3,10.3
NEVERSF1,Nevertire Solar Farm,Existing,NSW,104.6,104.6,104.6,104.6,104.6,104.6,104.6,104.6,104.6,104.6,104.6,104.6,104.6,104.6,104.6,104.6,104.6,104.6,104.6,104.6,104.6,104.6,104.6,104.6,104.6,104.6,104.6,104.6,104.6,104.6
NEWENSF1,New England Solar Farm,Existing,NSW,200.0,200.0,200.0,200.0,200.0,200.0,200.0,200.0,200.0,200.0,200.0,200.0,200.0,200.0,200.0,200.0,200.0,200.0,200.0,200.0,200.0,200.0,200.0,200.0,200.0,200.0,200.0,200.0,200.0,200.0
NEWENSF2,New England Solar Farm,Existing,NSW,200.0,200.0,200.0,200.0,200.0,200.0,200.0,200.0,200.0,200.0,200.0,200.0,200.0,200.0,200.0,200.0,200.0,200.0,200.0,200.0,200.0,200.0,200.0,200.0,200.0,200.0,200.0,200.0,200.0,200.0
NUMURSF1,Numurkah Solar Farm,Existing,VIC,66.0,66.0,66.0,66.0,66.0,66.0,66.0,66.0,66.0,66.0,66.0,66.0,66.0,66.0,66.0,66.0,66.0,66.0,66.0,66.0,66.0,66.0,66.0,66.0,66.0,66.0,66.0,66.0,66.0,66.0
NYNGAN1,Nyngan Solar Plant,Existing,NSW,102.0,102.0,102.0,102.0,102.0,102.0,102.0,102.0,102.0,102.0,102.0,102.0,102.0,102.0,102.0,102.0,102.0,102.0,102.0,102.0,102.0,102.0,102.0,102.0,102.0,102.0,102.0,102.0,102.0,102.0
OAKEY1SF,Oakey 1 Solar Farm,Existing,QLD,23.1,23.1,23.1,23.1,23.1,23.1,23.1,23.1,23.1,23.1,24.2,24.2,24.2,24.2,24.2,24.2,24.2,24.2,24.2,24.2,25.0,25.0,25.0,25.0,25.0,25.0,25.0,25.0,25.0,25.0
OAKEY2SF,Oakey 2 Solar Farm,Existing,QLD,52.3,52.3,52.3,52.3,52.3,52.3,52.3,52.3,52.3,52.3,53.4,53.4,53.4,53.4,53.4,53.4,53.4,53.4,53.4,53.4,55.0,55.0,55.0,55.0,55.0,55.0,55.0,55.0,55.0,55.0
PARSF1,Parkes Solar Farm,Existing,NSW,49.5,49.5,49.5,49.5,49.5,49.5,49.5,49.5,49.5,49.5,49.5,49.5,49.5,49.5,49.5,49.5,49.5,49.5,49.5,49.5,49.5,49.5,49.5,49.5,49.5,49.5,49.5,49.5,49.5,49.5
PAREPS1,Port Augusta Renewable Energy Park - Solar,Existing,SA,77.0,77.0,77.0,77.0,77.0,77.0,77.0,77.0,77.0,77.0,77.0,77.0,77.0,77.0,77.0,77.0,77.0,77.0,77.0,77.0,77.0,77.0,77.0,77.0,77.0,77.0,77.0,77.0,77.0,77.0
RRSF1,Ross River Solar Farm,Existing,QLD,116.0,116.0,116.0,116.0,116.0,116.0,116.0,116.0,116.0,116.0,116.0,116.0,116.0,116.0,116.0,116.0,116.0,116.0,116.0,116.0,116.0,116.0,116.0,116.0,116.0,116.0,116.0,116.0,116.0,116.0
RUGBYR1,Rugby Run Solar Farm,Existing,QLD,65.0,65.0,65.0,65.0,65.0,65.0,65.0,65.0,65.0,65.0,65.0,65.0,65.0,65.0,65.0,65.0,65.0,65.0,65.0,65.0,65.0,65.0,65.0,65.0,65.0,65.0,65.0,65.0,65.0,65.0
SMCSF1,Sun Metals Corporation Solar Farm,Existing,QLD,120.1,120.1,120.1,120.1,120.1,120.1,120.1,120.1,120.1,120.1,121.2,121.2,121.2,121.2,121.2,121.2,121.2,121.2,121.2,121.2,117.0,117.0,117.0,117.0,117.0,117.0,117.0,117.0,117.0,117.0
SUNRSF1,Sunraysia Solar Farm,Existing,NSW,191.4,191.4,191.4,191.4,191.4,191.4,191.4,191.4,191.4,191.4,199.7,199.7,199.7,199.7,199.7,199.7,199.7,199.7,199.7,199.7,199.7,199.7,199.7,199.7,199.7,199.7,199.7,199.7,199.7,199.7
SUNTPSF1,Suntop Solar Farm,Existing,NSW,150.0,150.0,150.0,150.0,150.0,150.0,150.0,150.0,150.0,150.0,150.0,150.0,150.0,150.0,150.0,150.0,150.0,150.0,150.0,150.0,150.0,150.0,150.0,150.0,150.0,150.0,150.0,150.0,150.0,150.0
SRSF1,Susan River Solar Farm,Existing,QLD,75.0,75.0,75.0,75.0,75.0,75.0,75.0,75.0,75.0,75.0,75.0,75.0,75.0,75.0,75.0,75.0,75.0,75.0,75.0,75.0,75.0,75.0,75.0,75.0,75.0,75.0,75.0,75.0,75.0,75.0
TBSF1,Tailem Bend Solar Farm,Existing,SA,95.0,95.0,95.0,95.0,95.0,95.0,95.0,95.0,95.0,95.0,95.0,95.0,95.0,95.0,95.0,95.0,95.0,95.0,95.0,95.0,95.0,95.0,95.0,95.0,95.0,95.0,95.0,95.0,95.0,95.0
WARWSF1,Warwick Solar Farm - stage 1,Existing,QLD,0.0,32.0,32.0,32.0,32.0,32.0,32.0,32.0,32.0,32.0,0.0,32.0,32.0,32.0,32.0,32.0,32.0,32.0,32.0,32.0,0.0,32.0,32.0,32.0,32.0,32.0,32.0,32.0,32.0,32.0
WARWSF2,Warwick Solar Farm - stage 2,Existing,QLD,0.0,32.0,32.0,32.0,32.0,32.0,32.0,32.0,32.0,32.0,0.0,32.0,32.0,32.0,32.0,32.0,32.0,32.0,32.0,32.0,0.0,28.1,32.0,32.0,32.0,32.0,32.0,32.0,32.0,32.0
WELLSF1,Wellington Solar Farm,Existing,NSW,160.4,160.4,160.4,160.4,160.4,160.4,160.4,160.4,160.4,160.4,168.3,168.3,168.3,168.3,168.3,168.3,168.3,168.3,168.3,168.3,169.9,169.9,169.9,169.9,169.9,169.9,169.9,169.9,169.9,169.9
WEMENSF1,Wemen Solar Farm,Existing,VIC,82.4,82.4,82.4,82.4,82.4,82.4,82.4,82.4,82.4,82.4,85.5,85.5,85.5,85.5,85.5,85.5,85.5,85.5,85.5,85.5,88.0,88.0,88.0,88.0,88.0,88.0,88.0,88.0,88.0,88.0
WSTWYSF1,West Wyalong Solar Farm,Existing,NSW,90.0,90.0,90.0,90.0,90.0,90.0,90.0,90.0,90.0,90.0,90.0,90.0,90.0,90.0,90.0,90.0,90.0,90.0,90.0,90.0,90.0,90.0,90.0,90.0,90.0,90.0,90.0,90.0,90.0,90.0
WDGPH1,Western Downs Green Power Hub,Existing,QLD,395.0,395.0,395.0,395.0,395.0,395.0,395.0,395.0,395.0,395.0,400.0,400.0,400.0,400.0,400.0,400.0,400.0,400.0,400.0,400.0,400.0,400.0,400.0,400.0,400.0,400.0,400.0,400.0,400.0,400.0
WRSF1,White Rock Solar Farm,Existing,NSW,20.0,20.0,20.0,20.0,20.0,20.0,20.0,20.0,20.0,20.0,20.0,20.0,20.0,20.0,20.0,20.0,20.0,20.0,20.0,20.0,20.0,20.0,20.0,20.0,20.0,20.0,20.0,20.0,20.0,20.0
WHITSF1,Whitsunday Solar Farm,Existing,QLD,54.1,54.1,54.1,54.1,54.1,54.1,54.1,54.1,54.1,54.1,54.9,54.9,54.9,54.9,54.9,54.9,54.9,54.9,54.9,54.9,56.0,56.0,56.0,56.0,56.0,56.0,56.0,56.0,56.0,56.0
WINTSF1,Winton Solar Farm,Existing,VIC,85.0,85.0,85.0,85.0,85.0,85.0,85.0,85.0,85.0,85.0,85.0,85.0,85.0,85.0,85.0,85.0,85.0,85.0,85.0,85.0,85.0,85.0,85.0,85.0,85.0,85.0,85.0,85.0,85.0,85.0
WOOLGSF1,Woolooga Solar Farm,Existing,QLD,175.2,175.2,175.2,175.2,175.2,175.2,175.2,175.2,175.2,175.2,176.0,176.0,176.0,176.0,176.0,176.0,176.0,176.0,176.0,176.0,176.0,176.0,176.0,176.0,176.0,176.0,176.0,176.0,176.0,176.0
YARANSF1,Yarranlea Solar Farm,Existing,QLD,103.0,103.0,103.0,103.0,103.0,103.0,103.0,103.0,103.0,103.0,103.0,121.0,103.0,103.0,103.0,103.0,103.0,103.0,103.0,103.0,103.0,103.0,103.0,103.0,103.0,103.0,103.0,103.0,103.0,103.0
YATSF1,Yatpool Solar Farm,Existing,VIC,79.2,79.2,79.2,79.2,79.2,79.2,79.2,79.2,79.2,79.2,81.0,81.0,81.0,81.0,81.0,81.0,81.0,81.0,81.0,81.0,81.0,81.0,81.0,81.0,81.0,81.0,81.0,81.0,81.0,81.0
ARWF1,Ararat Wind Farm,Existing,VIC,150.0,150.0,150.0,150.0,150.0,150.0,150.0,150.0,150.0,150.0,240.0,240.0,240.0,240.0,240.0,240.0,240.0,240.0,240.0,240.0,240.0,240.0,240.0,240.0,240.0,240.0,240.0,240.0,240.0,240.0
BALDHWF1,Bald Hills Wind Farm,Existing,VIC,106.0,106.0,106.0,106.0,106.0,106.0,106.0,106.0,106.0,106.0,106.0,106.0,106.0,106.0,106.0,106.0,106.0,106.0,106.0,106.0,106.0,106.0,106.0,106.0,106.0,106.0,106.0,106.0,106.0,106.0
BANGOWF1,Bango 973 Wind Farm,Existing,NSW,0.0,0.0,0.0,0.0,0.0,0.0,0.0,0.0,0.0,0.0,155.0,155.0,155.0,155.0,155.0,155.0,155.0,155.0,155.0,155.0,155.0,155.0,155.0,155.0,155.0,155.0,155.0,155.0,155.0,155.0
BANGOWF2,Bango 999 Wind Farm,Existing,NSW,0.0,0.0,0.0,0.0,0.0,0.0,0.0,0.0,0.0,0.0,82.0,82.0,82.0,82.0,82.0,82.0,82.0,82.0,82.0,82.0,82.0,82.0,82.0,82.0,82.0,82.0,82.0,82.0,82.0,82.0
BRYB1WF1,Berrybank Wind Farm,Existing,VIC,175.9,175.9,175.9,175.9,175.9,175.9,175.9,175.9,175.9,175.9,175.9,175.9,175.9,175.9,175.9,175.9,175.9,175.9,175.9,175.9,175.9,175.9,175.9,175.9,175.9,175.9,175.9,175.9,175.9,175.9
BRYB2WF2,Berrybank Wind Farm,Existing,VIC,105.2,105.2,105.2,105.2,105.2,105.2,105.2,105.2,105.2,105.2,105.2,105.2,105.2,105.2,105.2,105.2,105.2,105.2,105.2,105.2,105.2,105.2,105.2,105.2,105.2,105.2,105.2,105.2,105.2,105.2
BOCORWF1,Boco Rock Wind Farm,Existing,NSW,104.1,104.1,104.1,104.1,104.1,104.1,104.1,104.1,104.1,104.1,113.199999999999,113.199999999999,113.199999999999,113.199999999999,113.199999999999,113.199999999999,113.199999999999,113.199999999999,113.199999999999,113.199999999999,113.199999999999,113.199999999999,113.199999999999,113.199999999999,113.199999999999,113.199999999999,113.199999999999,113.199999999999,113.199999999999,113.199999999999
BODWF1,Bodangora Wind Farm,Existing,NSW,111.3,111.3,111.3,111.3,111.3,111.3,111.3,111.3,111.3,111.3,111.3,111.3,111.3,111.3,111.3,111.3,111.3,111.3,111.3,111.3,111.3,111.3,111.3,111.3,111.3,111.3,111.3,111.3,111.3,111.3
BULGANA1,Bulgana Green Power Hub - Wind Farm,Existing,VIC,204.4,204.4,204.4,204.4,204.4,204.4,204.4,204.4,204.4,204.4,204.4,204.4,204.4,204.4,204.4,204.4,204.4,204.4,204.4,204.4,204.4,204.4,204.4,204.4,204.4,204.4,204.4,204.4,204.4,204.4
CNUNDAWF,Canunda Wind Farm,Existing,SA,0.0,0.0,0.0,0.0,0.0,0.0,0.0,0.0,0.0,0.0,46.0,46.0,46.0,46.0,46.0,46.0,46.0,46.0,46.0,46.0,46.0,46.0,46.0,46.0,46.0,46.0,46.0,46.0,46.0,46.0
CAPTL_WF,Capital Wind Farm,Existing,NSW,140.7,140.7,140.7,140.7,140.7,140.7,140.7,140.7,140.7,140.7,140.7,140.7,140.7,140.7,140.7,140.7,140.7,140.7,140.7,140.7,140.7,140.7,140.7,140.7,140.7,140.7,140.7,140.7,140.7,140.7
CATHROCK,Cathedral Rocks Wind Farm,Existing,SA,0.0,0.0,0.0,0.0,0.0,0.0,0.0,0.0,0.0,0.0,62.0,62.0,62.0,62.0,62.0,62.0,0.0,0.0,0.0,0.0,62.0,62.0,62.0,62.0,62.0,62.0,0.0,0.0,0.0,0.0
CTHLWF1,Cattle Hill Wind Farm,Existing,TAS,144.0,144.0,144.0,144.0,144.0,144.0,144.0,144.0,144.0,144.0,144.0,144.0,144.0,144.0,144.0,144.0,144.0,144.0,144.0,144.0,144.0,144.0,144.0,144.0,144.0,144.0,144.0,144.0,144.0,144.0
CHALLHWF,Challicum Hills Wind Farm,Existing,VIC,52.5,52.5,52.5,52.5,52.5,52.5,0.0,0.0,0.0,0.0,52.5,52.5,52.5,52.5,52.5,52.5,0.0,0.0,0.0,0.0,52.5,52.5,52.5,52.5,52.5,52.5,0.0,0.0,0.0,0.0
CHYTWF1,Cherry Tree Wind Farm,Existing,VIC,43.2,43.2,43.2,43.2,43.2,43.2,43.2,43.2,43.2,43.2,53.6,53.6,53.6,53.6,53.6,53.6,53.6,53.6,53.6,53.6,57.6,57.6,57.6,57.6,57.6,57.6,57.6,57.6,57.6,57.6
CLEMGPWF,Clements Gap Wind Farm,Existing,SA,56.7,56.7,56.7,56.7,56.7,56.7,56.7,56.7,56.7,56.7,56.7,56.7,56.7,56.7,56.7,56.7,56.7,56.7,56.7,56.7,56.7,56.7,56.7,56.7,56.7,56.7,56.7,56.7,56.7,56.7
COLWF01,Collector Wind Farm,Existing,NSW,124.2,124.2,124.2,124.2,124.2,124.2,124.2,124.2,124.2,124.2,210.6,210.6,210.6,210.6,210.6,210.6,210.6,124.2,124.2,124.2,218.7,218.7,218.7,218.7,218.7,218.7,218.7,218.7,218.7,218.7
COOPGWF1,Coopers Gap Wind Farm,Existing,QLD,440.0,440.0,440.0,440.0,440.0,440.0,440.0,440.0,440.0,440.0,440.0,440.0,440.0,440.0,440.0,440.0,440.0,440.0,440.0,440.0,440.0,440.0,440.0,440.0,440.0,440.0,440.0,440.0,440.0,440.0
CROOKWF2,Crookwell 2 Wind Farm,Existing,NSW,91.0,91.0,91.0,91.0,91.0,91.0,91.0,91.0,91.0,91.0,91.0,91.0,91.0,91.0,91.0,91.0,91.0,91.0,91.0,91.0,91.0,91.0,91.0,91.0,91.0,91.0,91.0,91.0,91.0,91.0
CROWLWF1,Crowlands Wind Farm,Existing,VIC,80.0,80.0,80.0,80.0,80.0,80.0,80.0,80.0,80.0,80.0,80.0,80.0,80.0,80.0,80.0,80.0,80.0,80.0,80.0,80.0,80.0,80.0,80.0,80.0,80.0,80.0,80.0,80.0,80.0,80.0
CRURWF1,Crudine Ridge Wind Farm,Existing,NSW,0.0,0.0,0.0,0.0,0.0,0.0,0.0,0.0,0.0,0.0,138.0,138.0,138.0,138.0,138.0,138.0,138.0,138.0,138.0,138.0,138.0,138.0,138.0,138.0,138.0,138.0,138.0,138.0,138.0,138.0
CULLRGWF,Cullerin Range Wind Farm,Existing,NSW,30.0,30.0,30.0,30.0,30.0,30.0,30.0,30.0,30.0,30.0,30.0,30.0,30.0,30.0,30.0,30.0,30.0,30.0,30.0,30.0,30.0,30.0,30.0,30.0,30.0,30.0,30.0,30.0,30.0,30.0
DULAWF1,Dulacca Wind Farm,Existing,QLD,160.0,160.0,160.0,160.0,160.0,160.0,160.0,160.0,160.0,160.0,164.0,164.0,164.0,164.0,164.0,164.0,164.0,164.0,164.0,164.0,173.0,173.0,173.0,173.0,173.0,173.0,173.0,173.0,173.0,173.0
DUNDWF1,Dundonnell Wind Farm,Existing,VIC,108.0,108.0,108.0,108.0,108.0,108.0,108.0,108.0,108.0,108.0,152.0,152.0,152.0,152.0,152.0,152.0,152.0,152.0,152.0,152.0,168.0,168.0,168.0,168.0,168.0,168.0,168.0,168.0,168.0,168.0
DUNDWF2,Dundonnell Wind Farm,Existing,VIC,29.7,29.7,29.7,29.7,29.7,29.7,29.7,29.7,29.7,29.7,41.8,41.8,41.8,41.8,41.8,41.8,41.8,41.8,41.8,41.8,46.2,46.2,46.2,46.2,46.2,46.2,46.2,46.2,46.2,46.2
DUNDWF3,Dundonnell Wind Farm,Existing,VIC,78.3,78.3,78.3,78.3,78.3,78.3,78.3,78.3,78.3,78.3,110.2,110.2,110.2,110.2,110.2,110.2,110.2,110.2,110.2,110.2,121.8,121.8,121.8,121.8,121.8,121.8,121.8,121.8,121.8,121.8
ELAINWF1,Elaine Wind Farm,Existing,VIC,59.4,59.4,59.4,59.4,59.4,59.4,59.4,59.4,59.4,59.4,73.7,73.7,73.7,73.7,73.7,73.7,73.7,73.7,73.7,73.7,83.6,83.6,83.6,83.6,83.6,83.6,83.6,83.6,83.6,83.6
GRANWF1,Granville Harbour Wind Farm,Existing,TAS,111.6,111.6,111.6,111.6,111.6,111.6,111.6,111.6,111.6,111.6,111.6,111.6,111.6,111.6,111.6,111.6,111.6,111.6,111.6,111.6,111.6,111.6,111.6,111.6,111.6,111.6,111.6,111.6,111.6,111.6
GULLRWF1,Gullen Range Wind Farm,Existing,NSW,165.5,165.5,165.5,165.5,165.5,165.5,165.5,165.5,165.5,165.5,165.5,165.5,165.5,165.5,165.5,165.5,165.5,165.5,165.5,165.5,165.5,165.5,165.5,165.5,165.5,165.5,165.5,165.5,165.5,165.5
GULLRWF2,Gullen Range Wind Farm 2,Existing,NSW,105.4,105.4,105.4,105.4,105.4,105.4,105.4,105.4,105.4,105.4,110.7,110.7,110.7,110.7,110.7,110.7,110.7,110.7,110.7,110.7,110.7,110.7,110.7,110.7,110.7,110.7,110.7,110.7,110.7,110.7
GUNNING1,Gunning Wind Farm,Existing,NSW,0.0,0.0,0.0,0.0,0.0,0.0,0.0,0.0,0.0,0.0,46.5,46.5,46.5,46.5,46.5,46.5,46.5,46.5,46.5,46.5,46.5,46.5,46.5,46.5,46.5,46.5,46.5,46.5,46.5,46.5
NBHWF1,Hallett 4 North Brown Hill Wind Farm,Existing,SA,88.2,88.2,88.2,88.2,88.2,88.2,88.2,88.2,88.2,88.2,132.0,132.0,132.0,132.0,132.0,132.0,132.0,132.0,132.0,132.0,132.0,132.0,132.0,132.0,132.0,132.0,132.0,132.0,132.0,132.0
BLUFF1,Hallett 5 The Bluff Wind Farm,Existing,SA,35.0,35.0,35.0,35.0,35.0,35.0,35.0,35.0,35.0,35.0,52.5,52.5,52.5,52.5,52.5,52.5,52.5,52.5,52.5,52.5,52.5,52.5,52.5,52.5,52.5,52.5,52.5,52.5,52.5,52.5
HALLWF1,Hallett Stage 1 Brown Hill Wind Farm,Existing,SA,63.0,63.0,63.0,63.0,63.0,63.0,63.0,63.0,63.0,63.0,94.5,94.5,94.5,94.5,94.5,94.5,94.5,94.5,94.5,94.5,94.5,94.5,94.5,94.5,94.5,94.5,94.5,94.5,94.5,94.5
HALLWF2,Hallett Stage 2 Hallett Hill Wind Farm,Existing,SA,47.6,47.6,47.6,47.6,47.6,47.6,47.6,47.6,47.6,47.6,71.4,71.4,71.4,71.4,71.4,71.4,71.4,71.4,71.4,71.4,71.4,71.4,71.4,71.4,71.4,71.4,71.4,71.4,71.4,71.4
HDWF1,Hornsdale Wind Farm Stage 1,Existing,SA,94.4,97.6,97.6,97.6,97.6,97.6,97.6,97.6,97.6,97.6,100.0,100.0,100.0,100.0,100.0,100.0,100.0,100.0,100.0,100.0,97.6,100.0,100.0,100.0,100.0,100.0,100.0,100.0,100.0,100.0
HDWF2,Hornsdale Wind Farm Stage 2,Existing,SA,97.6,97.6,97.6,97.6,97.6,97.6,97.6,97.6,97.6,97.6,100.0,100.0,100.0,100.0,100.0,100.0,100.0,100.0,100.0,100.0,100.0,100.0,100.0,100.0,100.0,100.0,100.0,100.0,100.0,100.0
HDWF3,Hornsdale Wind Farm Stage 3,Existing,SA,106.8,106.8,106.8,106.8,106.8,106.8,106.8,106.8,106.8,106.8,109.0,109.0,109.0,109.0,109.0,109.0,109.0,109.0,109.0,109.0,109.0,109.0,109.0,109.0,109.0,109.0,109.0,109.0,109.0,109.0
KiataWF1,Kiata Wind Farm,Existing,VIC,27.0,27.0,27.0,27.0,27.0,27.0,27.0,27.0,27.0,27.0,29.7,29.7,29.7,29.7,29.7,29.7,29.7,29.7,29.7,29.7,31.1,31.1,31.1,31.1,31.1,31.1,31.1,31.1,31.1,31.1
LKBONNY1,Lake Bonney 1 Wind Farm,Existing,SA,80.5,80.5,80.5,80.5,80.5,80.5,80.5,80.5,80.5,80.5,80.5,80.5,80.5,80.5,80.5,80.5,80.5,80.5,80.5,80.5,80.5,80.5,80.5,80.5,80.5,80.5,80.5,80.5,80.5,80.5
LKBONNY2,Lake Bonney 2 Wind Farm,Existing,SA,159.0,159.0,159.0,159.0,159.0,159.0,159.0,159.0,159.0,159.0,159.0,159.0,159.0,159.0,159.0,159.0,159.0,159.0,159.0,159.0,159.0,159.0,159.0,159.0,159.0,159.0,159.0,159.0,159.0,159.0
LKBONNY3,Lake Bonney 3 Wind Farm,Existing,SA,39.0,39.0,39.0,39.0,39.0,39.0,39.0,39.0,39.0,39.0,39.0,39.0,39.0,39.0,39.0,39.0,39.0,39.0,39.0,39.0,39.0,39.0,39.0,39.0,39.0,39.0,39.0,39.0,39.0,39.0
LGAPWF1,Lincoln Gap Wind Farm - stage 1,Existing,SA,42.0,42.0,42.0,42.0,42.0,42.0,42.0,42.0,42.0,42.0,122.5,122.5,122.5,122.5,122.5,122.5,122.5,122.5,122.5,122.5,122.5,122.5,122.5,122.5,122.5,122.5,122.5,122.5,122.5,122.5
LGAPWF2,Lincoln Gap Wind Farm - stage 2,Existing,SA,38.4,38.4,38.4,38.4,38.4,38.4,38.4,38.4,38.4,38.4,84.0,84.0,84.0,84.0,84.0,84.0,84.0,84.0,84.0,84.0,84.0,84.0,84.0,84.0,84.0,84.0,84.0,84.0,84.0,84.0
MACARTH1,Macarthur Wind Farm,Existing,VIC,420.0,420.0,420.0,420.0,420.0,420.0,420.0,420.0,420.0,420.0,420.0,420.0,420.0,420.0,420.0,420.0,420.0,420.0,420.0,420.0,420.0,420.0,420.0,420.0,420.0,420.0,420.0,420.0,420.0,420.0
MOORAWF1,Moorabool Wind Farm,Existing,VIC,304.7,304.7,304.7,304.7,304.7,304.7,304.7,304.7,304.7,304.7,304.7,304.7,304.7,304.7,304.7,304.7,304.7,304.7,304.7,304.7,304.7,304.7,304.7,304.7,304.7,304.7,304.7,304.7,304.7,304.7
MRTLSWF1,Mortlake South Wind Farm,Existing,VIC,153.0,153.0,153.0,153.0,153.0,153.0,153.0,153.0,153.0,153.0,153.0,153.0,153.0,153.0,153.0,153.0,153.0,153.0,153.0,153.0,153.0,153.0,153.0,153.0,153.0,153.0,153.0,153.0,153.0,153.0
MLWF1,Mortons Lane Wind Farm,Existing,VIC,19.5,19.5,19.5,19.5,19.5,19.5,19.5,19.5,19.5,19.5,19.5,19.5,19.5,19.5,19.5,19.5,19.5,19.5,19.5,19.5,19.5,19.5,19.5,19.5,19.5,19.5,19.5,19.5,19.5,19.5
MEWF1,Mount Emerald Wind Farm,Existing,QLD,167.0,167.0,167.0,167.0,167.0,167.0,167.0,167.0,167.0,167.0,180.5,180.5,180.5,180.5,180.5,180.5,180.5,180.5,180.5,180.5,180.5,180.5,180.5,180.5,180.5,180.5,180.5,180.5,180.5,180.5
MTMILLAR,Mount Millar Wind Farm,Existing,SA,72.5,72.5,72.5,72.5,72.5,72.5,72.5,72.5,72.5,72.5,72.5,72.5,72.5,72.5,72.5,72.5,72.5,72.5,72.5,72.5,72.5,72.5,72.5,72.5,72.5,72.5,72.5,72.5,72.5,72.5
MERCER01,Mt Mercer Wind Farm,Existing,VIC,0.0,0.0,0.0,0.0,0.0,0.0,0.0,0.0,0.0,0.0,131.2,131.2,131.2,131.2,131.2,131.2,131.2,131.2,131.2,131.2,131.2,131.2,131.2,131.2,131.2,131.2,131.2,131.2,131.2,131.2
MUWAWF1,Murra Warra Wind Farm - stage 1,Existing,VIC,176.0,176.0,176.0,176.0,176.0,176.0,176.0,176.0,176.0,176.0,225.7,225.7,225.7,225.7,225.7,225.7,225.7,225.7,225.7,225.7,225.7,225.7,225.7,225.7,225.7,225.7,225.7,225.7,225.7,225.7
MUWAWF2,Murra Warra Wind Farm - stage 2,Existing,VIC,189.2,189.2,189.2,189.2,189.2,189.2,189.2,189.2,189.2,189.2,209.0,209.0,209.0,209.0,209.0,209.0,209.0,209.0,209.0,209.0,209.0,209.0,209.0,209.0,209.0,209.0,209.0,209.0,209.0,209.0
MUSSELR1,Musselroe Wind Farm,Existing,TAS,168.0,168.0,168.0,168.0,168.0,168.0,168.0,168.0,168.0,168.0,168.0,168.0,168.0,168.0,168.0,168.0,168.0,168.0,168.0,168.0,168.0,168.0,168.0,168.0,168.0,168.0,168.0,168.0,168.0,168.0
OAKLAND1,Oaklands Hill Wind Farm,Existing,VIC,41.0,41.0,41.0,41.0,41.0,41.0,41.0,41.0,41.0,41.0,63.0,63.0,63.0,63.0,63.0,63.0,63.0,63.0,63.0,63.0,63.0,63.0,63.0,63.0,63.0,63.0,63.0,63.0,63.0,63.0
PAREPW1,Port Augusta Renewable Energy Park - Wind,Existing,SA,201.0,201.0,201.0,201.0,201.0,201.0,201.0,201.0,201.0,201.0,201.0,201.0,201.0,201.0,201.0,201.0,201.0,201.0,201.0,201.0,201.0,201.0,201.0,201.0,201.0,201.0,201.0,201.0,201.0,201.0
PORTWF,Portland Wind Farm,Existing,VIC,151.8,151.8,151.8,151.8,151.8,151.8,151.8,151.8,151.8,151.8,151.8,151.8,151.8,151.8,151.8,151.8,151.8,151.8,151.8,151.8,151.8,151.8,151.8,151.8,151.8,151.8,151.8,151.8,151.8,151.8
SALTCRK1,Salt Creek Wind Farm,Existing,VIC,37.5,37.5,37.5,37.5,37.5,37.5,37.5,37.5,37.5,37.5,51.0,51.0,51.0,51.0,51.0,51.0,51.0,51.0,51.0,51.0,54.0,54.0,54.0,54.0,54.0,54.0,54.0,54.0,54.0,54.0
SAPHWF1,Sapphire Wind Farm,Existing,NSW,155.7,155.7,155.7,155.7,155.7,155.7,155.7,155.7,155.7,155.7,252.0,252.0,252.0,252.0,252.0,252.0,252.0,252.0,252.0,252.0,270.0,270.0,270.0,270.0,270.0,270.0,270.0,270.0,270.0,270.0
STWF1,Silverton Wind Farm,Existing,NSW,119.5,119.5,119.5,119.5,119.5,119.5,119.5,119.5,119.5,119.5,198.0,198.0,198.0,198.0,198.0,198.0,198.0,198.0,198.0,198.0,198.0,198.0,198.0,198.0,198.0,198.0,198.0,198.0,198.0,198.0
SNOWNTH1,Snowtown S2 Wind Farm,Existing,SA,133.2,133.2,133.2,133.2,133.2,133.2,133.2,133.2,133.2,133.2,144.0,144.0,144.0,144.0,144.0,144.0,144.0,144.0,144.0,144.0,144.0,144.0,144.0,144.0,144.0,144.0,144.0,144.0,144.0,144.0
SNOWSTH1,Snowtown S2 Wind Farm,Existing,SA,116.6,116.6,116.6,116.6,116.6,116.6,116.6,116.6,116.6,116.6,126.0,126.0,126.0,126.0,126.0,126.0,126.0,126.0,126.0,126.0,126.0,126.0,126.0,126.0,126.0,126.0,126.0,126.0,126.0,126.0
SNOWTWN1,Snowtown Wind Farm,Existing,SA,65.8,65.8,65.8,65.8,65.8,65.8,65.8,65.8,65.8,0.0,98.7,98.7,98.7,98.7,98.7,98.7,98.7,98.7,98.7,0.0,98.7,98.7,98.7,98.7,98.7,98.7,98.7,98.7,98.7,0.0
STARHLWF,Starfish Hill Wind Farm,Existing,SA,33.0,33.0,33.0,33.0,33.0,33.0,33.0,33.0,33.0,0.0,33.0,33.0,33.0,33.0,33.0,33.0,33.0,33.0,33.0,0.0,33.0,33.0,33.0,33.0,33.0,33.0,33.0,33.0,33.0,0.0
STOCKYD1,Stockyard Hill Wind Farm,Existing,VIC,511.0,511.0,511.0,511.0,511.0,511.0,511.0,511.0,511.0,511.0,511.0,511.0,511.0,511.0,511.0,511.0,511.0,511.0,511.0,511.0,511.0,511.0,511.0,511.0,511.0,511.0,511.0,511.0,511.0,511.0
TARALGA1,Taralga Wind Farm,Existing,NSW,106.8,106.8,106.8,106.8,106.8,106.8,106.8,106.8,106.8,106.8,106.8,106.8,106.8,106.8,106.8,106.8,106.8,106.8,106.8,106.8,106.8,106.8,106.8,106.8,106.8,106.8,106.8,106.8,106.8,106.8
WATERLWF,Waterloo Wind Farm,Existing,SA,9.0,9.0,9.0,9.0,9.0,9.0,9.0,9.0,9.0,9.0,129.9,129.9,129.9,129.9,129.9,129.9,129.9,129.9,129.9,129.9,130.8,130.8,130.8,130.8,130.8,130.8,130.8,130.8,130.8,130.8
WPWF,Wattle Point Wind Farm,Existing,SA,0.0,61.0,61.0,61.0,61.0,61.0,0.0,0.0,0.0,0.0,0.0,90.8,90.8,90.8,90.8,90.8,0.0,0.0,0.0,0.0,0.0,90.8,90.8,90.8,90.8,90.8,90.8,0.0,0.0,0.0
WAUBRAWF,Waubra Wind Farm,Existing,VIC,0.0,0.0,0.0,0.0,0.0,0.0,0.0,0.0,0.0,0.0,192.0,192.0,192.0,192.0,192.0,192.0,192.0,192.0,192.0,192.0,192.0,192.0,192.0,192.0,192.0,192.0,192.0,192.0,192.0,192.0
WRWF1,White Rock Wind Farm - Stage 1,Existing,NSW,172.5,172.5,172.5,172.5,172.5,172.5,172.5,172.5,172.5,172.5,172.5,172.5,172.5,172.5,172.5,172.5,172.5,172.5,172.5,172.5,172.5,172.5,172.5,172.5,172.5,172.5,172.5,172.5,172.5,172.5
WGWF1,Willogoleche Wind Farm,Existing,SA,0.0,0.0,0.0,0.0,0.0,0.0,0.0,0.0,0.0,0.0,119.8,119.8,119.8,119.8,119.8,119.8,119.8,119.8,119.8,119.8,119.8,119.8,119.8,119.8,119.8,119.8,119.8,119.8,119.8,119.8
WOODLWN1,Woodlawn Wind Farm,Existing,NSW,48.3,48.3,48.3,48.3,48.3,48.3,48.3,48.3,48.3,48.3,48.3,48.3,48.3,48.3,48.3,48.3,48.3,48.3,48.3,48.3,48.3,48.3,48.3,48.3,48.3,48.3,48.3,48.3,48.3,48.3
WOOLNTH1,Woolnorth Wind Farm,Existing,TAS,138.0,138.0,138.0,138.0,138.0,138.0,138.0,138.0,138.0,138.0,138.0,138.0,138.0,138.0,138.0,138.0,138.0,138.0,138.0,138.0,138.0,138.0,138.0,138.0,138.0,138.0,138.0,138.0,138.0,138.0
YSWF1,Yaloak South Wind Farm,Existing,VIC,28.7,28.7,28.7,28.7,28.7,28.7,28.7,28.7,28.7,28.7,28.7,28.7,28.7,28.7,28.7,28.7,28.7,28.7,28.7,28.7,28.7,28.7,28.7,28.7,28.7,28.7,28.7,28.7,28.7,28.7
YAMBUKWF,Yambuk Wind Farm,Existing,VIC,30.0,30.0,30.0,30.0,30.0,30.0,30.0,0.0,0.0,0.0,30.0,30.0,30.0,30.0,30.0,30.0,30.0,0.0,0.0,0.0,30.0,30.0,30.0,30.0,30.0,30.0,30.0,0.0,0.0,0.0
YENDWF1,Yendon Wind Farm,Existing,VIC,102.6,102.6,102.6,102.6,102.6,102.6,102.6,102.6,102.6,102.6,127.3,127.3,127.3,127.3,127.3,127.3,127.3,127.3,127.3,127.3,144.4,144.4,144.4,144.4,144.4,144.4,144.4,144.4,144.4,144.4
Tully Sugar Mill Biomass,Tully Sugar Mill Biomass,Existing,QLD,32.0,32.0,32.0,32.0,32.0,32.0,32.0,32.0,32.0,32.0,32.0,32.0,32.0,32.0,32.0,32.0,32.0,32.0,32.0,32.0,32.0,32.0,32.0,32.0,32.0,32.0,32.0,32.0,32.0,32.0
HUNTER1,Hunter Power Station,Committed,NSW,0.0,330.0,330.0,330.0,330.0,330.0,330.0,330.0,330.0,330.0,0.0,330.0,330.0,330.0,330.0,330.0,330.0,330.0,330.0,330.0,0.0,330.0,330.0,330.0,330.0,330.0,330.0,330.0,330.0,330.0
HUNTER2,Hunter Power Station,Committed,NSW,330.0,330.0,330.0,330.0,330.0,330.0,330.0,330.0,330.0,330.0,330.0,330.0,330.0,330.0,330.0,330.0,330.0,330.0,330.0,330.0,0.0,330.0,330.0,330.0,330.0,330.0,330.0,330.0,330.0,330.0
Kidston Pumped Storage Hydro 1,Kidston,Committed,QLD,0.0,125.0,125.0,125.0,125.0,125.0,125.0,125.0,125.0,125.0,0.0,125.0,125.0,125.0,125.0,125.0,125.0,125.0,125.0,125.0,0.0,0.0,125.0,125.0,125.0,125.0,125.0,125.0,125.0,125.0
Kidston Pumped Storage Hydro 2,Kidston,Committed,QLD,0.0,125.0,125.0,125.0,125.0,125.0,125.0,125.0,125.0,125.0,0.0,125.0,125.0,125.0,125.0,125.0,125.0,125.0,125.0,125.0,0.0,0.0,125.0,125.0,125.0,125.0,125.0,125.0,125.0,125.0
SNO2PH01,Snowy 2.0,Committed,NSW,0.0,0.0,0.0,363.0,363.0,363.0,363.0,363.0,363.0,363.0,0.0,0.0,0.0,363.0,363.0,363.0,363.0,363.0,363.0,363.0,0.0,0.0,0.0,0.0,363.0,363.0,363.0,363.0,363.0,363.0
SNO2PH02,Snowy 2.0,Committed,NSW,0.0,0.0,0.0,371.0,371.0,371.0,371.0,371.0,371.0,371.0,0.0,0.0,0.0,371.0,371.0,371.0,371.0,371.0,371.0,371.0,0.0,0.0,0.0,0.0,371.0,371.0,371.0,371.0,371.0,371.0
SNO2PH03,Snowy 2.0,Committed,NSW,0.0,0.0,0.0,363.0,363.0,363.0,363.0,363.0,363.0,363.0,0.0,0.0,0.0,363.0,363.0,363.0,363.0,363.0,363.0,363.0,0.0,0.0,0.0,0.0,363.0,363.0,363.0,363.0,363.0,363.0
SNO2PH04,Snowy 2.0,Committed,NSW,0.0,0.0,0.0,371.0,371.0,371.0,371.0,371.0,371.0,371.0,0.0,0.0,0.0,371.0,371.0,371.0,371.0,371.0,371.0,371.0,0.0,0.0,0.0,0.0,371.0,371.0,371.0,371.0,371.0,371.0
SNO2PH05,Snowy 2.0,Committed,NSW,0.0,0.0,0.0,363.0,363.0,363.0,363.0,363.0,363.0,363.0,0.0,0.0,0.0,363.0,363.0,363.0,363.0,363.0,363.0,363.0,0.0,0.0,0.0,0.0,363.0,363.0,363.0,363.0,363.0,363.0
SNO2PH06,Snowy 2.0,Committed,NSW,0.0,0.0,0.0,371.0,371.0,371.0,371.0,371.0,371.0,371.0,0.0,0.0,0.0,371.0,371.0,371.0,371.0,371.0,371.0,371.0,0.0,0.0,0.0,0.0,371.0,371.0,371.0,371.0,371.0,371.0
ADPPV1,Adelaide Desalination Plant Solar Farm,Existing,SA,8.4,8.4,8.4,8.4,8.4,8.4,8.4,8.4,8.4,8.4,8.6,8.6,8.6,8.6,8.6,8.6,8.6,8.6,8.6,8.6,9.4,9.4,9.4,9.4,9.4,9.4,9.4,9.4,9.4,9.4
AVLSF1,Avonlie Solar Farm,Existing,NSW,190.0,190.0,190.0,190.0,190.0,190.0,190.0,190.0,190.0,190.0,190.0,190.0,190.0,190.0,190.0,190.0,190.0,190.0,190.0,190.0,190.0,190.0,190.0,190.0,190.0,190.0,190.0,190.0,190.0,190.0
BLUEGSF1,Bluegrass Solar Farm,Existing,QLD,143.6,143.0,142.4,141.7,141.1,140.5,139.8,139.2,138.6,138.0,143.6,143.0,142.4,141.7,141.1,140.5,139.8,139.2,138.6,138.0,146.9,146.3,145.8,145.2,144.7,144.1,143.5,143.0,142.5,142.0
Broadsound Solar Farm,Broadsound Solar Farm,Committed,QLD,0.0,296.0,296.0,296.0,296.0,296.0,296.0,296.0,296.0,296.0,0.0,296.0,296.0,296.0,296.0,296.0,296.0,296.0,296.0,296.0,0.0,296.0,296.0,296.0,296.0,296.0,296.0,296.0,296.0,296.0
Bundaberg Solar Farm,Bundaberg Solar Farm,Committed,QLD,78.0,78.0,78.0,78.0,78.0,78.0,78.0,78.0,78.0,78.0,78.0,78.0,78.0,78.0,78.0,78.0,78.0,78.0,78.0,78.0,0.0,78.0,78.0,78.0,78.0,78.0,78.0,78.0,78.0,78.0
COHUNSF1,Cohuna Solar Farm,Existing,VIC,24.5,24.5,24.5,24.5,24.5,24.5,24.5,24.5,24.5,24.5,27.2,27.2,27.2,27.2,27.2,27.2,27.2,27.2,27.2,27.2,27.2,27.2,27.2,27.2,27.2,27.2,27.2,27.2,27.2,27.2
COLUMSF1,Columboola Solar Farm,Existing,QLD,162.0,162.0,162.0,162.0,162.0,162.0,162.0,162.0,162.0,162.0,162.0,162.0,162.0,162.0,162.0,162.0,162.0,162.0,162.0,162.0,162.0,162.0,162.0,162.0,162.0,162.0,162.0,162.0,162.0,162.0
CRWASF1,Corowa Solar Farm,Existing,NSW,30.0,30.0,30.0,30.0,30.0,30.0,30.0,30.0,30.0,30.0,30.0,30.0,30.0,30.0,30.0,30.0,30.0,30.0,30.0,30.0,30.0,30.0,30.0,30.0,30.0,30.0,30.0,30.0,30.0,30.0
Culcairn Solar Farm,Culcairn Solar Farm,Existing,NSW,222.0,332.4,332.4,332.4,332.4,332.4,332.4,332.4,332.4,332.4,244.2,350.0,350.0,350.0,350.0,350.0,350.0,350.0,350.0,350.0,20.0,350.0,350.0,350.0,350.0,350.0,350.0,350.0,350.0,350.0
EDENVSF1,Edenvale Solar Park,Existing,QLD,146.0,146.0,146.0,146.0,146.0,146.0,146.0,146.0,146.0,146.0,146.0,146.0,146.0,146.0,146.0,146.0,146.0,146.0,146.0,146.0,146.0,146.0,146.0,146.0,146.0,146.0,146.0,146.0,146.0,146.0
GANGARR1,Gangarri Solar Farm,Committed,QLD,119.9,119.9,119.9,119.9,119.9,119.9,119.9,119.9,119.9,119.9,119.9,119.9,119.9,119.9,119.9,119.9,119.9,119.9,119.9,119.9,0.0,119.9,119.9,119.9,119.9,119.9,119.9,119.9,119.9,119.9
GIRGSF,Girgarre Solar Farm,Existing,VIC,69.5,69.5,69.5,69.5,69.5,69.5,69.5,69.5,69.5,69.5,75.8,75.8,75.8,75.8,75.8,75.8,75.8,75.8,75.8,75.8,75.8,75.8,75.8,75.8,75.8,75.8,75.8,75.8,75.8,75.8
Goorambat East Solar Farm,Goorambat East Solar Farm,Committed,VIC,0.0,250.0,250.0,250.0,250.0,250.0,250.0,250.0,250.0,250.0,0.0,250.0,250.0,250.0,250.0,250.0,250.0,250.0,250.0,250.0,0.0,250.0,250.0,250.0,250.0,250.0,250.0,250.0,250.0,250.0
KEPSF1,Kennedy Energy Park Solar Farm,Existing,QLD,14.3,14.3,14.3,14.3,14.3,14.3,14.3,14.3,14.3,14.3,14.6,14.6,14.6,14.6,14.6,14.6,14.6,14.6,14.6,14.6,15.0,15.0,15.0,15.0,15.0,15.0,15.0,15.0,15.0,15.0
KINGASF1,Kingaroy Solar Farm,Existing,QLD,40.0,40.0,40.0,40.0,40.0,40.0,40.0,40.0,40.0,40.0,40.0,40.0,40.0,40.0,40.0,40.0,40.0,40.0,40.0,40.0,40.0,40.0,40.0,40.0,40.0,40.0,40.0,40.0,40.0,40.0
Lockhart Hybrid Facility - Solar,Lockhart Hybrid Facility - Solar,Committed,NSW,0.0,9.9,9.9,9.9,9.9,9.9,9.9,9.9,9.9,9.9,0.0,9.9,9.9,9.9,9.9,9.9,9.9,9.9,9.9,9.9,0.0,9.9,9.9,9.9,9.9,9.9,9.9,9.9,9.9,9.9
MANSF2,Mannum Solar Farm 2,Committed,SA,30.0,30.0,30.0,30.0,30.0,30.0,30.0,30.0,30.0,30.0,30.0,30.0,30.0,30.0,30.0,30.0,30.0,30.0,30.0,30.0,30.0,30.0,30.0,30.0,30.0,30.0,30.0,30.0,30.0,30.0
METZSF1,Metz Solar Farm,Existing,NSW,107.1,107.1,107.1,107.1,107.1,107.1,107.1,107.1,107.1,107.1,111.7,111.7,111.7,111.7,111.7,111.7,111.7,111.7,111.7,111.7,115.0,115.0,115.0,115.0,115.0,115.0,115.0,115.0,115.0,115.0
QPSF,Quorn Park Solar Farm,Committed,NSW,0.0,80.1,80.1,80.1,80.1,80.1,80.1,80.1,80.1,80.1,0.0,80.1,80.1,80.1,80.1,80.1,80.1,80.1,80.1,80.1,0.0,0.0,80.1,80.1,80.1,80.1,80.1,80.1,80.1,80.1
SEBSF1,Sebastopol Solar Farm,Existing,NSW,85.8,85.8,85.8,85.8,85.8,85.8,85.8,85.8,85.8,85.8,90.0,90.0,90.0,90.0,90.0,90.0,90.0,90.0,90.0,90.0,90.0,90.0,90.0,90.0,90.0,90.0,90.0,90.0,90.0,90.0
Stubbo Solar Farm,Stubbo Solar Farm,Existing,NSW,400.0,400.0,400.0,400.0,400.0,400.0,400.0,400.0,400.0,400.0,400.0,400.0,400.0,400.0,400.0,400.0,400.0,400.0,400.0,400.0,400.0,400.0,400.0,400.0,400.0,400.0,400.0,400.0,400.0,400.0
TB2SF1,Tailem Bend Solar Farm - stage 2,Committed,SA,87.0,87.0,87.0,87.0,87.0,87.0,87.0,87.0,87.0,87.0,87.0,87.0,87.0,87.0,87.0,87.0,87.0,87.0,87.0,87.0,87.0,87.0,87.0,87.0,87.0,87.0,87.0,87.0,87.0,87.0
Tilbuster Solar Farm,Tilbuster Solar Farm,Anticipated,NSW,0.0,0.0,0.0,200.6,200.6,200.6,200.6,200.6,200.6,200.6,0.0,0.0,0.0,200.6,200.6,200.6,200.6,200.6,200.6,200.6,0.0,0.0,0.0,0.0,200.6,200.6,200.6,200.6,200.6,200.6
WAGGNSF1,Wagga North Solar Farm,Committed,NSW,16.4,16.4,46.4,46.4,46.4,46.4,46.4,46.4,46.4,46.4,16.4,16.4,46.4,46.4,46.4,46.4,46.4,46.4,46.4,46.4,16.4,16.4,46.4,46.4,46.4,46.4,46.4,46.4,46.4,46.4
WLWLSF1,Walla Walla Solar Farm,Existing,NSW,149.8,149.8,149.8,149.8,149.8,149.8,149.8,149.8,149.8,149.8,149.8,149.8,149.8,149.8,149.8,149.8,149.8,149.8,149.8,149.8,149.8,149.8,149.8,149.8,149.8,149.8,149.8,149.8,149.8,149.8
WLWLSF2,Walla Walla Solar Farm,Existing,NSW,149.8,149.8,149.8,149.8,149.8,149.8,149.8,149.8,149.8,149.8,149.8,149.8,149.8,149.8,149.8,149.8,149.8,149.8,149.8,149.8,149.8,149.8,149.8,149.8,149.8,149.8,149.8,149.8,149.8,149.8
WANDSF1,Wandoan South Solar Farm - stage 1,Committed,QLD,125.0,125.0,125.0,125.0,125.0,125.0,125.0,125.0,125.0,125.0,125.0,125.0,125.0,125.0,125.0,125.0,125.0,125.0,125.0,125.0,125.0,125.0,125.0,125.0,125.0,125.0,125.0,125.0,125.0,125.0
WELNSF1,Wellington North Solar Farm (Lightsource),Existing,NSW,329.0,329.0,329.0,329.0,329.0,329.0,329.0,329.0,329.0,329.0,330.0,330.0,330.0,330.0,330.0,330.0,330.0,330.0,330.0,330.0,330.0,330.0,330.0,330.0,330.0,330.0,330.0,330.0,330.0,330.0
WOLARSF1,Wollar Solar Farm,Existing,NSW,280.0,280.0,280.0,280.0,280.0,280.0,280.0,280.0,280.0,280.0,280.0,280.0,280.0,280.0,280.0,280.0,280.0,280.0,280.0,280.0,0.0,280.0,280.0,280.0,280.0,280.0,280.0,280.0,280.0,280.0
WUNUSF1,Wunghnu Solar Farm,Committed,VIC,60.3,60.3,60.3,60.3,60.3,60.3,60.3,60.3,60.3,60.3,75.0,75.0,75.0,75.0,75.0,75.0,75.0,75.0,75.0,75.0,75.0,75.0,75.0,75.0,75.0,75.0,75.0,75.0,75.0,75.0
WYASF1,Wyalong Solar Farm,Existing,NSW,53.0,53.0,53.0,53.0,53.0,53.0,53.0,53.0,53.0,53.0,53.0,53.0,53.0,53.0,53.0,53.0,53.0,53.0,53.0,53.0,53.0,53.0,53.0,53.0,53.0,53.0,53.0,53.0,53.0,53.0
CLRKCWF1,Clarke Creek Wind Farm,Committed,QLD,338.0,338.0,338.0,338.0,338.0,338.0,338.0,338.0,338.0,338.0,338.0,338.0,338.0,338.0,338.0,338.0,338.0,338.0,338.0,338.0,166.8,338.0,338.0,338.0,338.0,338.0,338.0,338.0,338.0,338.0
CLRKCWF2,Clarke Creek Wind Farm,Committed,QLD,101.0,101.0,101.0,101.0,101.0,101.0,101.0,101.0,101.0,101.0,101.0,101.0,101.0,101.0,101.0,101.0,101.0,101.0,101.0,101.0,0.0,101.0,101.0,101.0,101.0,101.0,101.0,101.0,101.0,101.0
CROOKWF3,Crookwell 3 Wind Farm,Existing,NSW,56.0,56.0,56.0,56.0,56.0,56.0,56.0,56.0,56.0,56.0,56.0,56.0,56.0,56.0,56.0,56.0,56.0,56.0,56.0,56.0,56.0,56.0,56.0,56.0,56.0,56.0,56.0,56.0,56.0,56.0
FLYCRKWF,Flyers Creek Wind Farm,Existing,NSW,140.0,140.0,140.0,140.0,140.0,140.0,140.0,140.0,140.0,140.0,140.0,140.0,140.0,140.0,140.0,140.0,140.0,140.0,140.0,140.0,140.0,140.0,140.0,140.0,140.0,140.0,140.0,140.0,140.0,140.0
GPWFEST1,Golden Plains Wind Farm East,Committed,VIC,160.0,160.0,160.0,160.0,160.0,160.0,160.0,160.0,160.0,160.0,240.4,240.4,240.4,240.4,240.4,240.4,240.4,240.4,240.4,240.4,0.0,240.4,240.4,240.4,240.4,240.4,240.4,240.4,240.4,240.4
GPWFEST2,Golden Plains Wind Farm East,Committed,VIC,168.0,168.0,168.0,168.0,168.0,168.0,168.0,168.0,168.0,168.0,252.4,252.4,252.4,252.4,252.4,252.4,252.4,252.4,252.4,252.4,0.0,252.4,252.4,252.4,252.4,252.4,252.4,252.4,252.4,252.4
GPWFEST3,Golden Plains Wind Farm East,Committed,VIC,160.0,160.0,160.0,160.0,160.0,160.0,160.0,160.0,160.0,160.0,240.4,240.4,240.4,240.4,240.4,240.4,240.4,240.4,240.4,240.4,0.0,240.4,240.4,240.4,240.4,240.4,240.4,240.4,240.4,240.4
GSWF1A,Goyder South Wind Farm 1A,Existing,SA,190.0,190.0,190.0,190.0,190.0,190.0,190.0,190.0,190.0,190.0,201.0,201.0,201.0,201.0,201.0,201.0,201.0,201.0,201.0,201.0,201.0,201.0,201.0,201.0,201.0,201.0,201.0,201.0,201.0,201.0
GSWF1B,Goyder South Wind Farm 1B,Existing,SA,185.0,185.0,185.0,185.0,185.0,185.0,185.0,185.0,185.0,185.0,195.7,195.7,195.7,195.7,195.7,195.7,195.7,195.7,195.7,195.7,195.7,195.7,195.7,195.7,195.7,195.7,195.7,195.7,195.7,195.7
HD1WF1,Hawkesdale Wind Farm,Existing,VIC,89.5,89.5,89.5,89.5,89.5,89.5,89.5,89.5,89.5,89.5,89.5,89.5,89.5,89.5,89.5,89.5,89.5,89.5,89.5,89.5,89.5,89.5,89.5,89.5,89.5,89.5,89.5,89.5,89.5,89.5
KABANWF1,Kaban Green Power Hub - Wind Farm,Existing,QLD,152.0,152.0,152.0,152.0,152.0,152.0,152.0,152.0,152.0,152.0,152.0,152.0,152.0,152.0,152.0,152.0,152.0,152.0,152.0,152.0,152.0,152.0,152.0,152.0,152.0,152.0,152.0,152.0,152.0,152.0
KEPWF1,Kennedy Energy Park Wind Farm,Existing,QLD,36.0,36.0,36.0,36.0,36.0,36.0,36.0,36.0,36.0,36.0,43.2,43.2,43.2,43.2,43.2,43.2,43.2,43.2,43.2,43.2,43.2,43.2,43.2,43.2,43.2,43.2,43.2,43.2,43.2,43.2
MacIntyre Wind Farm,MacIntyre Wind Farm,Committed,QLD,890.0,890.0,890.0,890.0,890.0,890.0,890.0,890.0,890.0,890.0,890.0,890.0,890.0,890.0,890.0,890.0,890.0,890.0,890.0,890.0,0.0,890.0,890.0,890.0,890.0,890.0,890.0,890.0,890.0,890.0
MTGELWF1,Mt Gellibrand Wind Farm,Existing,VIC,0.0,0.0,0.0,0.0,0.0,0.0,0.0,0.0,0.0,0.0,99.8999999999999,129.0,129.0,129.0,129.0,129.0,129.0,129.0,129.0,129.0,99.8999999999999,129.0,129.0,129.0,129.0,129.0,129.0,129.0,129.0,129.0
RYANCWF1,Ryan Corner Wind Farm,Existing,VIC,204.9,204.9,204.9,204.9,204.9,204.9,204.9,204.9,204.9,204.9,204.9,204.9,204.9,204.9,204.9,204.9,204.9,204.9,204.9,204.9,204.9,204.9,204.9,204.9,204.9,204.9,204.9,204.9,204.9,204.9
Rye Park Wind Farm,Rye Park Wind Farm,Existing,NSW,383.5,383.5,383.5,383.5,383.5,383.5,383.5,383.5,383.5,383.5,383.5,383.5,383.5,383.5,383.5,383.5,383.5,383.5,383.5,383.5,383.5,383.5,383.5,383.5,383.5,383.5,383.5,383.5,383.5,383.5
Wambo Wind Farm,Wambo Wind Farm,Committed,QLD,252.0,252.0,252.0,252.0,252.0,252.0,252.0,252.0,252.0,252.0,252.0,252.0,252.0,252.0,252.0,252.0,252.0,252.0,252.0,252.0,252.0,252.0,252.0,252.0,252.0,252.0,252.0,252.0,252.0,252.0
Aldoga Solar Farm,Aldoga Solar Farm,Existing,QLD,387.0,387.0,387.0,387.0,387.0,387.0,387.0,387.0,387.0,387.0,387.0,387.0,387.0,387.0,387.0,387.0,387.0,387.0,387.0,387.0,0.0,387.0,387.0,387.0,387.0,387.0,387.0,387.0,387.0,387.0
Aramara Solar Farm,Aramara Solar Farm,Anticipated,QLD,0.0,0.0,0.0,101.4,101.4,101.4,101.4,101.4,101.4,101.4,0.0,0.0,0.0,101.4,101.4,101.4,101.4,101.4,101.4,101.4,0.0,0.0,0.0,101.4,101.4,101.4,101.4,101.4,101.4,101.4
Banksia Solar Farm,Banksia Solar Farm,Committed,QLD,0.0,0.0,58.8,58.8,58.8,58.8,58.8,58.8,58.8,58.8,0.0,0.0,60.0,60.0,60.0,60.0,60.0,60.0,60.0,60.0,0.0,0.0,60.0,60.0,60.0,60.0,60.0,60.0,60.0,60.0
Derby Solar Farm,Derby Solar Farm,Anticipated,VIC,0.0,0.0,0.0,95.1,95.1,95.1,95.1,95.1,95.1,95.1,0.0,0.0,0.0,95.1,95.1,95.1,95.1,95.1,95.1,95.1,0.0,0.0,0.0,95.1,95.1,95.1,95.1,95.1,95.1,95.1
Frasers Solar Farm,Frasers Solar Farm,Anticipated,VIC,0.0,0.0,77.0,77.0,77.0,77.0,77.0,77.0,77.0,77.0,0.0,0.0,77.0,77.0,77.0,77.0,77.0,77.0,77.0,77.0,0.0,0.0,77.0,77.0,77.0,77.0,77.0,77.0,77.0,77.0
Goulburn River Solar Farm,Goulburn River Solar Farm,Committed,NSW,0.0,0.0,450.0,450.0,450.0,450.0,450.0,450.0,450.0,450.0,0.0,0.0,450.0,450.0,450.0,450.0,450.0,450.0,450.0,450.0,0.0,0.0,450.0,450.0,450.0,450.0,450.0,450.0,450.0,450.0
Horsham Solar Farm,Horsham Solar Farm,Committed,VIC,0.0,118.8,118.8,118.8,118.8,118.8,118.8,118.8,118.8,118.8,0.0,118.8,118.8,118.8,118.8,118.8,118.8,118.8,118.8,118.8,0.0,0.0,118.8,118.8,118.8,118.8,118.8,118.8,118.8,118.8
Maryvale Solar Farm,Maryvale Solar Farm,Anticipated,NSW,0.0,172.0,172.0,172.0,172.0,172.0,172.0,172.0,172.0,172.0,0.0,172.0,172.0,172.0,172.0,172.0,172.0,172.0,172.0,172.0,0.0,0.0,172.0,172.0,172.0,172.0,172.0,172.0,172.0,172.0
Mortlake Energy Hub Solar Farm,Mortlake Energy Hub Solar Farm,Anticipated,VIC,0.0,0.0,0.0,300.0,300.0,300.0,300.0,300.0,300.0,300.0,0.0,0.0,0.0,300.0,300.0,300.0,300.0,300.0,300.0,300.0,0.0,0.0,0.0,198.0,300.0,300.0,300.0,300.0,300.0,300.0
Munna Creek Solar Farm,Munna Creek Solar Farm,Committed,QLD,119.8,119.8,119.8,119.8,119.8,119.8,119.8,119.8,119.8,119.8,119.8,119.8,119.8,119.8,119.8,119.8,119.8,119.8,119.8,119.8,0.0,119.8,119.8,119.8,119.8,119.8,119.8,119.8,119.8,119.8
New England Solar Farm 2,New England Solar Farm - Stage 2,Anticipated,NSW,0.0,0.0,0.0,320.0,320.0,320.0,320.0,320.0,320.0,320.0,0.0,0.0,0.0,320.0,320.0,320.0,320.0,320.0,320.0,320.0,0.0,0.0,0.0,0.0,320.0,320.0,320.0,320.0,320.0,320.0
Punch's Creek Renewable Energy Solar Farm,Punch's Creek Renewable Energy Solar Farm,Anticipated,QLD,0.0,0.0,798.8,798.8,798.8,798.8,798.8,798.8,798.8,798.8,0.0,0.0,798.8,798.8,798.8,798.8,798.8,798.8,798.8,798.8,0.0,0.0,798.8,798.8,798.8,798.8,798.8,798.8,798.8,798.8
GBWF1,Gawara Baya Wind Farm,Anticipated,QLD,0.0,0.0,0.0,0.0,367.2,367.2,367.2,367.2,367.2,367.2,0.0,0.0,0.0,0.0,400.0,400.0,400.0,400.0,400.0,400.0,0.0,0.0,0.0,0.0,0.0,400.0,400.0,400.0,400.0,400.0
Uungula Wind Farm,Uungula Wind Farm,Committed,NSW,0.0,0.0,207.0,414.0,414.0,414.0,414.0,414.0,414.0,414.0,0.0,0.0,207.0,414.0,414.0,414.0,414.0,414.0,414.0,414.0,0.0,0.0,0.0,414.0,414.0,414.0,414.0,414.0,414.0,414.0
Woolsthorpe Wind Farm,Woolsthorpe Wind Farm,Anticipated,VIC,0.0,0.0,0.0,72.0,72.0,72.0,72.0,72.0,72.0,72.0,0.0,0.0,0.0,72.0,72.0,72.0,72.0,72.0,72.0,72.0,0.0,0.0,0.0,72.0,72.0,72.0,72.0,72.0,72.0,72.0
BALB1,Ballarat Energy Storage System,Existing,VIC,28.8,28.8,28.8,19.2,19.2,19.2,19.2,19.2,0.0,0.0,29.9,29.9,29.9,19.9,19.9,19.9,19.9,19.9,0.0,0.0,29.9,29.9,29.9,29.9,19.9,19.9,19.9,19.9,19.9,0.0
BOWWBA1,Bolivar Waste Water Treatment BESS,Existing,SA,2.0,2.0,2.0,2.0,2.0,2.0,2.0,2.0,2.0,2.0,2.0,2.0,2.0,2.0,2.0,2.0,2.0,2.0,2.0,2.0,2.2,2.2,2.2,2.2,2.2,2.2,2.2,2.2,2.2,2.2
BBATTERY,Bouldercombe Battery project,Existing,QLD,50.0,50.0,50.0,50.0,50.0,46.0,46.0,46.0,46.0,46.0,50.0,50.0,50.0,50.0,50.0,46.0,46.0,46.0,46.0,46.0,50.0,50.0,50.0,50.0,50.0,46.0,46.0,46.0,46.0,46.0
BULBES1,Bulgana Green Power Hub BESS,Existing,VIC,20.0,20.0,20.0,20.0,20.0,20.0,20.0,20.0,20.0,20.0,20.0,20.0,20.0,20.0,20.0,20.0,20.0,20.0,20.0,20.0,20.0,20.0,20.0,20.0,20.0,20.0,20.0,20.0,20.0,20.0
DALNTH1,Dalrymple BESS,Existing,SA,30.0,30.0,30.0,30.0,30.0,0.0,0.0,0.0,0.0,0.0,30.0,30.0,30.0,30.0,30.0,0.0,0.0,0.0,0.0,0.0,30.0,30.0,30.0,30.0,30.0,30.0,0.0,0.0,0.0,0.0
DPNTB1,Darlington Point Energy Storage System,Existing,NSW,25.0,25.0,25.0,25.0,25.0,25.0,25.0,25.0,25.0,25.0,25.0,25.0,25.0,25.0,25.0,25.0,25.0,25.0,25.0,25.0,25.0,25.0,25.0,25.0,25.0,25.0,25.0,25.0,25.0,25.0
GANNB1,Gannawarra Energy Storage System,Existing,VIC,25.3,25.3,25.3,25.3,25.3,25.3,25.3,25.3,0.0,0.0,25.3,25.3,25.3,25.3,25.3,25.3,25.3,25.3,0.0,0.0,25.3,25.3,25.3,25.3,25.3,25.3,25.3,25.3,25.3,0.0
HVWWBA1,Happy Valley Reservoir BESS,Existing,SA,4.0,4.0,4.0,4.0,4.0,4.0,4.0,4.0,4.0,4.0,4.3,4.3,4.3,4.3,4.3,4.3,4.3,4.3,4.3,4.3,4.3,4.3,4.3,4.3,4.3,4.3,4.3,4.3,4.3,4.3
HPR1,Hornsdale Power Reserve Unit 1,Existing,SA,150.0,150.0,150.0,150.0,150.0,150.0,150.0,150.0,150.0,150.0,150.0,150.0,150.0,150.0,150.0,150.0,150.0,150.0,150.0,150.0,150.0,150.0,150.0,150.0,150.0,150.0,150.0,150.0,150.0,150.0
LBBG1,Lake Bonney BESS,Existing,SA,25.0,25.0,25.0,25.0,25.0,25.0,25.0,25.0,25.0,25.0,25.0,25.0,25.0,25.0,25.0,25.0,25.0,25.0,25.0,25.0,25.0,25.0,25.0,25.0,25.0,25.0,25.0,25.0,25.0,25.0
PIBESS1,Philip Island BESS,Existing,VIC,5.0,5.0,5.0,5.0,5.0,5.0,5.0,5.0,5.0,5.0,5.0,5.0,5.0,5.0,5.0,5.0,5.0,5.0,5.0,5.0,5.0,5.0,5.0,5.0,5.0,5.0,5.0,5.0,5.0,5.0
QBYNB1,Queanbeyan BESS,Existing,NSW,10.0,10.0,10.0,10.0,10.0,10.0,10.0,10.0,10.0,0.0,10.0,10.0,10.0,10.0,10.0,10.0,10.0,10.0,10.0,0.0,10.0,10.0,10.0,10.0,10.0,10.0,10.0,10.0,10.0,0.0
RANGEB1,Rangebank BESS,Existing,VIC,200.0,200.0,200.0,200.0,200.0,200.0,200.0,200.0,200.0,200.0,200.0,200.0,200.0,200.0,200.0,200.0,200.0,200.0,200.0,200.0,200.0,200.0,200.0,200.0,200.0,200.0,200.0,200.0,200.0,200.0
RESS1G,Riverina Energy Storage System 1,Existing,NSW,60.0,60.0,60.0,60.0,60.0,60.0,60.0,60.0,60.0,60.0,60.0,60.0,60.0,60.0,60.0,60.0,60.0,60.0,60.0,60.0,60.0,60.0,60.0,60.0,60.0,60.0,60.0,60.0,60.0,60.0
RIVNB2,Riverina Energy Storage System 2,Existing,NSW,65.0,65.0,65.0,65.0,65.0,65.0,65.0,65.0,65.0,65.0,65.0,65.0,65.0,65.0,65.0,65.0,65.0,65.0,65.0,65.0,65.0,65.0,65.0,65.0,65.0,65.0,65.0,65.0,65.0,65.0
VBB1,Victorian Big Battery,Existing,VIC,50.0,50.0,50.0,50.0,50.0,50.0,50.0,50.0,50.0,50.0,50.0,50.0,50.0,50.0,50.0,50.0,50.0,50.0,50.0,50.0,240.0,240.0,240.0,240.0,240.0,240.0,240.0,240.0,240.0,240.0
WALGRV1,Wallgrove Grid Battery project,Existing,NSW,50.0,50.0,50.0,50.0,50.0,50.0,50.0,50.0,50.0,50.0,50.0,50.0,50.0,50.0,50.0,50.0,50.0,50.0,50.0,50.0,50.0,50.0,50.0,50.0,50.0,50.0,50.0,50.0,50.0,50.0
WANDB1,Wandoan South BESS,Existing,QLD,100.0,100.0,100.0,100.0,100.0,100.0,100.0,100.0,100.0,100.0,100.0,100.0,100.0,100.0,100.0,100.0,100.0,100.0,100.0,100.0,100.0,100.0,100.0,100.0,100.0,100.0,100.0,100.0,100.0,100.0
ADPBA1,Adelaide Desalination Plant BESS,Existing,SA,6.0,6.0,6.0,6.0,6.0,6.0,6.0,6.0,6.0,6.0,6.1,6.1,6.1,6.1,6.1,6.1,6.1,6.1,6.1,6.1,6.1,6.1,6.1,6.1,6.1,6.1,6.1,6.1,6.1,6.1
BLYTHB1,Blyth BESS,Existing,SA,194.0,194.0,194.0,194.0,194.0,194.0,194.0,194.0,194.0,194.0,200.0,200.0,200.0,200.0,200.0,200.0,200.0,200.0,200.0,200.0,200.0,200.0,200.0,200.0,200.0,200.0,200.0,200.0,200.0,200.0
BHBG1,Broken Hill BESS,Existing,NSW,50.0,50.0,50.0,50.0,50.0,50.0,50.0,50.0,50.0,50.0,50.0,50.0,50.0,50.0,50.0,50.0,50.0,50.0,50.0,50.0,50.0,50.0,50.0,50.0,50.0,50.0,50.0,50.0,50.0,50.0
CAPBES1,Capital Battery,Existing,NSW,95.7,95.7,95.7,95.7,95.7,95.7,95.7,95.7,95.7,95.7,100.0,100.0,100.0,100.0,100.0,100.0,100.0,100.0,100.0,100.0,100.0,100.0,100.0,100.0,100.0,100.0,100.0,100.0,100.0,100.0
CHBESSG1,Chinchilla BESS,Existing,QLD,100.0,100.0,100.0,100.0,100.0,100.0,100.0,100.0,100.0,100.0,100.0,100.0,100.0,100.0,100.0,100.0,100.0,100.0,100.0,100.0,100.0,100.0,100.0,100.0,100.0,100.0,100.0,100.0,100.0,100.0
CBWWBA1,Christies Beach Wastewater Treatment Plant BESS,Existing,SA,2.0,2.0,2.0,2.0,2.0,2.0,2.0,2.0,2.0,2.0,2.2,2.2,2.2,2.2,2.2,2.2,2.2,2.2,2.2,2.2,2.2,2.2,2.2,2.2,2.2,2.2,2.2,2.2,2.2,2.2
Clements Gap BESS,Clements Gap BESS,Committed,SA,0.0,60.0,60.0,60.0,60.0,60.0,60.0,60.0,60.0,60.0,0.0,60.0,60.0,60.0,60.0,60.0,60.0,60.0,60.0,60.0,0.0,60.0,60.0,60.0,60.0,60.0,60.0,60.0,60.0,60.0
Eraring Big Battery,Eraring Big Battery,Existing,NSW,460.0,460.0,460.0,460.0,460.0,460.0,460.0,460.0,460.0,460.0,460.0,460.0,460.0,460.0,460.0,460.0,460.0,460.0,460.0,460.0,0.0,460.0,460.0,460.0,460.0,460.0,460.0,460.0,460.0,460.0
GREENB1,Greenbank BESS,Existing,QLD,200.0,200.0,200.0,200.0,200.0,200.0,200.0,200.0,200.0,200.0,200.0,200.0,200.0,200.0,200.0,200.0,200.0,200.0,200.0,200.0,200.0,200.0,200.0,200.0,200.0,200.0,200.0,200.0,200.0,200.0
HBESS1,Hazelwood BESS,Existing,VIC,150.0,150.0,150.0,150.0,150.0,150.0,150.0,150.0,150.0,150.0,150.0,150.0,150.0,150.0,150.0,150.0,150.0,150.0,150.0,150.0,150.0,150.0,150.0,150.0,150.0,150.0,150.0,150.0,150.0,150.0
Koorangie Energy Storage System,Koorangie Energy Storage System,Existing,VIC,185.0,185.0,185.0,185.0,185.0,185.0,185.0,185.0,185.0,185.0,185.0,185.0,185.0,185.0,185.0,185.0,185.0,185.0,185.0,185.0,185.0,185.0,185.0,185.0,185.0,185.0,185.0,185.0,185.0,185.0
LaTrobe Valley BESS,LaTrobe Valley BESS,Existing,VIC,100.0,100.0,100.0,98.0,98.0,96.0,96.0,96.0,94.0,92.0,100.0,100.0,100.0,98.0,98.0,96.0,96.0,96.0,94.0,92.0,100.0,100.0,100.0,98.0,98.0,96.0,96.0,96.0,94.0,92.0
Liddell BESS,Liddell BESS,Committed,NSW,250.0,500.0,500.0,500.0,500.0,500.0,500.0,500.0,500.0,500.0,250.0,500.0,500.0,500.0,500.0,500.0,500.0,500.0,500.0,500.0,0.0,500.0,500.0,500.0,500.0,500.0,500.0,500.0,500.0,500.0
Lockhart Hybrid Facility - Battery,Lockhart Hybrid Facility - Battery,Committed,NSW,0.0,9.9,9.9,9.9,9.9,9.9,9.9,9.9,9.9,9.9,0.0,9.9,9.9,9.9,9.9,9.9,9.9,9.9,9.9,9.9,0.0,9.9,9.9,9.9,9.9,9.9,9.9,9.9,9.9,9.9
Melbourne Renewable Energy Hub - Side A,Melbourne Renewable Energy Hub - Side A,Existing,VIC,600.0,600.0,600.0,600.0,600.0,600.0,600.0,600.0,600.0,600.0,600.0,600.0,600.0,600.0,600.0,600.0,600.0,600.0,600.0,600.0,0.0,600.0,600.0,600.0,600.0,600.0,600.0,600.0,600.0,600.0
QPBESS,Quorn Park BESS,Committed,NSW,0.0,20.0,20.0,20.0,20.0,20.0,20.0,20.0,20.0,20.0,0.0,20.0,20.0,20.0,20.0,20.0,20.0,20.0,20.0,20.0,0.0,0.0,20.0,20.0,20.0,20.0,20.0,20.0,20.0,20.0
TB2BG1,Tailem Bend Battery Project,Committed,SA,40.5,40.5,40.5,40.5,40.5,40.5,40.5,40.5,40.5,40.5,41.0,41.0,41.0,41.0,41.0,41.0,41.0,41.0,41.0,41.0,41.0,41.0,41.0,41.0,41.0,41.0,41.0,41.0,41.0,41.0
Tarong BESS,Tarong BESS,Committed,QLD,300.0,300.0,300.0,300.0,300.0,300.0,300.0,300.0,300.0,300.0,300.0,300.0,300.0,300.0,300.0,300.0,300.0,300.0,300.0,300.0,0.0,300.0,300.0,300.0,300.0,300.0,300.0,300.0,300.0,300.0
Templers BESS,Templers BESS,Committed,SA,111.0,111.0,111.0,111.0,111.0,111.0,111.0,111.0,111.0,111.0,111.0,111.0,111.0,111.0,111.0,111.0,111.0,111.0,111.0,111.0,30.0,111.0,111.0,111.0,111.0,111.0,111.0,111.0,111.0,111.0
TIB1,Torrens Island BESS,Existing,SA,250.7,250.7,250.7,250.7,250.7,250.7,250.7,250.7,250.7,250.7,250.7,250.7,250.7,250.7,250.7,250.7,250.7,250.7,250.7,250.7,250.7,250.7,250.7,250.7,250.7,250.7,250.7,250.7,250.7,250.7
ULBESS,Ulinda Park BESS,Existing,QLD,139.4,139.4,139.4,139.4,139.4,139.4,139.4,139.4,139.4,139.4,155.0,155.0,155.0,155.0,155.0,155.0,155.0,155.0,155.0,155.0,0.0,155.0,155.0,155.0,155.0,155.0,155.0,155.0,155.0,155.0
WTAHB1,Waratah Super Battery,Committed,NSW,0.0,0.0,150.0,150.0,150.0,763.2,763.2,763.2,763.2,763.2,0.0,0.0,150.0,150.0,150.0,763.2,763.2,763.2,763.2,763.2,0.0,0.0,150.0,150.0,150.0,850.2,850.2,850.2,850.2,850.2
WDBESS1,Western Downs Battery,Committed,QLD,255.0,255.0,255.0,255.0,255.0,255.0,255.0,255.0,255.0,255.0,255.0,255.0,255.0,255.0,255.0,255.0,255.0,255.0,255.0,255.0,0.0,255.0,255.0,255.0,255.0,255.0,255.0,255.0,254.8,255.0
Aldoga BESS Stage 1,Aldoga BESS Stage 1,Additional policy-supported project,QLD,0.0,0.0,400.0,400.0,400.0,400.0,400.0,400.0,400.0,400.0,0.0,0.0,400.0,400.0,400.0,400.0,400.0,400.0,400.0,400.0,0.0,0.0,0.0,400.0,400.0,400.0,400.0,400.0,400.0,400.0
Brendale BESS,Brendale BESS,Committed,QLD,0.0,183.7,183.7,183.7,183.7,183.7,183.7,183.7,183.7,183.7,0.0,183.7,183.7,183.7,183.7,183.7,183.7,183.7,183.7,183.7,0.0,205.0,205.0,205.0,205.0,205.0,205.0,205.0,205.0,205.0
Bungama Solar BESS,Bungama Solar BESS,Committed,SA,0.0,150.0,150.0,150.0,150.0,150.0,150.0,150.0,150.0,150.0,0.0,150.0,150.0,150.0,150.0,150.0,150.0,150.0,150.0,150.0,0.0,150.0,150.0,150.0,150.0,150.0,150.0,150.0,150.0,150.0
Eraring Big Battery 2,Eraring Big Battery 2,Committed,NSW,0.0,240.0,240.0,240.0,240.0,240.0,240.0,240.0,240.0,240.0,0.0,240.0,240.0,240.0,240.0,240.0,240.0,240.0,240.0,240.0,0.0,0.0,240.0,240.0,240.0,240.0,240.0,240.0,240.0,240.0
GBBATT1,Gawara Baya Wind Farm BESS,Anticipated,QLD,0.0,0.0,0.0,104.0,104.0,104.0,104.0,104.0,104.0,104.0,0.0,0.0,0.0,104.0,104.0,104.0,104.0,104.0,104.0,104.0,0.0,0.0,0.0,0.0,104.0,104.0,104.0,104.0,104.0,104.0
Gnarwarre BESS,Gnarwarre BESS,Committed,VIC,0.0,0.0,249.8,249.8,249.8,249.8,249.8,249.8,249.8,249.8,0.0,0.0,249.8,249.8,249.8,249.8,249.8,249.8,249.8,249.8,0.0,0.0,0.0,249.8,249.8,249.8,249.8,249.8,249.8,249.8
Limondale BESS,Limondale BESS,Committed,NSW,50.0,50.0,50.0,50.0,50.0,50.0,50.0,50.0,50.0,50.0,50.0,50.0,50.0,50.0,50.0,50.0,50.0,50.0,50.0,50.0,0.0,50.0,50.0,50.0,50.0,50.0,50.0,50.0,50.0,50.0
LGAPBS1,Lincoln Gap Wind Farm BESS,Committed,SA,0.0,10.0,10.0,10.0,10.0,10.0,10.0,10.0,10.0,10.0,0.0,10.0,10.0,10.0,10.0,10.0,10.0,10.0,10.0,10.0,0.0,10.0,10.0,10.0,10.0,10.0,10.0,10.0,10.0,10.0
Mannum BESS,Mannum BESS,Existing,SA,100.0,100.0,100.0,100.0,100.0,100.0,100.0,100.0,100.0,100.0,100.0,100.0,100.0,100.0,100.0,100.0,100.0,100.0,100.0,100.0,0.0,100.0,100.0,100.0,100.0,100.0,100.0,100.0,100.0,100.0
Maryvale Solar Farm BESS,Maryvale Solar Farm BESS,Anticipated,NSW,0.0,172.0,172.0,172.0,172.0,172.0,172.0,172.0,172.0,172.0,0.0,172.0,172.0,172.0,172.0,172.0,172.0,172.0,172.0,172.0,0.0,0.0,172.0,172.0,172.0,172.0,172.0,172.0,172.0,172.0
Mortlake Battery,Mortlake Battery,Committed,VIC,0.0,300.0,300.0,300.0,300.0,300.0,300.0,300.0,300.0,300.0,0.0,300.0,300.0,300.0,300.0,300.0,300.0,300.0,300.0,300.0,0.0,250.0,300.0,300.0,300.0,300.0,300.0,300.0,300.0,300.0
Mortlake Energy Hub BESS,Mortlake Energy Hub BESS,Anticipated,VIC,0.0,0.0,0.0,268.1,268.1,268.1,268.1,268.1,268.1,268.1,0.0,0.0,0.0,268.1,268.1,268.1,268.1,268.1,268.1,268.1,0.0,0.0,0.0,176.9,268.1,268.1,268.1,268.1,268.1,268.1
Mt Fox BESS,Mt Fox BESS,Additional policy-supported project,QLD,0.0,0.0,0.0,0.0,300.0,300.0,300.0,300.0,300.0,300.0,0.0,0.0,0.0,0.0,300.0,300.0,300.0,300.0,300.0,300.0,0.0,0.0,0.0,0.0,300.0,300.0,300.0,300.0,300.0,300.0
New England Solar Farm BESS,New England Solar Farm BESS,Committed,NSW,0.0,200.0,200.0,200.0,200.0,200.0,200.0,200.0,200.0,200.0,0.0,200.0,200.0,200.0,200.0,200.0,200.0,200.0,200.0,200.0,0.0,200.0,200.0,200.0,200.0,200.0,200.0,200.0,200.0,200.0
ORANA,Orana BESS,Committed,NSW,0.0,373.6,373.6,373.6,373.6,373.6,373.6,373.6,373.6,373.6,0.0,414.8,414.8,414.8,414.8,414.8,414.8,414.8,414.8,414.8,0.0,414.8,414.8,414.8,414.8,414.8,414.8,414.8,414.8,414.8
Richmond Valley BESS,Richmond Valley BESS,Anticipated,NSW,0.0,0.0,275.0,275.0,275.0,275.0,275.0,275.0,275.0,275.0,0.0,0.0,275.0,275.0,275.0,275.0,275.0,275.0,275.0,275.0,0.0,0.0,0.0,275.0,275.0,275.0,275.0,275.0,275.0,275.0
Silver City Energy Storage,Silver City Energy Storage,Anticipated,NSW,0.0,0.0,0.0,200.0,200.0,200.0,200.0,200.0,200.0,200.0,0.0,0.0,0.0,200.0,200.0,200.0,200.0,200.0,200.0,200.0,0.0,0.0,0.0,0.0,200.0,200.0,200.0,200.0,200.0,200.0
Smithfield BESS,Smithfield BESS,Existing,NSW,65.0,65.0,65.0,65.0,65.0,65.0,65.0,65.0,65.0,65.0,65.0,65.0,65.0,65.0,65.0,65.0,65.0,65.0,65.0,65.0,0.0,65.0,65.0,65.0,65.0,65.0,65.0,65.0,65.0,65.0
Stanwell BESS,Stanwell BESS,Anticipated,QLD,0.0,300.0,300.0,300.0,300.0,300.0,300.0,300.0,300.0,300.0,0.0,300.0,300.0,300.0,300.0,300.0,300.0,300.0,300.0,300.0,0.0,0.0,300.0,300.0,300.0,300.0,300.0,300.0,300.0,300.0
Swanbank BESS,Swanbank BESS,Anticipated,QLD,250.0,250.0,250.0,250.0,250.0,250.0,250.0,250.0,250.0,250.0,250.0,250.0,250.0,250.0,250.0,250.0,250.0,250.0,250.0,250.0,0.0,250.0,250.0,250.0,250.0,250.0,250.0,250.0,250.0,250.0
TRGBESS,Terang BESS,Committed,VIC,0.0,100.0,100.0,100.0,100.0,100.0,100.0,100.0,100.0,100.0,0.0,100.0,100.0,100.0,100.0,100.0,100.0,100.0,100.0,100.0,0.0,100.0,100.0,100.0,100.0,100.0,100.0,100.0,100.0,100.0
Wooreen Energy Storage System,Wooreen Energy Storage System,Committed,VIC,0.0,0.0,350.0,350.0,350.0,350.0,350.0,350.0,350.0,350.0,0.0,0.0,350.0,350.0,350.0,350.0,350.0,350.0,350.0,350.0,0.0,0.0,0.0,350.0,350.0,350.0,350.0,350.0,350.0,350.0
Kogan Gas,Brigalow GT,Anticipated,QLD,0.0,0.0,0.0,400.0,400.0,400.0,400.0,400.0,400.0,400.0,0.0,0.0,0.0,400.0,400.0,400.0,400.0,400.0,400.0,400.0,0.0,0.0,0.0,0.0,400.0,400.0,400.0,400.0,400.0,400.0
Fulham Solar Farm,Fulham Solar Farm,Committed,VIC,0.0,0.0,76.8,76.8,76.8,76.8,76.8,76.8,76.8,76.8,0.0,0.0,79.9,79.9,79.9,79.9,79.9,79.9,79.9,79.9,0.0,0.0,0.0,79.9,79.9,79.9,79.9,79.9,79.9,79.9
Solar River Solar Farm,Solar River Solar Farm,Anticipated,SA,0.0,0.0,0.0,0.0,0.0,0.0,0.0,0.0,0.0,0.0,0.0,0.0,77.3,77.3,77.3,77.3,77.3,77.3,77.3,77.3,0.0,0.0,0.0,0.0,0.0,0.0,0.0,0.0,0.0,0.0
Coppabella Wind Farm,Coppabella Wind Farm,Anticipated,NSW,0.0,0.0,270.5,270.5,270.5,270.5,270.5,270.5,270.5,270.5,0.0,0.0,270.5,270.5,270.5,270.5,270.5,270.5,270.5,270.5,0.0,0.0,270.5,270.5,270.5,270.5,270.5,270.5,270.5,270.5
Derby Solar Project BESS,Derby Solar Project BESS,Additional policy-supported project,VIC,0.0,0.0,95.0,95.0,95.0,95.0,95.0,95.0,95.0,95.0,0.0,0.0,95.0,95.0,95.0,95.0,95.0,95.0,95.0,95.0,0.0,0.0,95.0,95.0,95.0,95.0,95.0,95.0,95.0,95.0
Fulham Solar Farm BESS,Fulham Solar Farm BESS,Committed,VIC,0.0,0.0,61.4,61.4,61.4,61.4,61.4,61.4,61.4,61.4,0.0,0.0,64.1,64.1,64.1,64.1,64.1,64.1,64.1,64.1,0.0,0.0,0.0,64.1,64.1,64.1,64.1,64.1,64.1,64.1
Goulburn River BESS,Goulburn River BESS,Anticipated,NSW,0.0,0.0,0.0,0.0,450.0,450.0,450.0,450.0,450.0,450.0,0.0,0.0,0.0,0.0,450.0,450.0,450.0,450.0,450.0,450.0,0.0,0.0,0.0,0.0,450.0,450.0,450.0,450.0,450.0,450.0
Hallett BESS,Hallett BESS,Anticipated,SA,0.0,0.0,50.0,50.0,50.0,50.0,50.0,50.0,50.0,50.0,0.0,0.0,50.0,50.0,50.0,50.0,50.0,50.0,50.0,50.0,0.0,0.0,50.0,50.0,50.0,50.0,50.0,50.0,50.0,50.0
Horsham Solar Farm BESS,Horsham Solar Farm BESS,Additional policy-supported project,VIC,0.0,0.0,100.0,100.0,100.0,100.0,100.0,100.0,100.0,100.0,0.0,0.0,100.0,100.0,100.0,100.0,100.0,100.0,100.0,100.0,0.0,0.0,100.0,100.0,100.0,100.0,100.0,100.0,100.0,100.0
Limestone Coast West BESS,Limestone Coast West BESS,Additional policy-supported project,SA,0.0,0.0,336.0,336.0,336.0,336.0,336.0,336.0,336.0,336.0,0.0,0.0,336.0,336.0,336.0,336.0,336.0,336.0,336.0,336.0,0.0,0.0,336.0,336.0,336.0,336.0,336.0,336.0,336.0,336.0
Solar River Solar Farm BESS,Solar River Solar Farm BESS,Anticipated,SA,0.0,0.0,256.0,256.0,256.0,256.0,256.0,256.0,256.0,256.0,0.0,0.0,256.0,256.0,256.0,256.0,256.0,256.0,256.0,256.0,0.0,0.0,0.0,256.0,256.0,256.0,256.0,256.0,256.0,256.0
Springvale Energy Hub BESS,Springvale Energy Hub BESS,Anticipated,VIC,0.0,123.52,123.52,123.52,123.52,123.52,123.52,123.52,123.52,123.52,0.0,123.52,123.52,123.52,123.52,123.52,123.52,123.52,123.52,123.52,0.0,123.52,123.52,123.52,123.52,123.52,123.52,123.52,123.52,123.52
Mornington BESS,Mornington BESS,Committed,VIC,240.0,240.0,240.0,240.0,240.0,240.0,240.0,240.0,240.0,240.0,240.0,240.0,240.0,240.0,240.0,240.0,240.0,240.0,240.0,240.0,0.0,240.0,240.0,240.0,240.0,240.0,240.0,240.0,240.0,240.0
Tamworth BESS,Tamworth BESS,Anticipated,NSW,0.0,0.0,100.0,100.0,100.0,100.0,100.0,100.0,100.0,100.0,0.0,0.0,100.0,100.0,100.0,100.0,100.0,100.0,100.0,100.0,0.0,0.0,0.0,100.0,100.0,100.0,100.0,100.0,100.0,100.0
Tamworth BESS 2,Tamworth BESS,Anticipated,NSW,0.0,0.0,100.0,100.0,100.0,100.0,100.0,100.0,100.0,100.0,0.0,0.0,100.0,100.0,100.0,100.0,100.0,100.0,100.0,100.0,0.0,0.0,0.0,100.0,100.0,100.0,100.0,100.0,100.0,100.0
Borumba Pumped Hydro,Borumba Pumped Hydro,Anticipated,QLD,0.0,0.0,0.0,0.0,0.0,0.0,0.0,0.0,0.0,1998.0,0.0,0.0,0.0,0.0,0.0,0.0,0.0,0.0,0.0,1998.0,0.0,0.0,0.0,0.0,0.0,0.0,0.0,0.0,0.0,1998.0
Broadsound BESS,Broadsound BESS,Anticipated,QLD,0.0,180.0,180.0,180.0,180.0,180.0,180.0,180.0,180.0,180.0,0.0,180.0,180.0,180.0,180.0,180.0,180.0,180.0,180.0,180.0,0.0,0.0,180.0,180.0,180.0,180.0,180.0,180.0,180.0,180.0
Calala BESS 1,Calala BESS 1,Committed,NSW,0.0,100.0,100.0,100.0,100.0,100.0,100.0,100.0,100.0,100.0,0.0,100.0,100.0,100.0,100.0,100.0,100.0,100.0,100.0,100.0,0.0,0.0,100.0,100.0,100.0,100.0,100.0,100.0,100.0,100.0
Calala BESS 2,Calala BESS 2,Committed,NSW,0.0,150.0,150.0,150.0,150.0,150.0,150.0,150.0,150.0,150.0,0.0,150.0,150.0,150.0,150.0,150.0,150.0,150.0,150.0,150.0,0.0,0.0,150.0,150.0,150.0,150.0,150.0,150.0,150.0,150.0
Glanmire Solar Farm BESS,Glanmire Solar Farm BESS,Anticipated,NSW,0.0,0.0,60.0,60.0,60.0,60.0,60.0,60.0,60.0,60.0,0.0,0.0,60.0,60.0,60.0,60.0,60.0,60.0,60.0,60.0,0.0,0.0,60.0,60.0,60.0,60.0,60.0,60.0,60.0,60.0
Bullyard Solar Farm,Bullyard Solar Farm,Anticipated,QLD,0.0,0.0,97.0,97.0,97.0,97.0,97.0,97.0,97.0,97.0,0.0,0.0,97.0,97.0,97.0,97.0,97.0,97.0,97.0,97.0,0.0,0.0,90.0,90.0,90.0,90.0,90.0,90.0,90.0,90.0
Glanmire Solar Farm,Glanmire Solar Farm,Anticipated,NSW,0.0,0.0,60.0,60.0,60.0,60.0,60.0,60.0,60.0,60.0,0.0,0.0,60.0,60.0,60.0,60.0,60.0,60.0,60.0,60.0,0.0,0.0,0.0,60.0,60.0,60.0,60.0,60.0,60.0,60.0
Ravenswood Solar Farm,Ravenswood Solar Farm,Anticipated,VIC,380.2,380.2,467.7,467.7,467.7,467.7,467.7,467.7,467.7,467.7,380.2,380.2,467.7,467.7,467.7,467.7,467.7,467.7,467.7,467.7,0.0,380.2,467.7,467.7,467.7,467.7,467.7,467.7,467.7,467.7
Lockyer Valley GT,Lockyer Valley GT,Anticipated,QLD,0.0,0.0,0.0,0.0,0.0,116.0,116.0,116.0,116.0,116.0,0.0,0.0,0.0,0.0,0.0,116.0,116.0,116.0,116.0,116.0,0.0,0.0,0.0,0.0,0.0,0.0,116.0,116.0,116.0,116.0
Boulder Creek Wind Farm,Boulder Creek Wind Farm,Committed,QLD,0.0,0.0,106.2,106.2,106.2,106.2,106.2,106.2,106.2,106.2,0.0,0.0,221.0,221.0,221.0,221.0,221.0,221.0,221.0,221.0,0.0,0.0,0.0,221.0,221.0,221.0,221.0,221.0,221.0,221.0
Inverleigh Wind Farm,Inverleigh Wind Farm,Anticipated,VIC,0.0,0.0,91.5,91.5,91.5,91.5,91.5,91.5,91.5,91.5,0.0,0.0,91.5,91.5,91.5,91.5,91.5,91.5,91.5,91.5,0.0,0.0,91.5,91.5,91.5,91.5,91.5,91.5,91.5,91.5
Port Latta Wind Farm,Port Latta Wind Farm,Anticipated,TAS,0.0,0.0,0.0,20.8,20.8,20.8,20.8,20.8,20.8,20.8,0.0,0.0,0.0,20.8,20.8,20.8,20.8,20.8,20.8,20.8,0.0,0.0,0.0,20.8,20.8,20.8,20.8,20.8,20.8,20.8
Valley of the Winds Wind Farm,Valley of the Winds,Anticipated,NSW,0.0,0.0,0.0,0.0,319.0,919.0,919.0,919.0,919.0,919.0,0.0,0.0,0.0,0.0,319.0,919.0,919.0,919.0,919.0,919.0,0.0,0.0,0.0,0.0,0.0,919.0,919.0,919.0,919.0,919.0
Woolooga BESS,Woolooga BESS,Committed,QLD,0.0,222.0,222.0,222.0,222.0,222.0,222.0,222.0,222.0,222.0,0.0,222.0,222.0,222.0,222.0,222.0,222.0,222.0,222.0,222.0,0.0,0.0,222.0,222.0,222.0,222.0,222.0,222.0,222.0,222.0
Supernode BESS 1,Supernode BESS 1,Committed,QLD,260.0,260.0,260.0,260.0,260.0,260.0,260.0,260.0,260.0,260.0,260.0,260.0,260.0,260.0,260.0,260.0,260.0,260.0,260.0,260.0,0.0,260.0,260.0,260.0,260.0,260.0,260.0,260.0,260.0,260.0
Supernode BESS 2,Supernode BESS 2,Committed,QLD,0.0,260.0,260.0,260.0,260.0,260.0,260.0,260.0,260.0,260.0,0.0,260.0,260.0,260.0,260.0,260.0,260.0,260.0,260.0,260.0,0.0,260.0,260.0,260.0,260.0,260.0,260.0,260.0,260.0,260.0
Golden Plains West Wind Farm,Golden Plains West Wind Farm,Committed,VIC,0.0,372.0,372.0,372.0,372.0,372.0,372.0,372.0,372.0,372.0,0.0,557.1,557.1,557.1,557.1,557.1,557.1,557.1,557.1,557.1,0.0,0.0,557.1,557.1,557.1,557.1,557.1,557.1,557.1,557.1
Lotus Creek Wind Farm,Lotus Creek Wind Farm,Committed,QLD,0.0,0.0,285.2,285.2,285.2,285.2,285.2,285.2,285.2,285.2,0.0,0.0,285.2,285.2,285.2,285.2,285.2,285.2,285.2,285.2,0.0,0.0,0.0,285.2,285.2,285.2,285.2,285.2,285.2,285.2
Barnawartha Solar Farm BESS,Barnawartha Solar Farm BESS,Additional policy-supported project,VIC,0.0,0.0,64.0,64.0,64.0,64.0,64.0,64.0,64.0,64.0,0.0,0.0,64.0,64.0,64.0,64.0,64.0,64.0,64.0,64.0,0.0,0.0,64.0,64.0,64.0,64.0,64.0,64.0,64.0,64.0
Barwon Solar Farm BESS,Barwon Solar Farm BESS,Additional policy-supported project,VIC,0.0,0.0,250.0,250.0,250.0,250.0,250.0,250.0,250.0,250.0,0.0,0.0,250.0,250.0,250.0,250.0,250.0,250.0,250.0,250.0,0.0,0.0,250.0,250.0,250.0,250.0,250.0,250.0,250.0,250.0
Bungama BESS,Bungama BESS,Additional policy-supported project,SA,200.0,200.0,200.0,200.0,200.0,200.0,200.0,200.0,200.0,200.0,200.0,200.0,200.0,200.0,200.0,200.0,200.0,200.0,200.0,200.0,200.0,200.0,200.0,200.0,200.0,200.0,200.0,200.0,200.0,200.0
Elaine Solar Farm BESS,Elaine Solar Farm BESS,Anticipated,VIC,0.0,0.0,125.0,125.0,125.0,125.0,125.0,125.0,125.0,125.0,0.0,0.0,125.0,125.0,125.0,125.0,125.0,125.0,125.0,125.0,0.0,0.0,125.0,125.0,125.0,125.0,125.0,125.0,125.0,125.0
Ganymirra Solar Power Station BESS,Ganymirra Solar Power Station BESS,Anticipated,QLD,0.0,0.0,0.0,150.0,150.0,150.0,150.0,150.0,150.0,150.0,0.0,0.0,0.0,150.0,150.0,150.0,150.0,150.0,150.0,150.0,0.0,0.0,0.0,0.0,150.0,150.0,150.0,150.0,150.0,150.0
Junction Rivers Wind Farm BESS,Junction Rivers Wind Farm BESS,Additional policy-supported project,NSW,0.0,0.0,0.0,0.0,0.0,0.0,0.0,237.6,237.6,237.6,0.0,0.0,0.0,0.0,0.0,0.0,0.0,237.6,237.6,237.6,0.0,0.0,0.0,0.0,0.0,0.0,0.0,237.6,237.6,237.6
Majors Creek Solar Power Station BESS,Majors Creek Power Station BESS,Anticipated,QLD,0.0,0.0,0.0,150.0,150.0,150.0,150.0,150.0,150.0,150.0,0.0,0.0,0.0,150.0,150.0,150.0,150.0,150.0,150.0,150.0,0.0,0.0,0.0,0.0,150.0,150.0,150.0,150.0,150.0,150.0
West Mokoan Solar Farm BESS,West Mokoan Solar Farm BESS,Anticipated,VIC,0.0,0.0,0.0,0.0,282.2,282.2,282.2,282.2,282.2,282.2,0.0,0.0,0.0,0.0,295.7,295.7,295.7,295.7,295.7,295.7,0.0,0.0,0.0,0.0,298.7,298.7,298.7,298.7,298.7,298.7
Griffith BESS,Griffith BESS,Additional policy-supported project,NSW,0.0,0.0,0.0,100.0,100.0,100.0,100.0,100.0,100.0,100.0,0.0,0.0,0.0,100.0,100.0,100.0,100.0,100.0,100.0,100.0,0.0,0.0,0.0,0.0,100.0,100.0,100.0,100.0,100.0,100.0
Stoney Creek BESS,Stoney Creek BESS,Anticipated,NSW,0.0,0.0,0.0,125.0,125.0,125.0,125.0,125.0,125.0,125.0,0.0,0.0,0.0,125.0,125.0,125.0,125.0,125.0,125.0,125.0,0.0,0.0,0.0,125.0,125.0,125.0,125.0,125.0,125.0,125.0
Barnawartha Solar Farm,Barnawartha Solar Farm,Additional policy-supported project,VIC,0.0,0.0,64.0,64.0,64.0,64.0,64.0,64.0,64.0,64.0,0.0,0.0,64.0,64.0,64.0,64.0,64.0,64.0,64.0,64.0,0.0,0.0,64.0,64.0,64.0,64.0,64.0,64.0,64.0,64.0
Barwon Solar Farm,Barwon Solar Farm,Anticipated,VIC,0.0,0.0,250.0,250.0,250.0,250.0,250.0,250.0,250.0,250.0,0.0,0.0,250.0,250.0,250.0,250.0,250.0,250.0,250.0,250.0,0.0,0.0,0.0,250.0,250.0,250.0,250.0,250.0,250.0,250.0
Campbells Forest Solar Farm,Campbells Forest Solar Farm,Additional policy-supported project,VIC,0.0,0.0,205.0,205.0,205.0,205.0,205.0,205.0,205.0,205.0,0.0,0.0,205.0,205.0,205.0,205.0,205.0,205.0,205.0,205.0,0.0,0.0,205.0,205.0,205.0,205.0,205.0,205.0,205.0,205.0
Elaine Solar Farm,Elaine Solar Farm,Anticipated,VIC,0.0,0.0,125.0,125.0,125.0,125.0,125.0,125.0,125.0,125.0,0.0,0.0,125.0,125.0,125.0,125.0,125.0,125.0,125.0,125.0,0.0,0.0,125.0,125.0,125.0,125.0,125.0,125.0,125.0,125.0
Ganymirra Solar Power Station,Ganymirra Solar Power Station,Anticipated,QLD,0.0,0.0,0.0,150.0,150.0,150.0,150.0,150.0,150.0,150.0,0.0,0.0,0.0,150.0,150.0,150.0,150.0,150.0,150.0,150.0,0.0,0.0,0.0,0.0,150.0,150.0,150.0,150.0,150.0,150.0
Hopeland Solar Farm,Hopeland Solar Farm,Additional policy-supported project,QLD,0.0,0.0,0.0,327.6,327.6,327.6,327.6,327.6,327.6,327.6,0.0,0.0,0.0,327.6,327.6,327.6,327.6,327.6,327.6,327.6,0.0,0.0,0.0,327.6,327.6,327.6,327.6,327.6,327.6,327.6
Majors Creek Solar Power Station,Majors Creek Power Station,Anticipated,QLD,0.0,0.0,0.0,180.0,180.0,180.0,180.0,180.0,180.0,180.0,0.0,0.0,0.0,180.0,180.0,180.0,180.0,180.0,180.0,180.0,0.0,0.0,0.0,0.0,180.0,180.0,180.0,180.0,180.0,180.0
Sandy Creek Solar Farm,Sandy Creek Solar Farm,Anticipated,NSW,0.0,0.0,0.0,0.0,175.0,525.0,700.0,700.0,700.0,700.0,0.0,0.0,0.0,0.0,175.0,525.0,700.0,700.0,700.0,700.0,0.0,0.0,0.0,0.0,0.0,350.0,700.0,700.0,700.0,700.0
West Mokoan Solar Farm,West Mokoan Solar Farm,Anticipated,VIC,0.0,0.0,0.0,0.0,283.5,283.5,283.5,283.5,283.5,283.5,0.0,0.0,0.0,0.0,297.0,297.0,297.0,297.0,297.0,297.0,0.0,0.0,0.0,0.0,300.0,300.0,300.0,300.0,300.0,300.0
Phoenix Pumped Hydro Project,Phoenix Pumped Hydro Project,Additional policy-supported project,NSW,0.0,0.0,0.0,0.0,0.0,0.0,0.0,810.0,810.0,810.0,0.0,0.0,0.0,0.0,0.0,0.0,0.0,810.0,810.0,810.0,0.0,0.0,0.0,0.0,0.0,0.0,0.0,810.0,810.0,810.0
Goyder North Wind Farm 1,Goyder North Wind Farm 1,Anticipated,SA,0.0,0.0,0.0,0.0,150.0,300.0,300.0,300.0,300.0,300.0,0.0,0.0,0.0,0.0,150.0,300.0,300.0,300.0,300.0,300.0,0.0,0.0,0.0,0.0,0.0,300.0,300.0,300.0,300.0,300.0
Junction Rivers Wind Farm,Junction Rivers Wind Farm,Additional policy-supported project,NSW,0.0,0.0,0.0,0.0,0.0,0.0,0.0,595.2,595.2,595.2,0.0,0.0,0.0,0.0,0.0,0.0,0.0,595.2,595.2,595.2,0.0,0.0,0.0,0.0,0.0,0.0,0.0,595.2,595.2,595.2
Kentbruck Green Power Hub Wind Farm,Kentbruck Green Power Hub Wind Farm,Additional policy-supported project,VIC,0.0,0.0,0.0,0.0,0.0,600.0,600.0,600.0,600.0,600.0,0.0,0.0,0.0,0.0,0.0,600.0,600.0,600.0,600.0,600.0,0.0,0.0,0.0,0.0,0.0,600.0,600.0,600.0,600.0,600.0
Palmer Wind Farm,Palmer Wind Farm,Additional policy-supported project,SA,0.0,0.0,0.0,274.0,274.0,274.0,274.0,274.0,274.0,274.0,0.0,0.0,0.0,274.0,274.0,274.0,274.0,274.0,274.0,274.0,0.0,0.0,0.0,274.0,274.0,274.0,274.0,274.0,274.0,274.0
Spicers Creek Wind Farm,Spicers Creek Wind Farm,Additional policy-supported project,NSW,0.0,0.0,0.0,702.0,702.0,702.0,702.0,702.0,702.0,702.0,0.0,0.0,0.0,702.0,702.0,702.0,702.0,702.0,702.0,702.0,0.0,0.0,0.0,702.0,702.0,702.0,702.0,702.0,702.0,702.0
Thunderbolt Wind Farm,Thunderbolt Wind Farm,Additional policy-supported project,NSW,0.0,0.0,210.0,210.0,210.0,210.0,210.0,210.0,210.0,210.0,0.0,0.0,210.0,210.0,210.0,210.0,210.0,210.0,210.0,210.0,0.0,0.0,210.0,210.0,210.0,210.0,210.0,210.0,210.0,210.0
Haughton Solar Farm Stage 2,Haughton Solar Farm Stage 2,Anticipated,QLD,0.0,0.0,0.0,300.0,300.0,300.0,300.0,300.0,300.0,300.0,0.0,0.0,0.0,300.0,300.0,300.0,300.0,300.0,300.0,300.0,0.0,0.0,0.0,300.0,300.0,300.0,300.0,300.0,300.0,300.0
Lancaster Solar Farm,Lancaster Solar Farm,Committed,VIC,0.0,80.0,80.0,80.0,80.0,80.0,80.0,80.0,80.0,80.0,0.0,80.0,80.0,80.0,80.0,80.0,80.0,80.0,80.0,80.0,0.0,80.0,80.0,80.0,80.0,80.0,80.0,80.0,80.0,80.0
Bennetts Creek BESS,Bennetts Creek BESS,Committed,VIC,0.0,0.0,100.0,100.0,100.0,100.0,100.0,100.0,100.0,100.0,0.0,0.0,100.0,100.0,100.0,100.0,100.0,100.0,100.0,100.0,0.0,0.0,0.0,100.0,100.0,100.0,100.0,100.0,100.0,100.0
Northern Midlands Solar Farm,Northern Midlands Solar Farm,Anticipated,TAS,0.0,0.0,0.0,310.0,310.0,310.0,310.0,310.0,310.0,310.0,0.0,0.0,0.0,310.0,310.0,310.0,310.0,310.0,310.0,310.0,0.0,0.0,49.2,287.0,287.0,287.0,287.0,287.0,287.0,287.0
Hay Sun Farm,Hay Sun Farm,Anticipated,NSW,100.0,100.0,100.0,100.0,100.0,100.0,100.0,100.0,100.0,100.0,110.0,110.0,110.0,110.0,110.0,110.0,110.0,110.0,110.0,110.0,110.0,110.0,110.0,110.0,110.0,110.0,110.0,110.0,110.0,110.0
MOKOSF1,Mokoan Solar Farm,Existing,VIC,46.0,46.0,46.0,46.0,46.0,46.0,46.0,46.0,46.0,46.0,46.0,46.0,46.0,46.0,46.0,46.0,46.0,46.0,46.0,46.0,43.0,43.0,43.0,43.0,43.0,43.0,43.0,43.0,43.0,43.0
Kiamal BESS,Kiamal BESS,Additional policy-supported project,VIC,0.0,0.0,0.0,220.2,220.2,220.2,220.2,220.2,220.2,220.2,0.0,0.0,0.0,220.2,220.2,220.2,220.2,220.2,220.2,220.2,0.0,0.0,0.0,220.2,220.2,220.2,220.2,220.2,220.2,220.2
Pine Lodge BESS,Pine Lodge BESS,Committed,VIC,0.0,250.0,250.0,250.0,250.0,250.0,250.0,250.0,250.0,250.0,0.0,250.0,250.0,250.0,250.0,250.0,250.0,250.0,250.0,250.0,0.0,250.0,250.0,250.0,250.0,250.0,250.0,250.0,250.0,250.0
Dubbo GT,Dubbo Firming Power Station,Anticipated,NSW,0.0,0.0,0.0,60.0,60.0,60.0,120.0,180.0,180.0,180.0,0.0,0.0,0.0,60.0,60.0,60.0,120.0,180.0,180.0,180.0,0.0,0.0,0.0,60.0,60.0,60.0,120.0,180.0,180.0,180.0
Axedale Solar Farm,Axedale Solar Farm,Anticipated,VIC,0.0,0.0,0.0,140.0,140.0,140.0,140.0,140.0,140.0,140.0,0.0,0.0,0.0,140.0,140.0,140.0,140.0,140.0,140.0,140.0,0.0,0.0,0.0,140.0,140.0,140.0,140.0,140.0,140.0,140.0
Bendemeer Energy Hub Solar Farm,Bendemeer Energy Hub Solar Farm,Additional policy-supported project,NSW,0.0,0.0,0.0,0.0,200.0,200.0,200.0,200.0,200.0,200.0,0.0,0.0,0.0,0.0,200.0,200.0,200.0,200.0,200.0,200.0,0.0,0.0,0.0,0.0,200.0,200.0,200.0,200.0,200.0,200.0
Blind Creek Solar Farm,Blind Creek Solar Farm,Committed,NSW,0.0,0.0,0.0,275.4,275.4,275.4,275.4,275.4,275.4,275.4,0.0,0.0,0.0,299.7,299.7,299.7,299.7,299.7,299.7,299.7,0.0,0.0,0.0,299.7,299.7,299.7,299.7,299.7,299.7,299.7
Bundey Solar Farm,Bundey Solar Farm,Additional policy-supported project,SA,0.0,0.0,475.0,475.0,475.0,475.0,475.0,475.0,475.0,475.0,0.0,0.0,475.0,475.0,475.0,475.0,475.0,475.0,475.0,475.0,0.0,0.0,475.0,475.0,475.0,475.0,475.0,475.0,475.0,475.0
Corop Solar Farm,Corop Solar Farm,Additional policy-supported project,VIC,0.0,0.0,400.0,400.0,400.0,400.0,400.0,400.0,400.0,400.0,0.0,0.0,400.0,400.0,400.0,400.0,400.0,400.0,400.0,400.0,0.0,0.0,400.0,400.0,400.0,400.0,400.0,400.0,400.0,400.0
Dunedoo Solar Farm,Dunedoo Solar Farm,Anticipated,NSW,0.0,0.0,55.0,55.0,55.0,55.0,55.0,55.0,55.0,55.0,0.0,0.0,55.0,55.0,55.0,55.0,55.0,55.0,55.0,55.0,0.0,0.0,55.0,55.0,55.0,55.0,55.0,55.0,55.0,55.0
Fosterville Solar Farm,Fosterville Solar Farm,Anticipated,VIC,0.0,0.0,0.0,80.0,80.0,80.0,80.0,80.0,80.0,80.0,0.0,0.0,0.0,80.0,80.0,80.0,80.0,80.0,80.0,80.0,0.0,0.0,0.0,80.0,80.0,80.0,80.0,80.0,80.0,80.0
Fraser Coast Hybrid Solar Farm,Fraser Coast Hybrid Solar Farm,Anticipated,QLD,0.0,0.0,290.0,290.0,290.0,290.0,290.0,290.0,290.0,290.0,0.0,0.0,290.0,290.0,290.0,290.0,290.0,290.0,290.0,290.0,0.0,0.0,290.0,290.0,290.0,290.0,290.0,290.0,290.0,290.0
GUSF1,Gunsynd Solar Farm,Committed,QLD,94.0,94.0,94.0,94.0,94.0,94.0,94.0,94.0,94.0,94.0,94.0,94.0,94.0,94.0,94.0,94.0,94.0,94.0,94.0,94.0,0.0,94.0,94.0,94.0,94.0,94.0,94.0,94.0,94.0,94.0
Guthries Gap Solar Power Station,Guthries Gap Solar Power Station,Anticipated,QLD,0.0,0.0,0.0,0.0,300.0,300.0,300.0,300.0,300.0,300.0,0.0,0.0,0.0,0.0,300.0,300.0,300.0,300.0,300.0,300.0,0.0,0.0,0.0,0.0,300.0,300.0,300.0,300.0,300.0,300.0
Kerang Solar Plant,Kerang Solar Plant,Existing,VIC,30.0,30.0,30.0,30.0,30.0,30.0,30.0,30.0,30.0,30.0,30.0,30.0,30.0,30.0,30.0,30.0,30.0,30.0,30.0,30.0,30.0,30.0,30.0,30.0,30.0,30.0,30.0,30.0,30.0,30.0
Lower Wonga Solar Farm,Lower Wonga Solar Farm,Anticipated,QLD,0.0,0.0,0.0,281.0,281.0,281.0,281.0,281.0,281.0,281.0,0.0,0.0,0.0,281.0,281.0,281.0,281.0,281.0,281.0,281.0,0.0,0.0,0.0,281.0,281.0,281.0,281.0,281.0,281.0,281.0
Marulan Solar Farm,Marulan Solar Farm,Anticipated,NSW,0.0,0.0,152.0,152.0,152.0,152.0,152.0,152.0,152.0,152.0,0.0,0.0,152.0,152.0,152.0,152.0,152.0,152.0,152.0,152.0,0.0,0.0,0.0,152.0,152.0,152.0,152.0,152.0,152.0,152.0
Merino Solar Farm,Merino Solar Farm,Additional policy-supported project,NSW,0.0,0.0,0.0,0.0,338.0,338.0,338.0,338.0,338.0,338.0,0.0,0.0,0.0,0.0,338.0,338.0,338.0,338.0,338.0,338.0,0.0,0.0,0.0,0.0,338.0,338.0,338.0,338.0,338.0,338.0
Middlebrook Solar Farm,Middlebrook Solar Farm,Anticipated,NSW,0.0,0.0,0.0,0.0,308.9,308.9,308.9,308.9,308.9,308.9,0.0,0.0,0.0,0.0,320.0,320.0,320.0,320.0,320.0,320.0,0.0,0.0,0.0,0.0,0.0,320.0,320.0,320.0,320.0,320.0
Moama Solar Farm,Moama Solar Farm,Anticipated,NSW,0.0,0.0,15.0,15.0,15.0,15.0,15.0,15.0,15.0,15.0,0.0,0.0,15.0,15.0,15.0,15.0,15.0,15.0,15.0,15.0,0.0,0.0,0.0,15.0,15.0,15.0,15.0,15.0,15.0,15.0
Mulwala Solar Farm,Mulwala Solar Farm,Committed,NSW,0.0,25.1,25.1,25.1,25.1,25.1,25.1,25.1,25.1,25.1,0.0,25.1,25.1,25.1,25.1,25.1,25.1,25.1,25.1,25.1,0.0,25.1,25.1,25.1,25.1,25.1,25.1,25.1,25.1,25.1
Nowingi Solar Power Station,Nowingi Solar Power Station,Additional policy-supported project,VIC,0.0,0.0,360.0,360.0,360.0,360.0,360.0,360.0,360.0,360.0,0.0,0.0,360.0,360.0,360.0,360.0,360.0,360.0,360.0,360.0,0.0,0.0,0.0,360.0,360.0,360.0,360.0,360.0,360.0,360.0
Smoky Creek Solar Power Station,Smoky Creek Solar Power Station,Anticipated,QLD,0.0,0.0,0.0,0.0,300.0,300.0,300.0,300.0,300.0,300.0,0.0,0.0,0.0,0.0,300.0,300.0,300.0,300.0,300.0,300.0,0.0,0.0,0.0,0.0,300.0,300.0,300.0,300.0,300.0,300.0
Wandoan South Solar Farm - Stage 2,Wandoan South Solar Farm - Stage 2,Committed,QLD,0.0,0.0,240.0,240.0,240.0,240.0,240.0,240.0,240.0,240.0,0.0,0.0,240.0,240.0,240.0,240.0,240.0,240.0,240.0,240.0,0.0,0.0,0.0,240.0,240.0,240.0,240.0,240.0,240.0,240.0
Winton North Solar Farm,Winton North Solar Farm,Anticipated,VIC,0.0,0.0,100.0,100.0,100.0,100.0,100.0,100.0,100.0,100.0,0.0,0.0,100.0,100.0,100.0,100.0,100.0,100.0,100.0,100.0,0.0,0.0,93.0,93.0,93.0,93.0,93.0,93.0,93.0,93.0
Bell Bay Wind Farm,Bell Bay Wind Farm,Additional policy-supported project,TAS,0.0,0.0,0.0,0.0,227.9,227.9,227.9,227.9,227.9,227.9,0.0,0.0,0.0,0.0,227.9,227.9,227.9,227.9,227.9,227.9,0.0,0.0,0.0,0.0,0.0,227.9,227.9,227.9,227.9,227.9
Carmodys Hill Wind Farm,Carmodys Hill Wind Farm,Committed,SA,0.0,0.0,0.0,0.0,0.0,0.0,0.0,0.0,0.0,0.0,0.0,0.0,0.0,247.0,247.0,247.0,247.0,247.0,247.0,247.0,0.0,0.0,0.0,0.0,247.0,247.0,247.0,247.0,247.0,247.0
Goyder North Wind Farm 2,Goyder North Wind Farm 2,Anticipated,SA,0.0,0.0,0.0,0.0,150.0,300.0,300.0,300.0,300.0,300.0,0.0,0.0,0.0,0.0,150.0,300.0,300.0,300.0,300.0,300.0,0.0,0.0,0.0,0.0,0.0,300.0,300.0,300.0,300.0,300.0
Hexham Wind Farm,Hexham Wind Farm,Additional policy-supported project,VIC,0.0,0.0,0.0,0.0,0.0,720.8,720.8,720.8,720.8,720.8,0.0,0.0,0.0,0.0,0.0,720.8,720.8,720.8,720.8,720.8,0.0,0.0,0.0,0.0,0.0,0.0,720.8,720.8,720.8,720.8
Willogoleche Wind Farm 2,Willogoleche Wind Farm 2,Additional policy-supported project,SA,0.0,0.0,108.0,108.0,108.0,108.0,108.0,108.0,108.0,108.0,0.0,0.0,108.0,108.0,108.0,108.0,108.0,108.0,108.0,108.0,0.0,0.0,108.0,108.0,108.0,108.0,108.0,108.0,108.0,108.0
Armidale East BESS,Armidale East BESS,Additional policy-supported project,NSW,0.0,0.0,449.4,449.4,449.4,449.4,449.4,449.4,449.4,449.4,0.0,0.0,449.4,449.4,449.4,449.4,449.4,449.4,449.4,449.4,0.0,0.0,449.4,449.4,449.4,449.4,449.4,449.4,449.4,449.4
Axedale Solar Farm BESS,Axedale Solar Farm BESS,Anticipated,VIC,0.0,0.0,0.0,50.0,50.0,50.0,50.0,50.0,50.0,50.0,0.0,0.0,0.0,50.0,50.0,50.0,50.0,50.0,50.0,50.0,0.0,0.0,0.0,50.0,50.0,50.0,50.0,50.0,50.0,50.0
Bannaby BESS,Bannaby BESS,Additional policy-supported project,NSW,0.0,0.0,0.0,0.0,700.0,700.0,700.0,700.0,700.0,700.0,0.0,0.0,0.0,0.0,700.0,700.0,700.0,700.0,700.0,700.0,0.0,0.0,0.0,0.0,700.0,700.0,700.0,700.0,700.0,700.0
Baranduda BESS,Baranduda BESS,Anticipated,VIC,0.0,0.0,0.0,400.0,400.0,400.0,400.0,400.0,400.0,400.0,0.0,0.0,0.0,400.0,400.0,400.0,400.0,400.0,400.0,400.0,0.0,0.0,0.0,400.0,400.0,400.0,400.0,400.0,400.0,400.0
Bellambi Heights BESS,Bellambi Heights BESS,Committed,NSW,0.0,0.0,408.0,408.0,408.0,408.0,408.0,408.0,408.0,408.0,0.0,0.0,408.0,408.0,408.0,408.0,408.0,408.0,408.0,408.0,0.0,0.0,204.0,408.0,408.0,408.0,408.0,408.0,408.0,408.0
Bendemeer Energy Hub BESS,Bendemeer Energy Hub BESS,Additional policy-supported project,NSW,0.0,0.0,150.0,150.0,150.0,150.0,150.0,150.0,150.0,150.0,0.0,0.0,150.0,150.0,150.0,150.0,150.0,150.0,150.0,150.0,0.0,0.0,150.0,150.0,150.0,150.0,150.0,150.0,150.0,150.0
Blackstone BESS,Blackstone BESS,Anticipated,QLD,0.0,0.0,0.0,250.0,250.0,250.0,250.0,250.0,250.0,250.0,0.0,0.0,0.0,250.0,250.0,250.0,250.0,250.0,250.0,250.0,0.0,0.0,0.0,0.0,250.0,250.0,250.0,250.0,250.0,250.0
Blackstone BESS 2,Blackstone BESS 2,Anticipated,QLD,0.0,0.0,0.0,250.0,250.0,250.0,250.0,250.0,250.0,250.0,0.0,0.0,0.0,250.0,250.0,250.0,250.0,250.0,250.0,250.0,0.0,0.0,0.0,0.0,250.0,250.0,250.0,250.0,250.0,250.0
Blind Creek Solar Farm BESS,Blind Creek Solar Farm BESS,Committed,NSW,0.0,0.0,0.0,234.9,234.9,234.9,234.9,234.9,234.9,234.9,0.0,0.0,0.0,245.7,245.7,245.7,245.7,245.7,245.7,245.7,0.0,0.0,0.0,245.7,245.7,245.7,245.7,245.7,245.7,245.7
Bowmans Creek BESS,Bowmans Creek BESS,Additional policy-supported project,NSW,0.0,0.0,0.0,0.0,250.0,250.0,250.0,250.0,250.0,250.0,0.0,0.0,0.0,0.0,250.0,250.0,250.0,250.0,250.0,250.0,0.0,0.0,0.0,0.0,250.0,250.0,250.0,250.0,250.0,250.0
Bulabul BESS 1,Bulabul BESS 1,Committed,NSW,0.0,0.0,300.0,300.0,300.0,300.0,300.0,300.0,300.0,300.0,0.0,0.0,300.0,300.0,300.0,300.0,300.0,300.0,300.0,300.0,0.0,0.0,300.0,300.0,300.0,300.0,300.0,300.0,300.0,300.0
Bulabul BESS 2,Bulabul BESS 2,Additional policy-supported project,NSW,0.0,0.0,0.0,200.0,200.0,200.0,200.0,200.0,200.0,200.0,0.0,0.0,0.0,200.0,200.0,200.0,200.0,200.0,200.0,200.0,0.0,0.0,0.0,200.0,200.0,200.0,200.0,200.0,200.0,200.0
Bundey Solar Farm BESS 1,Bundey Solar Farm BESS 1,Additional policy-supported project,SA,0.0,0.0,0.0,0.0,300.0,300.0,300.0,300.0,300.0,300.0,0.0,0.0,0.0,0.0,300.0,300.0,300.0,300.0,300.0,300.0,0.0,0.0,0.0,0.0,300.0,300.0,300.0,300.0,300.0,300.0
Bundey Solar Farm BESS 2,Bundey Solar Farm BESS 2,Additional policy-supported project,SA,0.0,0.0,0.0,0.0,300.0,300.0,300.0,300.0,300.0,300.0,0.0,0.0,0.0,0.0,300.0,300.0,300.0,300.0,300.0,300.0,0.0,0.0,0.0,0.0,300.0,300.0,300.0,300.0,300.0,300.0
Bundey Solar Farm BESS 3,Bundey Solar Farm BESS 3,Additional policy-supported project,SA,0.0,0.0,0.0,0.0,600.0,600.0,600.0,600.0,600.0,600.0,0.0,0.0,0.0,0.0,600.0,600.0,600.0,600.0,600.0,600.0,0.0,0.0,0.0,0.0,600.0,600.0,600.0,600.0,600.0,600.0
Capricorn BESS,Capricorn BESS,Additional policy-supported project,QLD,0.0,0.0,0.0,0.0,372.4,372.4,372.4,372.4,372.4,372.4,0.0,0.0,0.0,0.0,372.4,372.4,372.4,372.4,372.4,372.4,0.0,0.0,0.0,0.0,372.4,372.4,372.4,372.4,372.4,372.4
Carmodys Hill BESS,Carmodys Hill BESS,Anticipated,SA,0.0,0.0,0.0,0.0,118.0,118.0,118.0,118.0,118.0,118.0,0.0,0.0,0.0,0.0,118.0,118.0,118.0,118.0,118.0,118.0,0.0,0.0,0.0,0.0,0.0,118.0,118.0,118.0,118.0,118.0
Corop Solar Farm BESS,Corop Solar Farm BESS,Additional policy-supported project,VIC,0.0,0.0,0.0,400.0,400.0,400.0,400.0,400.0,400.0,400.0,0.0,0.0,0.0,400.0,400.0,400.0,400.0,400.0,400.0,400.0,0.0,0.0,0.0,400.0,400.0,400.0,400.0,400.0,400.0,400.0
Culcairn BESS,Culcairn BESS,Anticipated,NSW,0.0,0.0,200.0,200.0,200.0,200.0,200.0,200.0,200.0,200.0,0.0,0.0,188.0,188.0,188.0,188.0,188.0,188.0,188.0,188.0,0.0,0.0,100.0,200.0,200.0,200.0,200.0,200.0,200.0,200.0
Deer Park BESS,Deer Park BESS,Additional policy-supported project,VIC,0.0,0.0,0.0,275.3,275.3,275.3,275.3,275.3,275.3,275.3,0.0,0.0,0.0,275.3,275.3,275.3,275.3,275.3,275.3,275.3,0.0,0.0,0.0,0.0,275.3,275.3,275.3,275.3,275.3,275.3
Ebor BESS,Ebor BESS,Additional policy-supported project,NSW,0.0,0.0,0.0,100.0,100.0,100.0,100.0,100.0,100.0,100.0,0.0,0.0,0.0,100.0,100.0,100.0,100.0,100.0,100.0,100.0,0.0,0.0,0.0,100.0,100.0,100.0,100.0,100.0,100.0,100.0
Elaine BESS,Elaine BESS,Committed,VIC,0.0,0.0,280.0,280.0,280.0,280.0,280.0,280.0,280.0,280.0,0.0,0.0,311.0,311.0,311.0,311.0,311.0,311.0,311.0,311.0,0.0,0.0,0.0,311.0,311.0,311.0,311.0,311.0,311.0,311.0
Emeroo BESS,Emeroo BESS,Anticipated,SA,0.0,0.0,0.0,225.0,225.0,225.0,225.0,225.0,225.0,225.0,0.0,0.0,0.0,0.0,225.0,225.0,225.0,225.0,225.0,225.0,0.0,0.0,0.0,0.0,225.0,225.0,225.0,225.0,225.0,225.0
Fosterville Solar Farm BESS,Fosterville Solar Farm BESS,Anticipated,VIC,0.0,0.0,0.0,120.0,120.0,120.0,120.0,120.0,120.0,120.0,0.0,0.0,0.0,120.0,120.0,120.0,120.0,120.0,120.0,120.0,0.0,0.0,0.0,120.0,120.0,120.0,120.0,120.0,120.0,120.0
Fraser Coast Hybrid BESS,Fraser Coast Hybrid BESS,Anticipated,QLD,0.0,0.0,290.0,290.0,290.0,290.0,290.0,290.0,290.0,290.0,0.0,0.0,290.0,290.0,290.0,290.0,290.0,290.0,290.0,290.0,0.0,0.0,290.0,290.0,290.0,290.0,290.0,290.0,290.0,290.0
Golden Plains BESS,Golden Plains BESS,Anticipated,VIC,0.0,0.0,150.0,150.0,150.0,150.0,150.0,150.0,150.0,150.0,0.0,0.0,150.0,150.0,150.0,150.0,150.0,150.0,150.0,150.0,0.0,0.0,150.0,150.0,150.0,150.0,150.0,150.0,150.0,150.0
Goulburn River Solar Farm BESS,Goulburn River Solar Farm BESS,Committed,NSW,0.0,0.0,49.8,49.8,49.8,49.8,49.8,49.8,49.8,49.8,0.0,0.0,49.8,49.8,49.8,49.8,49.8,49.8,49.8,49.8,0.0,0.0,49.8,49.8,49.8,49.8,49.8,49.8,49.8,49.8
Goyder BESS,Goyder BESS,Anticipated,SA,0.0,0.0,0.0,200.0,200.0,200.0,200.0,200.0,200.0,200.0,0.0,0.0,0.0,200.0,200.0,200.0,200.0,200.0,200.0,200.0,0.0,0.0,0.0,200.0,200.0,200.0,200.0,200.0,200.0,200.0
Great Western Battery,Great Western Battery,Anticipated,NSW,0.0,0.0,0.0,500.0,500.0,500.0,500.0,500.0,500.0,500.0,0.0,0.0,0.0,500.0,500.0,500.0,500.0,500.0,500.0,500.0,0.0,0.0,0.0,0.0,500.0,500.0,500.0,500.0,500.0,500.0
Guthries Gap Solar Power Station BESS,Guthries Gap Solar Power Station BESS,Anticipated,QLD,0.0,0.0,0.0,0.0,300.0,300.0,300.0,300.0,300.0,300.0,0.0,0.0,0.0,0.0,300.0,300.0,300.0,300.0,300.0,300.0,0.0,0.0,0.0,0.0,300.0,300.0,300.0,300.0,300.0,300.0
Joel Joel BESS,Joel Joel BESS,Anticipated,VIC,0.0,0.0,0.0,212.0,212.0,212.0,212.0,212.0,212.0,212.0,0.0,0.0,0.0,250.0,250.0,250.0,250.0,250.0,250.0,250.0,0.0,0.0,0.0,250.0,250.0,250.0,250.0,250.0,250.0,250.0
Kingswood BESS,Kingswood BESS,Additional policy-supported project,NSW,0.0,0.0,0.0,0.0,0.0,250.0,250.0,250.0,250.0,250.0,0.0,0.0,0.0,0.0,0.0,250.0,250.0,250.0,250.0,250.0,0.0,0.0,0.0,0.0,0.0,250.0,250.0,250.0,250.0,250.0
Koolunga BESS,Koolunga BESS,Additional policy-supported project,SA,0.0,0.0,215.6,215.6,215.6,215.6,215.6,215.6,215.6,215.6,0.0,0.0,215.6,215.6,215.6,215.6,215.6,215.6,215.6,215.6,0.0,0.0,0.0,215.6,215.6,215.6,215.6,215.6,215.6,215.6
Lindley BESS,Lindley BESS,Anticipated,SA,0.0,0.0,100.0,100.0,100.0,100.0,100.0,100.0,100.0,100.0,0.0,0.0,100.0,100.0,100.0,100.0,100.0,100.0,100.0,100.0,0.0,0.0,100.0,100.0,100.0,100.0,100.0,100.0,100.0,100.0
Little River BESS,Little River BESS,Anticipated,VIC,0.0,0.0,0.0,294.0,294.0,294.0,294.0,294.0,294.0,294.0,0.0,0.0,0.0,350.0,350.0,350.0,350.0,350.0,350.0,350.0,0.0,0.0,0.0,100.0,350.0,350.0,350.0,350.0,350.0,350.0
Lower Wonga BESS,Lower Wonga BESS,Anticipated,QLD,0.0,0.0,0.0,281.0,281.0,281.0,281.0,281.0,281.0,281.0,0.0,0.0,0.0,281.0,281.0,281.0,281.0,281.0,281.0,281.0,0.0,0.0,0.0,281.0,281.0,281.0,281.0,281.0,281.0,281.0
Marulan BESS,Marulan BESS,Anticipated,NSW,0.0,0.0,81.0,81.0,81.0,81.0,81.0,81.0,81.0,81.0,0.0,0.0,81.0,81.0,81.0,81.0,81.0,81.0,81.0,81.0,0.0,0.0,0.0,81.0,81.0,81.0,81.0,81.0,81.0,81.0
Merino Solar Farm BESS,Merino Solar Farm BESS,Additional policy-supported project,NSW,0.0,0.0,0.0,0.0,309.1,309.1,309.1,309.1,309.1,309.1,0.0,0.0,0.0,0.0,309.1,309.1,309.1,309.1,309.1,309.1,0.0,0.0,0.0,0.0,309.1,309.1,309.1,309.1,309.1,309.1
Middlebrook Solar Farm BESS,Middlebrook Solar Farm BESS,Anticipated,NSW,0.0,0.0,0.0,0.0,307.4,307.4,307.4,307.4,307.4,307.4,0.0,0.0,0.0,0.0,320.0,320.0,320.0,320.0,320.0,320.0,0.0,0.0,0.0,0.0,0.0,320.0,320.0,320.0,320.0,320.0
Mt Piper BESS,Mt Piper BESS,Anticipated,NSW,0.0,0.0,0.0,250.0,250.0,250.0,250.0,250.0,250.0,250.0,0.0,0.0,0.0,250.0,250.0,250.0,250.0,250.0,250.0,250.0,0.0,0.0,0.0,0.0,250.0,250.0,250.0,250.0,250.0,250.0
Noblevale BESS,Noblevale BESS,Anticipated,QLD,0.0,0.0,0.0,196.0,196.0,196.0,196.0,196.0,196.0,196.0,0.0,0.0,0.0,200.0,200.0,200.0,200.0,200.0,200.0,200.0,0.0,0.0,0.0,0.0,200.0,200.0,200.0,200.0,200.0,200.0
Nowingi Solar Power Station BESS,Nowingi Solar Power Station BESS,Additional policy-supported project,VIC,0.0,0.0,300.0,300.0,300.0,300.0,300.0,300.0,300.0,300.0,0.0,0.0,300.0,300.0,300.0,300.0,300.0,300.0,300.0,300.0,0.0,0.0,0.0,300.0,300.0,300.0,300.0,300.0,300.0,300.0
Pelican Point BESS,Pelican Point BESS,Committed,SA,0.0,0.0,200.0,200.0,200.0,200.0,200.0,200.0,200.0,200.0,0.0,0.0,200.0,200.0,200.0,200.0,200.0,200.0,200.0,200.0,0.0,0.0,0.0,200.0,200.0,200.0,200.0,200.0,200.0,200.0
Punchs Creek Solar Farm BESS,Punchs Creek Solar Farm BESS,Additional policy-supported project,QLD,0.0,0.0,0.0,200.0,200.0,200.0,200.0,200.0,200.0,200.0,0.0,0.0,0.0,200.0,200.0,200.0,200.0,200.0,200.0,200.0,0.0,0.0,0.0,200.0,200.0,200.0,200.0,200.0,200.0,200.0
Reeves Plains Power Station BESS,Reeves Plains Power Station BESS,Anticipated,SA,0.0,0.0,0.0,250.0,250.0,250.0,250.0,250.0,250.0,250.0,0.0,0.0,0.0,250.0,250.0,250.0,250.0,250.0,250.0,250.0,0.0,0.0,0.0,250.0,250.0,250.0,250.0,250.0,250.0,250.0
Smoky Creek Solar Power Station BESS,Smoky Creek Solar Power Station BESS,Anticipated,QLD,0.0,0.0,0.0,0.0,300.0,300.0,300.0,300.0,300.0,300.0,0.0,0.0,0.0,0.0,300.0,300.0,300.0,300.0,300.0,300.0,0.0,0.0,0.0,0.0,300.0,300.0,300.0,300.0,300.0,300.0
Summerfield BESS 1,Summerfield BESS 1,Committed,SA,0.0,114.5,114.5,114.5,114.5,114.5,114.5,114.5,114.5,114.5,0.0,120.0,120.0,120.0,120.0,120.0,120.0,120.0,120.0,120.0,0.0,0.0,120.0,120.0,120.0,120.0,120.0,120.0,120.0,120.0
Summerfield BESS 2,Summerfield BESS 2,Committed,SA,0.0,114.5,114.5,114.5,114.5,114.5,114.5,114.5,114.5,114.5,0.0,120.0,120.0,120.0,120.0,120.0,120.0,120.0,120.0,120.0,0.0,0.0,120.0,120.0,120.0,120.0,120.0,120.0,120.0,120.0
Supernode BESS 3,Supernode BESS 3,Anticipated,QLD,0.0,0.0,0.0,260.0,260.0,260.0,260.0,260.0,260.0,260.0,0.0,0.0,0.0,260.0,260.0,260.0,260.0,260.0,260.0,260.0,0.0,0.0,0.0,260.0,260.0,260.0,260.0,260.0,260.0,260.0
Swallow Tail BESS,Swallow Tail BESS,Additional policy-supported project,NSW,0.0,0.0,0.0,375.0,375.0,375.0,375.0,375.0,375.0,375.0,0.0,0.0,0.0,375.0,375.0,375.0,375.0,375.0,375.0,375.0,0.0,0.0,0.0,375.0,375.0,375.0,375.0,375.0,375.0,375.0
Tailem Bend BESS - Stage 3,Tailem Bend BESS - Stage 3,Committed,SA,0.0,0.0,200.0,200.0,200.0,200.0,200.0,200.0,200.0,200.0,0.0,0.0,204.0,204.0,204.0,204.0,204.0,204.0,204.0,204.0,0.0,0.0,204.0,204.0,204.0,204.0,204.0,204.0,204.0,204.0
Teebar Creek BESS,Teebar Creek BESS,Anticipated,QLD,0.0,0.0,0.0,400.0,400.0,400.0,400.0,400.0,400.0,400.0,0.0,0.0,0.0,400.0,400.0,400.0,400.0,400.0,400.0,400.0,0.0,0.0,0.0,200.0,400.0,400.0,400.0,400.0,400.0,400.0
Tomago BESS,Tomago BESS,Anticipated,NSW,0.0,0.0,500.0,500.0,500.0,500.0,500.0,500.0,500.0,500.0,0.0,0.0,500.0,500.0,500.0,500.0,500.0,500.0,500.0,500.0,0.0,0.0,0.0,500.0,500.0,500.0,500.0,500.0,500.0,500.0
Wagga North BESS,Wagga North BESS,Anticipated,NSW,0.0,0.0,0.0,97.6,97.6,97.6,97.6,97.6,97.6,97.6,0.0,0.0,0.0,105.0,105.0,105.0,105.0,105.0,105.0,105.0,0.0,0.0,0.0,0.0,105.0,105.0,105.0,105.0,105.0,105.0
WDBESS2,Western Downs Battery,Committed,QLD,255.0,255.0,255.0,255.0,255.0,255.0,255.0,255.0,255.0,255.0,255.0,255.0,255.0,255.0,255.0,255.0,255.0,255.0,255.0,255.0,0.0,255.0,255.0,255.0,255.0,255.0,255.0,255.0,255.0,255.0
Williamsdale BESS,Williamsdale BESS,Committed,NSW,0.0,250.0,250.0,250.0,250.0,250.0,250.0,250.0,250.0,250.0,0.0,250.0,250.0,250.0,250.0,250.0,250.0,250.0,250.0,250.0,0.0,0.0,250.0,250.0,250.0,250.0,250.0,250.0,250.0,250.0
Yabulu BESS,Yabulu BESS,Anticipated,QLD,0.0,0.0,200.0,200.0,200.0,200.0,200.0,200.0,200.0,200.0,0.0,0.0,200.0,200.0,200.0,200.0,200.0,200.0,200.0,200.0,0.0,0.0,0.0,200.0,200.0,200.0,200.0,200.0,200.0,200.0
Yanco BESS,Yanco BESS,Anticipated,NSW,0.0,0.0,212.0,212.0,212.0,212.0,212.0,212.0,212.0,212.0,0.0,0.0,250.0,250.0,250.0,250.0,250.0,250.0,250.0,250.0,0.0,0.0,0.0,250.0,250.0,250.0,250.0,250.0,250.0,250.0
Mugga Lane Renewable Hybrid,Mugga Lane Renewable Hybrid,Committed,NSW,36.0,36.0,36.0,36.0,36.0,36.0,36.0,36.0,36.0,36.0,36.0,36.0,36.0,36.0,36.0,36.0,36.0,36.0,36.0,36.0,0.0,36.0,36.0,36.0,36.0,36.0,36.0,36.0,36.0,36.0
