Reference Year (FYE),Jul,Aug,Sep,Oct,Nov,Dec,Jan,Feb,Mar,Apr,May,Jun,Annual Total
2011,865.691284971433,527.6107060390325,566.5133629355729,663.1502901998704,347.26903560929054,485.621665091721,380.4838529242049,375.39918807833027,113.09736349404388,371.66236563623073,498.0600172591789,861.1938523595444,6055.752984598453
2012,682.0510516250073,421.48047324820726,446.64437666695346,504.71289871639306,244.14620287568272,340.1258741576433,300.05296764955375,294.2976636439498,88.48540065359671,290.87073798399234,391.5819596520126,677.1747321437546,4681.624339016747
2013,549.7986580631289,331.75232177460265,348.09470000849734,386.67473670181255,181.59822455804596,270.4207882648987,241.48245007097077,239.2594334094484,72.18480989404829,237.16391190404207,316.79079483526687,547.7091056377659,3722.9299351225277
