Technology,Unit nominal capacity (MW),No load heat input (GJ/h),Marginal heat rate (GJ/MWh)
OCGT (small GT),33.7,141.64263959390857,6.4456852791878205
OCGT (large GT),244.3,1358.8415571284124,5.369059656218404
CCGT,380.0,399.40056980057074,6.198176638176635
CCGT with CCS,351.5,319.5415442976012,8.130567792462067
Biomass,30.0,39.63322545846815,16.213951815893562
Reciprocating engine,211.2,0.0,8.878787878787877
