Technology,Heat rate (GJ/MWh)
OCGT (small GT),10.648730964467
OCGT (large GT),10.9312436804853
CCGT,7.24923076923076
CCGT with CCS,9.03964757709251
Biomass,17.5350593311758
