Unnamed: 1,Jul,Aug,Sep,Oct,Nov,Dec,Jan,Feb,Mar,Apr,May,Jun,Annual Total
Kuranda Weir,14.3196603843155,12.9075370994408,8.82707245287227,7.48336861651686,5.20354830950938,18.928213023965,68.2829265375601,78.7719843111709,110.114986782581,43.3021019463813,20.1034164095198,15.2883720241388,403.533187897972
Koombooloomba Dam,36.3053367569582,73.6406121453195,63.5405687922055,51.2394469123027,36.380090367302,45.0598151238843,15.7065641288968,21.8110134067221,22.9161345487183,16.9441516779215,22.6586498908675,40.3669495856364,446.569333336735
Hume,30.2266326625641,33.723343852071,33.7313436215385,31.2466643148718,21.0069120972781,18.0081194225641,13.9134969923254,15.5104767102618,16.0326062020513,11.1193469405128,15.2299412225641,21.8132542153846,261.562138253988
Dartmouth,55.6327639822041,65.4323433831336,66.3045383277546,56.3779672387248,32.6492873900585,26.3539080937885,16.0167560345034,15.8831938552492,17.6939768093481,11.5733238069138,22.314644493571,34.4065191676054,420.639222582855
Eildon,42.7075736981998,55.574183202304,40.1303768025814,27.5012229346696,12.1187366310665,11.7573021622654,3.65845177525788,2.82180165758478,4.09231256131834,4.30941462050205,11.1418930246335,25.962969547074,241.776238617457
