Fuel Type,Full outage (% of time),Mean time to repair (hrs)
All Coal Average,0.9149966557952374,6331.412480539746
OCGT,0.7334268081372045,4871.595870833334
Hydro,0.16917031056361892,4065.489834259468
Other Gas and Liquid,0.5395175367665699,6631.8533055555135
