Fuel type,Forced Outage Rate (%)_Full outage (% of time),Forced Outage Rate (%)_Partial outage (% of time),Mean time to repair (hrs)_Full outage,Mean time to repair (hrs)_Partial outage,Partial Outage Derating Factor (%)
Brown Coal,7.394333521156223,15.450958206363111,91.70571931710785,36.552401018569704,17.387299976393226
Black Coal NSW,5.218506215106148,27.078729232732123,135.7507213165679,28.021075165747195,17.67413625458521
Black Coal QLD,5.366245494924397,13.700173714462288,159.9482268323043,44.27271111972709,24.028427854299114
All Coal,5.772964378940599,19.295697538966753,134.90345499492258,36.192731725646084,20.038426196461156
OCGT,8.247397122297434,2.3151126258972923,56.621954335080666,130.2606564173259,9.857963891702664
Small peaking plants,8.651093611130147,0.3508227004903958,201.17336530415372,323.4322193287035,28.290934743074043
Hydro,4.561271638476591,1.0594473843063257,50.56239128255985,435.800090488215,13.29913402057327
CCGT + Steam Turbine,6.705420685413227,1.2548132761711965,54.135793141883035,38.101179648133886,13.24540139322861
Batteries,1.8499999999999999,,140.7564285714285,,
