Unnamed: 1,New South Wales,Queensland,South Australia,Tasmania,Victoria
"Value of customer reliability ($/MWh, real 2024)",50359.39932632952,49271.387612489074,47860.55923630036,51686.534493761275,38451.05133748237
